Analysis & Synthesis report for VTG9000
Sat Sep  5 15:18:27 2026
Quartus Prime Version 17.0.2 Build 602 07/19/2017 SJ Lite Edition


---------------------
; Table of Contents ;
---------------------
  1. Legal Notice
  2. Analysis & Synthesis Summary
  3. Analysis & Synthesis Settings
  4. Parallel Compilation
  5. Analysis & Synthesis Source Files Read
  6. Analysis & Synthesis Resource Usage Summary
  7. Analysis & Synthesis Resource Utilization by Entity
  8. Analysis & Synthesis RAM Summary
  9. Analysis & Synthesis DSP Block Usage Summary
 10. Analysis & Synthesis IP Cores Summary
 11. State Machine - |sys_top|pll_cfg_hdmi:pll_cfg_hdmi|current_state
 12. State Machine - |sys_top|pll_cfg_hdmi:pll_cfg_hdmi|operation_address
 13. State Machine - |sys_top|pll_cfg_hdmi:pll_cfg_hdmi|dprio_cur_state
 14. State Machine - |sys_top|pll_cfg_hdmi:pll_cfg_hdmi|dyn_phase_shift:dyn_phase_shift_inst|dps_current_state
 15. State Machine - |sys_top|pll_hdmi:pll_hdmi|pll_hdmi_0002:pll_hdmi_inst|altera_pll:altera_pll_i|dps_extra_kick:dps_extra_inst|dps_current_state
 16. State Machine - |sys_top|ascal:ascal|o_state
 17. State Machine - |sys_top|emu:emu|vtg_controls:controls|vertical_d
 18. State Machine - |sys_top|emu:emu|vtg_controls:controls|horizontal_d
 19. State Machine - |sys_top|ascal:ascal|avl_state
 20. State Machine - |sys_top|mcp23009:mcp23009|state
 21. State Machine - |sys_top|ascal:ascal|o_copy
 22. State Machine - |sys_top|alsa:alsa|state
 23. State Machine - |sys_top|pll_hdmi_adj:pll_hdmi_adj|state
 24. Registers Protected by Synthesis
 25. Registers Removed During Synthesis
 26. Removed Registers Triggering Further Register Optimizations
 27. General Register Statistics
 28. Inverted Register Statistics
 29. Gated Clock Conversion Details
 30. Registers Packed Into Inferred Megafunctions
 31. Multiplexer Restructuring Statistics (Restructuring Performed)
 32. Source assignments for sysmem_lite:sysmem
 33. Source assignments for ascal:ascal|altsyncram:i_mem[0].r[7]__1|altsyncram_89q1:auto_generated
 34. Source assignments for ascal:ascal|altsyncram:o_line0[0].r[7]__2|altsyncram_ccn1:auto_generated
 35. Source assignments for ascal:ascal|altsyncram:o_line1[0].r[7]__3|altsyncram_ccn1:auto_generated
 36. Source assignments for ascal:ascal|altsyncram:o_line2[0].r[7]__4|altsyncram_ccn1:auto_generated
 37. Source assignments for ascal:ascal|altsyncram:o_line3[0].r[7]__5|altsyncram_ccn1:auto_generated
 38. Source assignments for ascal:ascal|altsyncram:o_linf0[0].r[7]__6|altsyncram_m6n1:auto_generated
 39. Source assignments for ascal:ascal|altsyncram:o_linf1[0].r[7]__7|altsyncram_m6n1:auto_generated
 40. Source assignments for ascal:ascal|altsyncram:o_linf2[0].r[7]__8|altsyncram_m6n1:auto_generated
 41. Source assignments for ascal:ascal|altsyncram:o_linf3[0].r[7]__9|altsyncram_m6n1:auto_generated
 42. Source assignments for pll_hdmi:pll_hdmi|pll_hdmi_0002:pll_hdmi_inst|altera_pll:altera_pll_i
 43. Source assignments for pll_hdmi:pll_hdmi|pll_hdmi_0002:pll_hdmi_inst|altera_pll:altera_pll_i|altera_pll_dps_lcell_comb:lcell_cntsel_int_0
 44. Source assignments for pll_hdmi:pll_hdmi|pll_hdmi_0002:pll_hdmi_inst|altera_pll:altera_pll_i|altera_pll_dps_lcell_comb:lcell_cntsel_int_1
 45. Source assignments for pll_hdmi:pll_hdmi|pll_hdmi_0002:pll_hdmi_inst|altera_pll:altera_pll_i|altera_pll_dps_lcell_comb:lcell_cntsel_int_2
 46. Source assignments for pll_hdmi:pll_hdmi|pll_hdmi_0002:pll_hdmi_inst|altera_pll:altera_pll_i|altera_pll_dps_lcell_comb:lcell_cntsel_int_3
 47. Source assignments for pll_hdmi:pll_hdmi|pll_hdmi_0002:pll_hdmi_inst|altera_pll:altera_pll_i|altera_pll_dps_lcell_comb:lcell_cntsel_int_4
 48. Source assignments for pll_cfg_hdmi:pll_cfg_hdmi
 49. Source assignments for pll_cfg_hdmi:pll_cfg_hdmi|altera_std_synchronizer:altera_std_synchronizer_inst
 50. Source assignments for pll_cfg_hdmi:pll_cfg_hdmi|dyn_phase_shift:dyn_phase_shift_inst
 51. Source assignments for pll_cfg_hdmi:pll_cfg_hdmi|fpll_dprio_init:fpll_dprio_init_inst
 52. Source assignments for osd:hdmi_osd
 53. Source assignments for altddio_out:hdmiclk_ddr
 54. Source assignments for altddio_out:hdmiclk_ddr|ddio_out_b2j:auto_generated
 55. Source assignments for altddio_out:vgaclk_ddr
 56. Source assignments for altddio_out:vgaclk_ddr|ddio_out_1oj:auto_generated
 57. Source assignments for osd:vga_osd
 58. Source assignments for osd:vga_osd|altsyncram:osd_buffer_rtl_0|altsyncram_0nl1:auto_generated
 59. Source assignments for osd:hdmi_osd|altsyncram:osd_buffer_rtl_0|altsyncram_i6k1:auto_generated
 60. Source assignments for shadowmask:HDMI_shadowmask|altsyncram:mask_lut_rtl_0|altsyncram_k9j1:auto_generated
 61. Source assignments for ascal:ascal|altsyncram:o_dpram_rtl_0|altsyncram_32k1:auto_generated
 62. Source assignments for yc_out:yc_out|altshift_taps:luma_d0_rtl_0|shift_taps_gtu:auto_generated|altsyncram_ro91:altsyncram5
 63. Source assignments for shadowmask:HDMI_shadowmask|altshift_taps:vid_rtl_0|shift_taps_0vu:auto_generated|altsyncram_pr91:altsyncram4
 64. Source assignments for altshift_taps:dv_d1_rtl_0|shift_taps_ruu:auto_generated|altsyncram_fr91:altsyncram4
 65. Source assignments for ascal:ascal|altsyncram:i_dpram_rtl_0|altsyncram_g9j1:auto_generated
 66. Source assignments for ascal:ascal|altsyncram:o_v_poly_mem_rtl_0|altsyncram_o9j1:auto_generated
 67. Source assignments for ascal:ascal|altsyncram:o_h_poly_mem_rtl_0|altsyncram_o9j1:auto_generated
 68. Source assignments for ascal:ascal|altsyncram:o_a_poly_mem_rtl_0|altsyncram_o9j1:auto_generated
 69. Source assignments for ascal:ascal|altsyncram:pal1_mem_rtl_0|altsyncram_2aj1:auto_generated
 70. Source assignments for vga_out:vga_scaler_out|altshift_taps:din1_rtl_0|shift_taps_quu:auto_generated|altsyncram_dr91:altsyncram4
 71. Source assignments for ascal:ascal|altshift_taps:o_vpix_inner[2].r_rtl_0|shift_taps_agv:auto_generated|altsyncram_jr91:altsyncram4
 72. Parameter Settings for User Entity Instance: mcp23009:mcp23009|i2c:i2c
 73. Parameter Settings for User Entity Instance: sysmem_lite:sysmem|f2sdram_safe_terminator:f2sdram_safe_terminator_ram1
 74. Parameter Settings for User Entity Instance: sysmem_lite:sysmem|f2sdram_safe_terminator:f2sdram_safe_terminator_ram2
 75. Parameter Settings for User Entity Instance: sysmem_lite:sysmem|f2sdram_safe_terminator:f2sdram_safe_terminator_vbuf
 76. Parameter Settings for User Entity Instance: ascal:ascal
 77. Parameter Settings for User Entity Instance: ascal:ascal|altsyncram:i_mem[0].r[7]__1
 78. Parameter Settings for User Entity Instance: ascal:ascal|altsyncram:o_line0[0].r[7]__2
 79. Parameter Settings for User Entity Instance: ascal:ascal|altsyncram:o_line1[0].r[7]__3
 80. Parameter Settings for User Entity Instance: ascal:ascal|altsyncram:o_line2[0].r[7]__4
 81. Parameter Settings for User Entity Instance: ascal:ascal|altsyncram:o_line3[0].r[7]__5
 82. Parameter Settings for User Entity Instance: ascal:ascal|altsyncram:o_linf0[0].r[7]__6
 83. Parameter Settings for User Entity Instance: ascal:ascal|altsyncram:o_linf1[0].r[7]__7
 84. Parameter Settings for User Entity Instance: ascal:ascal|altsyncram:o_linf2[0].r[7]__8
 85. Parameter Settings for User Entity Instance: ascal:ascal|altsyncram:o_linf3[0].r[7]__9
 86. Parameter Settings for User Entity Instance: sys_umuldiv:ar_muldiv
 87. Parameter Settings for User Entity Instance: sys_umuldiv:ar_muldiv|sys_umul:umul
 88. Parameter Settings for User Entity Instance: sys_umuldiv:ar_muldiv|sys_udiv:udiv
 89. Parameter Settings for User Entity Instance: pll_hdmi:pll_hdmi|pll_hdmi_0002:pll_hdmi_inst|altera_pll:altera_pll_i
 90. Parameter Settings for User Entity Instance: pll_cfg_hdmi:pll_cfg_hdmi
 91. Parameter Settings for User Entity Instance: pll_cfg_hdmi:pll_cfg_hdmi|altera_std_synchronizer:altera_std_synchronizer_inst
 92. Parameter Settings for User Entity Instance: pll_cfg_hdmi:pll_cfg_hdmi|dyn_phase_shift:dyn_phase_shift_inst
 93. Parameter Settings for User Entity Instance: pll_cfg_hdmi:pll_cfg_hdmi|dyn_phase_shift:dyn_phase_shift_inst|generic_lcell_comb:lcell_cnt_sel_0
 94. Parameter Settings for User Entity Instance: pll_cfg_hdmi:pll_cfg_hdmi|dyn_phase_shift:dyn_phase_shift_inst|generic_lcell_comb:lcell_cnt_sel_1
 95. Parameter Settings for User Entity Instance: pll_cfg_hdmi:pll_cfg_hdmi|dyn_phase_shift:dyn_phase_shift_inst|generic_lcell_comb:lcell_cnt_sel_2
 96. Parameter Settings for User Entity Instance: pll_cfg_hdmi:pll_cfg_hdmi|dyn_phase_shift:dyn_phase_shift_inst|generic_lcell_comb:lcell_cnt_sel_3
 97. Parameter Settings for User Entity Instance: pll_cfg_hdmi:pll_cfg_hdmi|dyn_phase_shift:dyn_phase_shift_inst|generic_lcell_comb:lcell_cnt_sel_4
 98. Parameter Settings for User Entity Instance: pll_cfg_hdmi:pll_cfg_hdmi|generic_lcell_comb:lcell_fpll_0_1
 99. Parameter Settings for User Entity Instance: pll_cfg_hdmi:pll_cfg_hdmi|generic_lcell_comb:lcell_dprio_read
100. Parameter Settings for User Entity Instance: osd:hdmi_osd
101. Parameter Settings for User Entity Instance: altddio_out:hdmiclk_ddr
102. Parameter Settings for User Entity Instance: altddio_out:vgaclk_ddr
103. Parameter Settings for User Entity Instance: scanlines:VGA_scanlines
104. Parameter Settings for User Entity Instance: osd:vga_osd
105. Parameter Settings for User Entity Instance: pll_audio:pll_audio|pll_audio_0002:pll_audio_inst|altera_pll:altera_pll_i
106. Parameter Settings for User Entity Instance: audio_out:audio_out
107. Parameter Settings for User Entity Instance: audio_out:audio_out|i2s:i2s
108. Parameter Settings for User Entity Instance: audio_out:audio_out|sigma_delta_dac:sd_l
109. Parameter Settings for User Entity Instance: audio_out:audio_out|sigma_delta_dac:sd_r
110. Parameter Settings for User Entity Instance: audio_out:audio_out|IIR_filter:IIR_filter
111. Parameter Settings for User Entity Instance: alsa:alsa
112. Parameter Settings for User Entity Instance: emu:emu|hps_io:hps_io
113. Parameter Settings for User Entity Instance: emu:emu|pll:pll|pll_0002:pll_inst|altera_pll:altera_pll_i
114. Parameter Settings for User Entity Instance: emu:emu|vtg_controls:controls
115. Parameter Settings for User Entity Instance: emu:emu|vtg9000_core:core|vtg_raster:raster
116. Parameter Settings for Inferred Entity Instance: osd:vga_osd|altsyncram:osd_buffer_rtl_0
117. Parameter Settings for Inferred Entity Instance: osd:hdmi_osd|altsyncram:osd_buffer_rtl_0
118. Parameter Settings for Inferred Entity Instance: shadowmask:HDMI_shadowmask|altsyncram:mask_lut_rtl_0
119. Parameter Settings for Inferred Entity Instance: ascal:ascal|altsyncram:o_dpram_rtl_0
120. Parameter Settings for Inferred Entity Instance: yc_out:yc_out|altshift_taps:luma_d0_rtl_0
121. Parameter Settings for Inferred Entity Instance: shadowmask:HDMI_shadowmask|altshift_taps:vid_rtl_0
122. Parameter Settings for Inferred Entity Instance: altshift_taps:dv_d1_rtl_0
123. Parameter Settings for Inferred Entity Instance: ascal:ascal|altsyncram:i_dpram_rtl_0
124. Parameter Settings for Inferred Entity Instance: ascal:ascal|altsyncram:o_v_poly_mem_rtl_0
125. Parameter Settings for Inferred Entity Instance: ascal:ascal|altsyncram:o_h_poly_mem_rtl_0
126. Parameter Settings for Inferred Entity Instance: ascal:ascal|altsyncram:o_a_poly_mem_rtl_0
127. Parameter Settings for Inferred Entity Instance: ascal:ascal|altsyncram:pal1_mem_rtl_0
128. Parameter Settings for Inferred Entity Instance: vga_out:vga_scaler_out|altshift_taps:din1_rtl_0
129. Parameter Settings for Inferred Entity Instance: ascal:ascal|altshift_taps:o_vpix_inner[2].r_rtl_0
130. Parameter Settings for Inferred Entity Instance: emu:emu|vtg9000_core:core|vtg_patterns:patterns|lpm_divide:Div0
131. Parameter Settings for Inferred Entity Instance: emu:emu|vtg9000_core:core|vtg_patterns:patterns|lpm_divide:Mod0
132. Parameter Settings for Inferred Entity Instance: emu:emu|vtg9000_core:core|vtg_patterns:patterns|lpm_divide:Mod1
133. altsyncram Parameter Settings by Entity Instance
134. altshift_taps Parameter Settings by Entity Instance
135. Port Connectivity Checks: "emu:emu|vtg9000_core:core"
136. Port Connectivity Checks: "emu:emu|pll:pll"
137. Port Connectivity Checks: "emu:emu|hps_io:hps_io"
138. Port Connectivity Checks: "emu:emu"
139. Port Connectivity Checks: "audio_out:audio_out|IIR_filter:IIR_filter|iir_filter_tap:iir_tap_2"
140. Port Connectivity Checks: "audio_out:audio_out|spdif:toslink"
141. Port Connectivity Checks: "pll_audio:pll_audio"
142. Port Connectivity Checks: "osd:hdmi_osd"
143. Port Connectivity Checks: "pll_cfg_hdmi:pll_cfg_hdmi|generic_lcell_comb:lcell_dprio_read"
144. Port Connectivity Checks: "pll_cfg_hdmi:pll_cfg_hdmi|generic_lcell_comb:lcell_fpll_0_1"
145. Port Connectivity Checks: "pll_cfg_hdmi:pll_cfg_hdmi|dprio_mux:dprio_mux_inst"
146. Port Connectivity Checks: "sys_umuldiv:ar_muldiv"
147. Port Connectivity Checks: "ascal:ascal"
148. Port Connectivity Checks: "ddr_svc:ddr_svc"
149. Port Connectivity Checks: "sysmem_lite:sysmem"
150. Port Connectivity Checks: "mcp23009:mcp23009|i2c:i2c"
151. Post-Synthesis Netlist Statistics for Top Partition
152. Elapsed Time Per Partition
153. Analysis & Synthesis Messages
154. Analysis & Synthesis Suppressed Messages



----------------
; Legal Notice ;
----------------
Copyright (C) 2017  Intel Corporation. All rights reserved.
Your use of Intel Corporation's design tools, logic functions 
and other software and tools, and its AMPP partner logic 
functions, and any output files from any of the foregoing 
(including device programming or simulation files), and any 
associated documentation or information are expressly subject 
to the terms and conditions of the Intel Program License 
Subscription Agreement, the Intel Quartus Prime License Agreement,
the Intel MegaCore Function License Agreement, or other 
applicable license agreement, including, without limitation, 
that your use is for the sole purpose of programming logic 
devices manufactured by Intel and sold by Intel or its 
authorized distributors.  Please refer to the applicable 
agreement for further details.



+-------------------------------------------------------------------------------+
; Analysis & Synthesis Summary                                                  ;
+---------------------------------+---------------------------------------------+
; Analysis & Synthesis Status     ; Successful - Sat Sep  5 15:18:26 2026       ;
; Quartus Prime Version           ; 17.0.2 Build 602 07/19/2017 SJ Lite Edition ;
; Revision Name                   ; VTG9000                                     ;
; Top-level Entity Name           ; sys_top                                     ;
; Family                          ; Cyclone V                                   ;
; Logic utilization (in ALMs)     ; N/A                                         ;
; Total registers                 ; 12026                                       ;
; Total pins                      ; 145                                         ;
; Total virtual pins              ; 0                                           ;
; Total block memory bits         ; 384,447                                     ;
; Total DSP Blocks                ; 56                                          ;
; Total HSSI RX PCSs              ; 0                                           ;
; Total HSSI PMA RX Deserializers ; 0                                           ;
; Total HSSI TX PCSs              ; 0                                           ;
; Total HSSI PMA TX Serializers   ; 0                                           ;
; Total PLLs                      ; 3                                           ;
; Total DLLs                      ; 0                                           ;
+---------------------------------+---------------------------------------------+


+---------------------------------------------------------------------------------------------------------------------------+
; Analysis & Synthesis Settings                                                                                             ;
+---------------------------------------------------------------------------------+--------------------+--------------------+
; Option                                                                          ; Setting            ; Default Value      ;
+---------------------------------------------------------------------------------+--------------------+--------------------+
; Device                                                                          ; 5CSEBA6U23I7       ;                    ;
; Top-level entity name                                                           ; sys_top            ; VTG9000            ;
; Family name                                                                     ; Cyclone V          ; Cyclone V          ;
; Use smart compilation                                                           ; On                 ; Off                ;
; Maximum processors allowed for parallel compilation                             ; All                ;                    ;
; Restructure Multiplexers                                                        ; On                 ; Auto               ;
; Preserve fewer node names                                                       ; Off                ; On                 ;
; Remove Redundant Logic Cells                                                    ; On                 ; Off                ;
; Optimization Technique                                                          ; Speed              ; Balanced           ;
; Perform WYSIWYG Primitive Resynthesis                                           ; On                 ; Off                ;
; Auto Gated Clock Conversion                                                     ; On                 ; Off                ;
; Pre-Mapping Resynthesis Optimization                                            ; On                 ; Off                ;
; Enable parallel Assembler and TimeQuest Timing Analyzer during compilation      ; On                 ; On                 ;
; Enable compact report table                                                     ; Off                ; Off                ;
; MLAB Add Timing Constraints For Mixed-Port Feed-Through Mode Setting Don't Care ; Off                ; Off                ;
; Create Debugging Nodes for IP Cores                                             ; Off                ; Off                ;
; OpenCore Plus hardware evaluation                                               ; Enable             ; Enable             ;
; Verilog Version                                                                 ; Verilog_2001       ; Verilog_2001       ;
; VHDL Version                                                                    ; VHDL_1993          ; VHDL_1993          ;
; State Machine Processing                                                        ; Auto               ; Auto               ;
; Safe State Machine                                                              ; Off                ; Off                ;
; Extract Verilog State Machines                                                  ; On                 ; On                 ;
; Extract VHDL State Machines                                                     ; On                 ; On                 ;
; Ignore Verilog initial constructs                                               ; Off                ; Off                ;
; Iteration limit for constant Verilog loops                                      ; 5000               ; 5000               ;
; Iteration limit for non-constant Verilog loops                                  ; 250                ; 250                ;
; Add Pass-Through Logic to Inferred RAMs                                         ; On                 ; On                 ;
; Infer RAMs from Raw Logic                                                       ; On                 ; On                 ;
; Parallel Synthesis                                                              ; On                 ; On                 ;
; DSP Block Balancing                                                             ; Auto               ; Auto               ;
; NOT Gate Push-Back                                                              ; On                 ; On                 ;
; Power-Up Don't Care                                                             ; On                 ; On                 ;
; Remove Duplicate Registers                                                      ; On                 ; On                 ;
; Ignore CARRY Buffers                                                            ; Off                ; Off                ;
; Ignore CASCADE Buffers                                                          ; Off                ; Off                ;
; Ignore GLOBAL Buffers                                                           ; Off                ; Off                ;
; Ignore ROW GLOBAL Buffers                                                       ; Off                ; Off                ;
; Ignore LCELL Buffers                                                            ; Off                ; Off                ;
; Ignore SOFT Buffers                                                             ; On                 ; On                 ;
; Limit AHDL Integers to 32 Bits                                                  ; Off                ; Off                ;
; Carry Chain Length                                                              ; 70                 ; 70                 ;
; Auto Carry Chains                                                               ; On                 ; On                 ;
; Auto Open-Drain Pins                                                            ; On                 ; On                 ;
; Auto ROM Replacement                                                            ; On                 ; On                 ;
; Auto RAM Replacement                                                            ; On                 ; On                 ;
; Auto DSP Block Replacement                                                      ; On                 ; On                 ;
; Auto Shift Register Replacement                                                 ; Auto               ; Auto               ;
; Allow Shift Register Merging across Hierarchies                                 ; Auto               ; Auto               ;
; Auto Clock Enable Replacement                                                   ; On                 ; On                 ;
; Strict RAM Replacement                                                          ; Off                ; Off                ;
; Allow Synchronous Control Signals                                               ; On                 ; On                 ;
; Force Use of Synchronous Clear Signals                                          ; Off                ; Off                ;
; Auto Resource Sharing                                                           ; Off                ; Off                ;
; Allow Any RAM Size For Recognition                                              ; Off                ; Off                ;
; Allow Any ROM Size For Recognition                                              ; Off                ; Off                ;
; Allow Any Shift Register Size For Recognition                                   ; Off                ; Off                ;
; Use LogicLock Constraints during Resource Balancing                             ; On                 ; On                 ;
; Ignore translate_off and synthesis_off directives                               ; Off                ; Off                ;
; Timing-Driven Synthesis                                                         ; On                 ; On                 ;
; Report Parameter Settings                                                       ; On                 ; On                 ;
; Report Source Assignments                                                       ; On                 ; On                 ;
; Report Connectivity Checks                                                      ; On                 ; On                 ;
; Ignore Maximum Fan-Out Assignments                                              ; Off                ; Off                ;
; Synchronization Register Chain Length                                           ; 3                  ; 3                  ;
; PowerPlay Power Optimization During Synthesis                                   ; Normal compilation ; Normal compilation ;
; HDL message level                                                               ; Level2             ; Level2             ;
; Suppress Register Optimization Related Messages                                 ; Off                ; Off                ;
; Number of Removed Registers Reported in Synthesis Report                        ; 5000               ; 5000               ;
; Number of Swept Nodes Reported in Synthesis Report                              ; 5000               ; 5000               ;
; Number of Inverted Registers Reported in Synthesis Report                       ; 100                ; 100                ;
; Clock MUX Protection                                                            ; On                 ; On                 ;
; Block Design Naming                                                             ; Auto               ; Auto               ;
; SDC constraint protection                                                       ; Off                ; Off                ;
; Synthesis Effort                                                                ; Auto               ; Auto               ;
; Shift Register Replacement - Allow Asynchronous Clear Signal                    ; On                 ; On                 ;
; Analysis & Synthesis Message Level                                              ; Medium             ; Medium             ;
; Disable Register Merging Across Hierarchies                                     ; Auto               ; Auto               ;
; Resource Aware Inference For Block RAM                                          ; On                 ; On                 ;
; Automatic Parallel Synthesis                                                    ; On                 ; On                 ;
; Partial Reconfiguration Bitstream ID                                            ; Off                ; Off                ;
+---------------------------------------------------------------------------------+--------------------+--------------------+


+------------------------------------------+
; Parallel Compilation                     ;
+----------------------------+-------------+
; Processors                 ; Number      ;
+----------------------------+-------------+
; Number detected on machine ; 8           ;
; Maximum allowed            ; 8           ;
;                            ;             ;
; Average used               ; 1.56        ;
; Maximum used               ; 8           ;
;                            ;             ;
; Usage by Processor         ; % Time Used ;
;     Processor 1            ; 100.0%      ;
;     Processor 2            ;   8.1%      ;
;     Processor 3            ;   8.1%      ;
;     Processor 4            ;   8.1%      ;
;     Processor 5            ;   8.1%      ;
;     Processor 6            ;   8.0%      ;
;     Processor 7            ;   8.0%      ;
;     Processor 8            ;   7.9%      ;
+----------------------------+-------------+


+---------------------------------------------------------------------------------------------------------------------------------------------------------------------------------------------------------------------+
; Analysis & Synthesis Source Files Read                                                                                                                                                                              ;
+----------------------------------------+-----------------+------------------------------------------------------------+---------------------------------------------------------------------------------+-----------+
; File Name with User-Entered Path       ; Used in Netlist ; File Type                                                  ; File Name with Absolute Path                                                    ; Library   ;
+----------------------------------------+-----------------+------------------------------------------------------------+---------------------------------------------------------------------------------+-----------+
; rtl/pll.v                              ; yes             ; User Wizard-Generated File                                 ; /build/rtl/pll.v                                                                ; pll       ;
; rtl/pll/pll_0002.v                     ; yes             ; User Verilog HDL File                                      ; /build/rtl/pll/pll_0002.v                                                       ; pll       ;
; sys/pll_hdmi.v                         ; yes             ; User Wizard-Generated File                                 ; /build/sys/pll_hdmi.v                                                           ; pll_hdmi  ;
; sys/pll_hdmi/pll_hdmi_0002.v           ; yes             ; User Verilog HDL File                                      ; /build/sys/pll_hdmi/pll_hdmi_0002.v                                             ; pll_hdmi  ;
; sys/pll_audio.v                        ; yes             ; User Wizard-Generated File                                 ; /build/sys/pll_audio.v                                                          ; pll_audio ;
; sys/pll_audio/pll_audio_0002.v         ; yes             ; User Verilog HDL File                                      ; /build/sys/pll_audio/pll_audio_0002.v                                           ; pll_audio ;
; sys/pll_cfg/pll_cfg_hdmi.v             ; yes             ; User Verilog HDL File                                      ; /build/sys/pll_cfg/pll_cfg_hdmi.v                                               ; pll_cfg   ;
; sys/pll_cfg/altera_pll_reconfig_core.v ; yes             ; User Verilog HDL File                                      ; /build/sys/pll_cfg/altera_pll_reconfig_core.v                                   ; pll_cfg   ;
; sys/sys_top.v                          ; yes             ; User Verilog HDL File                                      ; /build/sys/sys_top.v                                                            ;           ;
; sys/ascal.vhd                          ; yes             ; User VHDL File                                             ; /build/sys/ascal.vhd                                                            ;           ;
; sys/pll_hdmi_adj.vhd                   ; yes             ; User VHDL File                                             ; /build/sys/pll_hdmi_adj.vhd                                                     ;           ;
; sys/math.sv                            ; yes             ; User SystemVerilog HDL File                                ; /build/sys/math.sv                                                              ;           ;
; sys/scanlines.v                        ; yes             ; User Verilog HDL File                                      ; /build/sys/scanlines.v                                                          ;           ;
; sys/shadowmask.sv                      ; yes             ; User SystemVerilog HDL File                                ; /build/sys/shadowmask.sv                                                        ;           ;
; sys/osd.v                              ; yes             ; User Verilog HDL File                                      ; /build/sys/osd.v                                                                ;           ;
; sys/vga_out.sv                         ; yes             ; User SystemVerilog HDL File                                ; /build/sys/vga_out.sv                                                           ;           ;
; sys/yc_out.sv                          ; yes             ; User SystemVerilog HDL File                                ; /build/sys/yc_out.sv                                                            ;           ;
; sys/i2c.v                              ; yes             ; User Verilog HDL File                                      ; /build/sys/i2c.v                                                                ;           ;
; sys/alsa.sv                            ; yes             ; User SystemVerilog HDL File                                ; /build/sys/alsa.sv                                                              ;           ;
; sys/i2s.v                              ; yes             ; User Verilog HDL File                                      ; /build/sys/i2s.v                                                                ;           ;
; sys/spdif.v                            ; yes             ; User Verilog HDL File                                      ; /build/sys/spdif.v                                                              ;           ;
; sys/audio_out.sv                       ; yes             ; User SystemVerilog HDL File                                ; /build/sys/audio_out.sv                                                         ;           ;
; sys/iir_filter.v                       ; yes             ; User Verilog HDL File                                      ; /build/sys/iir_filter.v                                                         ;           ;
; sys/sigma_delta_dac.v                  ; yes             ; User Verilog HDL File                                      ; /build/sys/sigma_delta_dac.v                                                    ;           ;
; sys/mcp23009.sv                        ; yes             ; User SystemVerilog HDL File                                ; /build/sys/mcp23009.sv                                                          ;           ;
; sys/f2sdram_safe_terminator.sv         ; yes             ; User SystemVerilog HDL File                                ; /build/sys/f2sdram_safe_terminator.sv                                           ;           ;
; sys/ddr_svc.sv                         ; yes             ; User SystemVerilog HDL File                                ; /build/sys/ddr_svc.sv                                                           ;           ;
; sys/sysmem.sv                          ; yes             ; User SystemVerilog HDL File                                ; /build/sys/sysmem.sv                                                            ;           ;
; sys/hps_io.sv                          ; yes             ; User SystemVerilog HDL File                                ; /build/sys/hps_io.sv                                                            ;           ;
; sys/emu_ports.vh                       ; yes             ; User Unspecified File                                      ; /build/sys/emu_ports.vh                                                         ;           ;
; rtl/vtg_raster.sv                      ; yes             ; User SystemVerilog HDL File                                ; /build/rtl/vtg_raster.sv                                                        ;           ;
; rtl/vtg_patterns.sv                    ; yes             ; User SystemVerilog HDL File                                ; /build/rtl/vtg_patterns.sv                                                      ;           ;
; rtl/vtg9000_core.sv                    ; yes             ; User SystemVerilog HDL File                                ; /build/rtl/vtg9000_core.sv                                                      ;           ;
; rtl/vtg_controls.sv                    ; yes             ; User SystemVerilog HDL File                                ; /build/rtl/vtg_controls.sv                                                      ;           ;
; VTG9000.sv                             ; yes             ; User SystemVerilog HDL File                                ; /build/VTG9000.sv                                                               ;           ;
; build_id.v                             ; yes             ; Auto-Found Verilog HDL File                                ; /build/build_id.v                                                               ;           ;
; cfgstr.hex                             ; yes             ; Auto-Generated Auto-Found Hexadecimal (Intel-Format) File  ; cfgstr.hex                                                                      ;           ;
; altsyncram.tdf                         ; yes             ; Megafunction                                               ; /opt/intelFPGA_lite/quartus/libraries/megafunctions/altsyncram.tdf              ;           ;
; stratix_ram_block.inc                  ; yes             ; Megafunction                                               ; /opt/intelFPGA_lite/quartus/libraries/megafunctions/stratix_ram_block.inc       ;           ;
; lpm_mux.inc                            ; yes             ; Megafunction                                               ; /opt/intelFPGA_lite/quartus/libraries/megafunctions/lpm_mux.inc                 ;           ;
; lpm_decode.inc                         ; yes             ; Megafunction                                               ; /opt/intelFPGA_lite/quartus/libraries/megafunctions/lpm_decode.inc              ;           ;
; aglobal170.inc                         ; yes             ; Megafunction                                               ; /opt/intelFPGA_lite/quartus/libraries/megafunctions/aglobal170.inc              ;           ;
; a_rdenreg.inc                          ; yes             ; Megafunction                                               ; /opt/intelFPGA_lite/quartus/libraries/megafunctions/a_rdenreg.inc               ;           ;
; altrom.inc                             ; yes             ; Megafunction                                               ; /opt/intelFPGA_lite/quartus/libraries/megafunctions/altrom.inc                  ;           ;
; altram.inc                             ; yes             ; Megafunction                                               ; /opt/intelFPGA_lite/quartus/libraries/megafunctions/altram.inc                  ;           ;
; altdpram.inc                           ; yes             ; Megafunction                                               ; /opt/intelFPGA_lite/quartus/libraries/megafunctions/altdpram.inc                ;           ;
; db/altsyncram_89q1.tdf                 ; yes             ; Auto-Generated Megafunction                                ; /build/db/altsyncram_89q1.tdf                                                   ;           ;
; db/altsyncram_ccn1.tdf                 ; yes             ; Auto-Generated Megafunction                                ; /build/db/altsyncram_ccn1.tdf                                                   ;           ;
; db/altsyncram_m6n1.tdf                 ; yes             ; Auto-Generated Megafunction                                ; /build/db/altsyncram_m6n1.tdf                                                   ;           ;
; altera_pll.v                           ; yes             ; Megafunction                                               ; /opt/intelFPGA_lite/quartus/libraries/megafunctions/altera_pll.v                ;           ;
; altera_pll_dps_lcell_comb.v            ; yes             ; Megafunction                                               ; /opt/intelFPGA_lite/quartus/libraries/megafunctions/altera_pll_dps_lcell_comb.v ;           ;
; altera_cyclonev_pll.v                  ; yes             ; Megafunction                                               ; /opt/intelFPGA_lite/quartus/libraries/megafunctions/altera_cyclonev_pll.v       ;           ;
; altera_std_synchronizer.v              ; yes             ; Megafunction                                               ; /opt/intelFPGA_lite/quartus/libraries/megafunctions/altera_std_synchronizer.v   ;           ;
; altddio_out.tdf                        ; yes             ; Megafunction                                               ; /opt/intelFPGA_lite/quartus/libraries/megafunctions/altddio_out.tdf             ;           ;
; stratix_ddio.inc                       ; yes             ; Megafunction                                               ; /opt/intelFPGA_lite/quartus/libraries/megafunctions/stratix_ddio.inc            ;           ;
; cyclone_ddio.inc                       ; yes             ; Megafunction                                               ; /opt/intelFPGA_lite/quartus/libraries/megafunctions/cyclone_ddio.inc            ;           ;
; stratix_lcell.inc                      ; yes             ; Megafunction                                               ; /opt/intelFPGA_lite/quartus/libraries/megafunctions/stratix_lcell.inc           ;           ;
; db/ddio_out_b2j.tdf                    ; yes             ; Auto-Generated Megafunction                                ; /build/db/ddio_out_b2j.tdf                                                      ;           ;
; db/ddio_out_1oj.tdf                    ; yes             ; Auto-Generated Megafunction                                ; /build/db/ddio_out_1oj.tdf                                                      ;           ;
; db/altsyncram_0nl1.tdf                 ; yes             ; Auto-Generated Megafunction                                ; /build/db/altsyncram_0nl1.tdf                                                   ;           ;
; db/altsyncram_i6k1.tdf                 ; yes             ; Auto-Generated Megafunction                                ; /build/db/altsyncram_i6k1.tdf                                                   ;           ;
; db/altsyncram_k9j1.tdf                 ; yes             ; Auto-Generated Megafunction                                ; /build/db/altsyncram_k9j1.tdf                                                   ;           ;
; db/altsyncram_32k1.tdf                 ; yes             ; Auto-Generated Megafunction                                ; /build/db/altsyncram_32k1.tdf                                                   ;           ;
; altshift_taps.tdf                      ; yes             ; Megafunction                                               ; /opt/intelFPGA_lite/quartus/libraries/megafunctions/altshift_taps.tdf           ;           ;
; lpm_counter.inc                        ; yes             ; Megafunction                                               ; /opt/intelFPGA_lite/quartus/libraries/megafunctions/lpm_counter.inc             ;           ;
; lpm_compare.inc                        ; yes             ; Megafunction                                               ; /opt/intelFPGA_lite/quartus/libraries/megafunctions/lpm_compare.inc             ;           ;
; lpm_constant.inc                       ; yes             ; Megafunction                                               ; /opt/intelFPGA_lite/quartus/libraries/megafunctions/lpm_constant.inc            ;           ;
; db/shift_taps_gtu.tdf                  ; yes             ; Auto-Generated Megafunction                                ; /build/db/shift_taps_gtu.tdf                                                    ;           ;
; db/altsyncram_ro91.tdf                 ; yes             ; Auto-Generated Megafunction                                ; /build/db/altsyncram_ro91.tdf                                                   ;           ;
; db/cntr_rhf.tdf                        ; yes             ; Auto-Generated Megafunction                                ; /build/db/cntr_rhf.tdf                                                          ;           ;
; db/cmpr_b9c.tdf                        ; yes             ; Auto-Generated Megafunction                                ; /build/db/cmpr_b9c.tdf                                                          ;           ;
; db/shift_taps_0vu.tdf                  ; yes             ; Auto-Generated Megafunction                                ; /build/db/shift_taps_0vu.tdf                                                    ;           ;
; db/altsyncram_pr91.tdf                 ; yes             ; Auto-Generated Megafunction                                ; /build/db/altsyncram_pr91.tdf                                                   ;           ;
; db/cntr_phf.tdf                        ; yes             ; Auto-Generated Megafunction                                ; /build/db/cntr_phf.tdf                                                          ;           ;
; db/shift_taps_ruu.tdf                  ; yes             ; Auto-Generated Megafunction                                ; /build/db/shift_taps_ruu.tdf                                                    ;           ;
; db/altsyncram_fr91.tdf                 ; yes             ; Auto-Generated Megafunction                                ; /build/db/altsyncram_fr91.tdf                                                   ;           ;
; db/cntr_ohf.tdf                        ; yes             ; Auto-Generated Megafunction                                ; /build/db/cntr_ohf.tdf                                                          ;           ;
; db/cmpr_a9c.tdf                        ; yes             ; Auto-Generated Megafunction                                ; /build/db/cmpr_a9c.tdf                                                          ;           ;
; db/altsyncram_g9j1.tdf                 ; yes             ; Auto-Generated Megafunction                                ; /build/db/altsyncram_g9j1.tdf                                                   ;           ;
; db/altsyncram_o9j1.tdf                 ; yes             ; Auto-Generated Megafunction                                ; /build/db/altsyncram_o9j1.tdf                                                   ;           ;
; db/altsyncram_2aj1.tdf                 ; yes             ; Auto-Generated Megafunction                                ; /build/db/altsyncram_2aj1.tdf                                                   ;           ;
; db/shift_taps_quu.tdf                  ; yes             ; Auto-Generated Megafunction                                ; /build/db/shift_taps_quu.tdf                                                    ;           ;
; db/altsyncram_dr91.tdf                 ; yes             ; Auto-Generated Megafunction                                ; /build/db/altsyncram_dr91.tdf                                                   ;           ;
; db/shift_taps_agv.tdf                  ; yes             ; Auto-Generated Megafunction                                ; /build/db/shift_taps_agv.tdf                                                    ;           ;
; db/altsyncram_jr91.tdf                 ; yes             ; Auto-Generated Megafunction                                ; /build/db/altsyncram_jr91.tdf                                                   ;           ;
; lpm_divide.tdf                         ; yes             ; Megafunction                                               ; /opt/intelFPGA_lite/quartus/libraries/megafunctions/lpm_divide.tdf              ;           ;
; abs_divider.inc                        ; yes             ; Megafunction                                               ; /opt/intelFPGA_lite/quartus/libraries/megafunctions/abs_divider.inc             ;           ;
; sign_div_unsign.inc                    ; yes             ; Megafunction                                               ; /opt/intelFPGA_lite/quartus/libraries/megafunctions/sign_div_unsign.inc         ;           ;
; db/lpm_divide_ibm.tdf                  ; yes             ; Auto-Generated Megafunction                                ; /build/db/lpm_divide_ibm.tdf                                                    ;           ;
; db/sign_div_unsign_olh.tdf             ; yes             ; Auto-Generated Megafunction                                ; /build/db/sign_div_unsign_olh.tdf                                               ;           ;
; db/alt_u_div_mve.tdf                   ; yes             ; Auto-Generated Megafunction                                ; /build/db/alt_u_div_mve.tdf                                                     ;           ;
; db/lpm_divide_m3m.tdf                  ; yes             ; Auto-Generated Megafunction                                ; /build/db/lpm_divide_m3m.tdf                                                    ;           ;
; db/sign_div_unsign_plh.tdf             ; yes             ; Auto-Generated Megafunction                                ; /build/db/sign_div_unsign_plh.tdf                                               ;           ;
; db/alt_u_div_ove.tdf                   ; yes             ; Auto-Generated Megafunction                                ; /build/db/alt_u_div_ove.tdf                                                     ;           ;
+----------------------------------------+-----------------+------------------------------------------------------------+---------------------------------------------------------------------------------+-----------+


+------------------------------------------------------------------------------------------------------------------------+
; Analysis & Synthesis Resource Usage Summary                                                                            ;
+---------------------------------------------+--------------------------------------------------------------------------+
; Resource                                    ; Usage                                                                    ;
+---------------------------------------------+--------------------------------------------------------------------------+
; Estimate of Logic utilization (ALMs needed) ; 8647                                                                     ;
;                                             ;                                                                          ;
; Combinational ALUT usage for logic          ; 13082                                                                    ;
;     -- 7 input functions                    ; 194                                                                      ;
;     -- 6 input functions                    ; 2054                                                                     ;
;     -- 5 input functions                    ; 1624                                                                     ;
;     -- 4 input functions                    ; 1774                                                                     ;
;     -- <=3 input functions                  ; 7436                                                                     ;
;                                             ;                                                                          ;
; Dedicated logic registers                   ; 12022                                                                    ;
;                                             ;                                                                          ;
; I/O pins                                    ; 145                                                                      ;
; I/O registers                               ; 4                                                                        ;
; Total MLAB memory bits                      ; 0                                                                        ;
; Total block memory bits                     ; 384447                                                                   ;
;                                             ;                                                                          ;
; Total DSP Blocks                            ; 56                                                                       ;
;                                             ;                                                                          ;
; Total PLLs                                  ; 3                                                                        ;
;     -- PLLs                                 ; 2                                                                        ;
;     -- Fractional PLLs                      ; 1                                                                        ;
;                                             ;                                                                          ;
; Maximum fan-out node                        ; emu:emu|pll:pll|pll_0002:pll_inst|altera_pll:altera_pll_i|outclk_wire[0] ;
; Maximum fan-out                             ; 4896                                                                     ;
; Total fan-out                               ; 101285                                                                   ;
; Average fan-out                             ; 3.84                                                                     ;
+---------------------------------------------+--------------------------------------------------------------------------+


+------------------------------------------------------------------------------------------------------------------------------------------------------------------------------------------------------------------------------------------------------------------------------------------------------------------------------------------------------------------------------+
; Analysis & Synthesis Resource Utilization by Entity                                                                                                                                                                                                                                                                                                                          ;
+--------------------------------------------------------------+---------------------+---------------------------+-------------------+------------+------+--------------+----------------------------------------------------------------------------------------------------------------------------------------------------------+----------------------------+--------------+
; Compilation Hierarchy Node                                   ; Combinational ALUTs ; Dedicated Logic Registers ; Block Memory Bits ; DSP Blocks ; Pins ; Virtual Pins ; Full Hierarchy Name                                                                                                                                      ; Entity Name                ; Library Name ;
+--------------------------------------------------------------+---------------------+---------------------------+-------------------+------------+------+--------------+----------------------------------------------------------------------------------------------------------------------------------------------------------+----------------------------+--------------+
; |sys_top                                                     ; 13082 (1379)        ; 12022 (1336)              ; 384447            ; 56         ; 145  ; 0            ; |sys_top                                                                                                                                                 ; sys_top                    ; work         ;
;    |alsa:alsa|                                               ; 409 (409)           ; 524 (524)                 ; 0                 ; 0          ; 0    ; 0            ; |sys_top|alsa:alsa                                                                                                                                       ; alsa                       ; work         ;
;    |altddio_out:hdmiclk_ddr|                                 ; 0 (0)               ; 0 (0)                     ; 0                 ; 0          ; 0    ; 0            ; |sys_top|altddio_out:hdmiclk_ddr                                                                                                                         ; altddio_out                ; work         ;
;       |ddio_out_b2j:auto_generated|                          ; 0 (0)               ; 0 (0)                     ; 0                 ; 0          ; 0    ; 0            ; |sys_top|altddio_out:hdmiclk_ddr|ddio_out_b2j:auto_generated                                                                                             ; ddio_out_b2j               ; work         ;
;    |altddio_out:vgaclk_ddr|                                  ; 0 (0)               ; 0 (0)                     ; 0                 ; 0          ; 0    ; 0            ; |sys_top|altddio_out:vgaclk_ddr                                                                                                                          ; altddio_out                ; work         ;
;       |ddio_out_1oj:auto_generated|                          ; 0 (0)               ; 0 (0)                     ; 0                 ; 0          ; 0    ; 0            ; |sys_top|altddio_out:vgaclk_ddr|ddio_out_1oj:auto_generated                                                                                              ; ddio_out_1oj               ; work         ;
;    |altshift_taps:dv_d1_rtl_0|                               ; 7 (0)               ; 4 (0)                     ; 150               ; 0          ; 0    ; 0            ; |sys_top|altshift_taps:dv_d1_rtl_0                                                                                                                       ; altshift_taps              ; work         ;
;       |shift_taps_ruu:auto_generated|                        ; 7 (2)               ; 4 (2)                     ; 150               ; 0          ; 0    ; 0            ; |sys_top|altshift_taps:dv_d1_rtl_0|shift_taps_ruu:auto_generated                                                                                         ; shift_taps_ruu             ; work         ;
;          |altsyncram_fr91:altsyncram4|                       ; 0 (0)               ; 0 (0)                     ; 150               ; 0          ; 0    ; 0            ; |sys_top|altshift_taps:dv_d1_rtl_0|shift_taps_ruu:auto_generated|altsyncram_fr91:altsyncram4                                                             ; altsyncram_fr91            ; work         ;
;          |cntr_ohf:cntr1|                                    ; 5 (5)               ; 2 (2)                     ; 0                 ; 0          ; 0    ; 0            ; |sys_top|altshift_taps:dv_d1_rtl_0|shift_taps_ruu:auto_generated|cntr_ohf:cntr1                                                                          ; cntr_ohf                   ; work         ;
;    |ascal:ascal|                                             ; 2938 (2932)         ; 4497 (4493)               ; 315488            ; 23         ; 0    ; 0            ; |sys_top|ascal:ascal                                                                                                                                     ; ascal                      ; work         ;
;       |altshift_taps:o_vpix_inner[2].r_rtl_0|                ; 6 (0)               ; 4 (0)                     ; 96                ; 0          ; 0    ; 0            ; |sys_top|ascal:ascal|altshift_taps:o_vpix_inner[2].r_rtl_0                                                                                               ; altshift_taps              ; work         ;
;          |shift_taps_agv:auto_generated|                     ; 6 (4)               ; 4 (2)                     ; 96                ; 0          ; 0    ; 0            ; |sys_top|ascal:ascal|altshift_taps:o_vpix_inner[2].r_rtl_0|shift_taps_agv:auto_generated                                                                 ; shift_taps_agv             ; work         ;
;             |altsyncram_jr91:altsyncram4|                    ; 0 (0)               ; 0 (0)                     ; 96                ; 0          ; 0    ; 0            ; |sys_top|ascal:ascal|altshift_taps:o_vpix_inner[2].r_rtl_0|shift_taps_agv:auto_generated|altsyncram_jr91:altsyncram4                                     ; altsyncram_jr91            ; work         ;
;             |cntr_phf:cntr1|                                 ; 2 (2)               ; 2 (2)                     ; 0                 ; 0          ; 0    ; 0            ; |sys_top|ascal:ascal|altshift_taps:o_vpix_inner[2].r_rtl_0|shift_taps_agv:auto_generated|cntr_phf:cntr1                                                  ; cntr_phf                   ; work         ;
;       |altsyncram:i_dpram_rtl_0|                             ; 0 (0)               ; 0 (0)                     ; 4096              ; 0          ; 0    ; 0            ; |sys_top|ascal:ascal|altsyncram:i_dpram_rtl_0                                                                                                            ; altsyncram                 ; work         ;
;          |altsyncram_g9j1:auto_generated|                    ; 0 (0)               ; 0 (0)                     ; 4096              ; 0          ; 0    ; 0            ; |sys_top|ascal:ascal|altsyncram:i_dpram_rtl_0|altsyncram_g9j1:auto_generated                                                                             ; altsyncram_g9j1            ; work         ;
;       |altsyncram:i_mem[0].r[7]__1|                          ; 0 (0)               ; 0 (0)                     ; 49152             ; 0          ; 0    ; 0            ; |sys_top|ascal:ascal|altsyncram:i_mem[0].r[7]__1                                                                                                         ; altsyncram                 ; work         ;
;          |altsyncram_89q1:auto_generated|                    ; 0 (0)               ; 0 (0)                     ; 49152             ; 0          ; 0    ; 0            ; |sys_top|ascal:ascal|altsyncram:i_mem[0].r[7]__1|altsyncram_89q1:auto_generated                                                                          ; altsyncram_89q1            ; work         ;
;       |altsyncram:o_a_poly_mem_rtl_0|                        ; 0 (0)               ; 0 (0)                     ; 10240             ; 0          ; 0    ; 0            ; |sys_top|ascal:ascal|altsyncram:o_a_poly_mem_rtl_0                                                                                                       ; altsyncram                 ; work         ;
;          |altsyncram_o9j1:auto_generated|                    ; 0 (0)               ; 0 (0)                     ; 10240             ; 0          ; 0    ; 0            ; |sys_top|ascal:ascal|altsyncram:o_a_poly_mem_rtl_0|altsyncram_o9j1:auto_generated                                                                        ; altsyncram_o9j1            ; work         ;
;       |altsyncram:o_dpram_rtl_0|                             ; 0 (0)               ; 0 (0)                     ; 4096              ; 0          ; 0    ; 0            ; |sys_top|ascal:ascal|altsyncram:o_dpram_rtl_0                                                                                                            ; altsyncram                 ; work         ;
;          |altsyncram_32k1:auto_generated|                    ; 0 (0)               ; 0 (0)                     ; 4096              ; 0          ; 0    ; 0            ; |sys_top|ascal:ascal|altsyncram:o_dpram_rtl_0|altsyncram_32k1:auto_generated                                                                             ; altsyncram_32k1            ; work         ;
;       |altsyncram:o_h_poly_mem_rtl_0|                        ; 0 (0)               ; 0 (0)                     ; 10240             ; 0          ; 0    ; 0            ; |sys_top|ascal:ascal|altsyncram:o_h_poly_mem_rtl_0                                                                                                       ; altsyncram                 ; work         ;
;          |altsyncram_o9j1:auto_generated|                    ; 0 (0)               ; 0 (0)                     ; 10240             ; 0          ; 0    ; 0            ; |sys_top|ascal:ascal|altsyncram:o_h_poly_mem_rtl_0|altsyncram_o9j1:auto_generated                                                                        ; altsyncram_o9j1            ; work         ;
;       |altsyncram:o_line0[0].r[7]__2|                        ; 0 (0)               ; 0 (0)                     ; 49152             ; 0          ; 0    ; 0            ; |sys_top|ascal:ascal|altsyncram:o_line0[0].r[7]__2                                                                                                       ; altsyncram                 ; work         ;
;          |altsyncram_ccn1:auto_generated|                    ; 0 (0)               ; 0 (0)                     ; 49152             ; 0          ; 0    ; 0            ; |sys_top|ascal:ascal|altsyncram:o_line0[0].r[7]__2|altsyncram_ccn1:auto_generated                                                                        ; altsyncram_ccn1            ; work         ;
;       |altsyncram:o_line1[0].r[7]__3|                        ; 0 (0)               ; 0 (0)                     ; 49152             ; 0          ; 0    ; 0            ; |sys_top|ascal:ascal|altsyncram:o_line1[0].r[7]__3                                                                                                       ; altsyncram                 ; work         ;
;          |altsyncram_ccn1:auto_generated|                    ; 0 (0)               ; 0 (0)                     ; 49152             ; 0          ; 0    ; 0            ; |sys_top|ascal:ascal|altsyncram:o_line1[0].r[7]__3|altsyncram_ccn1:auto_generated                                                                        ; altsyncram_ccn1            ; work         ;
;       |altsyncram:o_line2[0].r[7]__4|                        ; 0 (0)               ; 0 (0)                     ; 49152             ; 0          ; 0    ; 0            ; |sys_top|ascal:ascal|altsyncram:o_line2[0].r[7]__4                                                                                                       ; altsyncram                 ; work         ;
;          |altsyncram_ccn1:auto_generated|                    ; 0 (0)               ; 0 (0)                     ; 49152             ; 0          ; 0    ; 0            ; |sys_top|ascal:ascal|altsyncram:o_line2[0].r[7]__4|altsyncram_ccn1:auto_generated                                                                        ; altsyncram_ccn1            ; work         ;
;       |altsyncram:o_line3[0].r[7]__5|                        ; 0 (0)               ; 0 (0)                     ; 49152             ; 0          ; 0    ; 0            ; |sys_top|ascal:ascal|altsyncram:o_line3[0].r[7]__5                                                                                                       ; altsyncram                 ; work         ;
;          |altsyncram_ccn1:auto_generated|                    ; 0 (0)               ; 0 (0)                     ; 49152             ; 0          ; 0    ; 0            ; |sys_top|ascal:ascal|altsyncram:o_line3[0].r[7]__5|altsyncram_ccn1:auto_generated                                                                        ; altsyncram_ccn1            ; work         ;
;       |altsyncram:o_linf0[0].r[7]__6|                        ; 0 (0)               ; 0 (0)                     ; 6144              ; 0          ; 0    ; 0            ; |sys_top|ascal:ascal|altsyncram:o_linf0[0].r[7]__6                                                                                                       ; altsyncram                 ; work         ;
;          |altsyncram_m6n1:auto_generated|                    ; 0 (0)               ; 0 (0)                     ; 6144              ; 0          ; 0    ; 0            ; |sys_top|ascal:ascal|altsyncram:o_linf0[0].r[7]__6|altsyncram_m6n1:auto_generated                                                                        ; altsyncram_m6n1            ; work         ;
;       |altsyncram:o_linf1[0].r[7]__7|                        ; 0 (0)               ; 0 (0)                     ; 6144              ; 0          ; 0    ; 0            ; |sys_top|ascal:ascal|altsyncram:o_linf1[0].r[7]__7                                                                                                       ; altsyncram                 ; work         ;
;          |altsyncram_m6n1:auto_generated|                    ; 0 (0)               ; 0 (0)                     ; 6144              ; 0          ; 0    ; 0            ; |sys_top|ascal:ascal|altsyncram:o_linf1[0].r[7]__7|altsyncram_m6n1:auto_generated                                                                        ; altsyncram_m6n1            ; work         ;
;       |altsyncram:o_linf2[0].r[7]__8|                        ; 0 (0)               ; 0 (0)                     ; 6144              ; 0          ; 0    ; 0            ; |sys_top|ascal:ascal|altsyncram:o_linf2[0].r[7]__8                                                                                                       ; altsyncram                 ; work         ;
;          |altsyncram_m6n1:auto_generated|                    ; 0 (0)               ; 0 (0)                     ; 6144              ; 0          ; 0    ; 0            ; |sys_top|ascal:ascal|altsyncram:o_linf2[0].r[7]__8|altsyncram_m6n1:auto_generated                                                                        ; altsyncram_m6n1            ; work         ;
;       |altsyncram:o_linf3[0].r[7]__9|                        ; 0 (0)               ; 0 (0)                     ; 6144              ; 0          ; 0    ; 0            ; |sys_top|ascal:ascal|altsyncram:o_linf3[0].r[7]__9                                                                                                       ; altsyncram                 ; work         ;
;          |altsyncram_m6n1:auto_generated|                    ; 0 (0)               ; 0 (0)                     ; 6144              ; 0          ; 0    ; 0            ; |sys_top|ascal:ascal|altsyncram:o_linf3[0].r[7]__9|altsyncram_m6n1:auto_generated                                                                        ; altsyncram_m6n1            ; work         ;
;       |altsyncram:o_v_poly_mem_rtl_0|                        ; 0 (0)               ; 0 (0)                     ; 10240             ; 0          ; 0    ; 0            ; |sys_top|ascal:ascal|altsyncram:o_v_poly_mem_rtl_0                                                                                                       ; altsyncram                 ; work         ;
;          |altsyncram_o9j1:auto_generated|                    ; 0 (0)               ; 0 (0)                     ; 10240             ; 0          ; 0    ; 0            ; |sys_top|ascal:ascal|altsyncram:o_v_poly_mem_rtl_0|altsyncram_o9j1:auto_generated                                                                        ; altsyncram_o9j1            ; work         ;
;       |altsyncram:pal1_mem_rtl_0|                            ; 0 (0)               ; 0 (0)                     ; 6144              ; 0          ; 0    ; 0            ; |sys_top|ascal:ascal|altsyncram:pal1_mem_rtl_0                                                                                                           ; altsyncram                 ; work         ;
;          |altsyncram_2aj1:auto_generated|                    ; 0 (0)               ; 0 (0)                     ; 6144              ; 0          ; 0    ; 0            ; |sys_top|ascal:ascal|altsyncram:pal1_mem_rtl_0|altsyncram_2aj1:auto_generated                                                                            ; altsyncram_2aj1            ; work         ;
;    |audio_out:audio_out|                                     ; 1510 (126)          ; 915 (84)                  ; 0                 ; 8          ; 0    ; 0            ; |sys_top|audio_out:audio_out                                                                                                                             ; audio_out                  ; work         ;
;       |DC_blocker:dcb_l|                                     ; 144 (144)           ; 68 (68)                   ; 0                 ; 0          ; 0    ; 0            ; |sys_top|audio_out:audio_out|DC_blocker:dcb_l                                                                                                            ; DC_blocker                 ; work         ;
;       |DC_blocker:dcb_r|                                     ; 144 (144)           ; 68 (68)                   ; 0                 ; 0          ; 0    ; 0            ; |sys_top|audio_out:audio_out|DC_blocker:dcb_r                                                                                                            ; DC_blocker                 ; work         ;
;       |IIR_filter:IIR_filter|                                ; 699 (57)            ; 321 (81)                  ; 0                 ; 8          ; 0    ; 0            ; |sys_top|audio_out:audio_out|IIR_filter:IIR_filter                                                                                                       ; IIR_filter                 ; work         ;
;          |iir_filter_tap:iir_tap_0|                          ; 189 (189)           ; 80 (80)                   ; 0                 ; 2          ; 0    ; 0            ; |sys_top|audio_out:audio_out|IIR_filter:IIR_filter|iir_filter_tap:iir_tap_0                                                                              ; iir_filter_tap             ; work         ;
;          |iir_filter_tap:iir_tap_1|                          ; 228 (228)           ; 80 (80)                   ; 0                 ; 2          ; 0    ; 0            ; |sys_top|audio_out:audio_out|IIR_filter:IIR_filter|iir_filter_tap:iir_tap_1                                                                              ; iir_filter_tap             ; work         ;
;          |iir_filter_tap:iir_tap_2|                          ; 225 (225)           ; 80 (80)                   ; 0                 ; 2          ; 0    ; 0            ; |sys_top|audio_out:audio_out|IIR_filter:IIR_filter|iir_filter_tap:iir_tap_2                                                                              ; iir_filter_tap             ; work         ;
;       |aud_mix_top:audmix_l|                                 ; 144 (144)           ; 117 (117)                 ; 0                 ; 0          ; 0    ; 0            ; |sys_top|audio_out:audio_out|aud_mix_top:audmix_l                                                                                                        ; aud_mix_top                ; work         ;
;       |aud_mix_top:audmix_r|                                 ; 146 (146)           ; 117 (117)                 ; 0                 ; 0          ; 0    ; 0            ; |sys_top|audio_out:audio_out|aud_mix_top:audmix_r                                                                                                        ; aud_mix_top                ; work         ;
;       |i2s:i2s|                                              ; 31 (31)             ; 44 (44)                   ; 0                 ; 0          ; 0    ; 0            ; |sys_top|audio_out:audio_out|i2s:i2s                                                                                                                     ; i2s                        ; work         ;
;       |sigma_delta_dac:sd_l|                                 ; 19 (19)             ; 19 (19)                   ; 0                 ; 0          ; 0    ; 0            ; |sys_top|audio_out:audio_out|sigma_delta_dac:sd_l                                                                                                        ; sigma_delta_dac            ; work         ;
;       |sigma_delta_dac:sd_r|                                 ; 19 (19)             ; 19 (19)                   ; 0                 ; 0          ; 0    ; 0            ; |sys_top|audio_out:audio_out|sigma_delta_dac:sd_r                                                                                                        ; sigma_delta_dac            ; work         ;
;       |spdif:toslink|                                        ; 38 (38)             ; 58 (58)                   ; 0                 ; 0          ; 0    ; 0            ; |sys_top|audio_out:audio_out|spdif:toslink                                                                                                               ; spdif                      ; work         ;
;    |csync:csync_hdmi|                                        ; 46 (46)             ; 51 (51)                   ; 0                 ; 0          ; 0    ; 0            ; |sys_top|csync:csync_hdmi                                                                                                                                ; csync                      ; work         ;
;    |csync:csync_vga|                                         ; 46 (46)             ; 51 (51)                   ; 0                 ; 0          ; 0    ; 0            ; |sys_top|csync:csync_vga                                                                                                                                 ; csync                      ; work         ;
;    |ddr_svc:ddr_svc|                                         ; 26 (26)             ; 157 (157)                 ; 0                 ; 0          ; 0    ; 0            ; |sys_top|ddr_svc:ddr_svc                                                                                                                                 ; ddr_svc                    ; work         ;
;    |emu:emu|                                                 ; 2135 (33)           ; 1105 (27)                 ; 0                 ; 23         ; 0    ; 0            ; |sys_top|emu:emu                                                                                                                                         ; emu                        ; work         ;
;       |hps_io:hps_io|                                        ; 847 (359)           ; 947 (364)                 ; 0                 ; 0          ; 0    ; 0            ; |sys_top|emu:emu|hps_io:hps_io                                                                                                                           ; hps_io                     ; work         ;
;          |video_calc:video_calc|                             ; 488 (488)           ; 583 (583)                 ; 0                 ; 0          ; 0    ; 0            ; |sys_top|emu:emu|hps_io:hps_io|video_calc:video_calc                                                                                                     ; video_calc                 ; work         ;
;       |pll:pll|                                              ; 1 (0)               ; 0 (0)                     ; 0                 ; 0          ; 0    ; 0            ; |sys_top|emu:emu|pll:pll                                                                                                                                 ; pll                        ; pll          ;
;          |pll_0002:pll_inst|                                 ; 1 (0)               ; 0 (0)                     ; 0                 ; 0          ; 0    ; 0            ; |sys_top|emu:emu|pll:pll|pll_0002:pll_inst                                                                                                               ; pll_0002                   ; pll          ;
;             |altera_pll:altera_pll_i|                        ; 1 (1)               ; 0 (0)                     ; 0                 ; 0          ; 0    ; 0            ; |sys_top|emu:emu|pll:pll|pll_0002:pll_inst|altera_pll:altera_pll_i                                                                                       ; altera_pll                 ; work         ;
;       |vtg9000_core:core|                                    ; 957 (2)             ; 25 (1)                    ; 0                 ; 23         ; 0    ; 0            ; |sys_top|emu:emu|vtg9000_core:core                                                                                                                       ; vtg9000_core               ; work         ;
;          |vtg_patterns:patterns|                             ; 838 (548)           ; 0 (0)                     ; 0                 ; 23         ; 0    ; 0            ; |sys_top|emu:emu|vtg9000_core:core|vtg_patterns:patterns                                                                                                 ; vtg_patterns               ; work         ;
;             |lpm_divide:Div0|                                ; 97 (0)              ; 0 (0)                     ; 0                 ; 0          ; 0    ; 0            ; |sys_top|emu:emu|vtg9000_core:core|vtg_patterns:patterns|lpm_divide:Div0                                                                                 ; lpm_divide                 ; work         ;
;                |lpm_divide_ibm:auto_generated|               ; 97 (0)              ; 0 (0)                     ; 0                 ; 0          ; 0    ; 0            ; |sys_top|emu:emu|vtg9000_core:core|vtg_patterns:patterns|lpm_divide:Div0|lpm_divide_ibm:auto_generated                                                   ; lpm_divide_ibm             ; work         ;
;                   |sign_div_unsign_olh:divider|              ; 97 (0)              ; 0 (0)                     ; 0                 ; 0          ; 0    ; 0            ; |sys_top|emu:emu|vtg9000_core:core|vtg_patterns:patterns|lpm_divide:Div0|lpm_divide_ibm:auto_generated|sign_div_unsign_olh:divider                       ; sign_div_unsign_olh        ; work         ;
;                      |alt_u_div_mve:divider|                 ; 97 (97)             ; 0 (0)                     ; 0                 ; 0          ; 0    ; 0            ; |sys_top|emu:emu|vtg9000_core:core|vtg_patterns:patterns|lpm_divide:Div0|lpm_divide_ibm:auto_generated|sign_div_unsign_olh:divider|alt_u_div_mve:divider ; alt_u_div_mve              ; work         ;
;             |lpm_divide:Mod0|                                ; 98 (0)              ; 0 (0)                     ; 0                 ; 0          ; 0    ; 0            ; |sys_top|emu:emu|vtg9000_core:core|vtg_patterns:patterns|lpm_divide:Mod0                                                                                 ; lpm_divide                 ; work         ;
;                |lpm_divide_m3m:auto_generated|               ; 98 (0)              ; 0 (0)                     ; 0                 ; 0          ; 0    ; 0            ; |sys_top|emu:emu|vtg9000_core:core|vtg_patterns:patterns|lpm_divide:Mod0|lpm_divide_m3m:auto_generated                                                   ; lpm_divide_m3m             ; work         ;
;                   |sign_div_unsign_plh:divider|              ; 98 (0)              ; 0 (0)                     ; 0                 ; 0          ; 0    ; 0            ; |sys_top|emu:emu|vtg9000_core:core|vtg_patterns:patterns|lpm_divide:Mod0|lpm_divide_m3m:auto_generated|sign_div_unsign_plh:divider                       ; sign_div_unsign_plh        ; work         ;
;                      |alt_u_div_ove:divider|                 ; 98 (98)             ; 0 (0)                     ; 0                 ; 0          ; 0    ; 0            ; |sys_top|emu:emu|vtg9000_core:core|vtg_patterns:patterns|lpm_divide:Mod0|lpm_divide_m3m:auto_generated|sign_div_unsign_plh:divider|alt_u_div_ove:divider ; alt_u_div_ove              ; work         ;
;             |lpm_divide:Mod1|                                ; 95 (0)              ; 0 (0)                     ; 0                 ; 0          ; 0    ; 0            ; |sys_top|emu:emu|vtg9000_core:core|vtg_patterns:patterns|lpm_divide:Mod1                                                                                 ; lpm_divide                 ; work         ;
;                |lpm_divide_m3m:auto_generated|               ; 95 (0)              ; 0 (0)                     ; 0                 ; 0          ; 0    ; 0            ; |sys_top|emu:emu|vtg9000_core:core|vtg_patterns:patterns|lpm_divide:Mod1|lpm_divide_m3m:auto_generated                                                   ; lpm_divide_m3m             ; work         ;
;                   |sign_div_unsign_plh:divider|              ; 95 (0)              ; 0 (0)                     ; 0                 ; 0          ; 0    ; 0            ; |sys_top|emu:emu|vtg9000_core:core|vtg_patterns:patterns|lpm_divide:Mod1|lpm_divide_m3m:auto_generated|sign_div_unsign_plh:divider                       ; sign_div_unsign_plh        ; work         ;
;                      |alt_u_div_ove:divider|                 ; 95 (95)             ; 0 (0)                     ; 0                 ; 0          ; 0    ; 0            ; |sys_top|emu:emu|vtg9000_core:core|vtg_patterns:patterns|lpm_divide:Mod1|lpm_divide_m3m:auto_generated|sign_div_unsign_plh:divider|alt_u_div_ove:divider ; alt_u_div_ove              ; work         ;
;          |vtg_raster:raster|                                 ; 117 (117)           ; 24 (24)                   ; 0                 ; 0          ; 0    ; 0            ; |sys_top|emu:emu|vtg9000_core:core|vtg_raster:raster                                                                                                     ; vtg_raster                 ; work         ;
;       |vtg_controls:controls|                                ; 297 (297)           ; 106 (106)                 ; 0                 ; 0          ; 0    ; 0            ; |sys_top|emu:emu|vtg_controls:controls                                                                                                                   ; vtg_controls               ; work         ;
;    |mcp23009:mcp23009|                                       ; 169 (57)            ; 104 (42)                  ; 0                 ; 0          ; 0    ; 0            ; |sys_top|mcp23009:mcp23009                                                                                                                               ; mcp23009                   ; work         ;
;       |i2c:i2c|                                              ; 112 (112)           ; 62 (62)                   ; 0                 ; 0          ; 0    ; 0            ; |sys_top|mcp23009:mcp23009|i2c:i2c                                                                                                                       ; i2c                        ; work         ;
;    |osd:hdmi_osd|                                            ; 907 (907)           ; 580 (580)                 ; 32768             ; 0          ; 0    ; 0            ; |sys_top|osd:hdmi_osd                                                                                                                                    ; osd                        ; work         ;
;       |altsyncram:osd_buffer_rtl_0|                          ; 0 (0)               ; 0 (0)                     ; 32768             ; 0          ; 0    ; 0            ; |sys_top|osd:hdmi_osd|altsyncram:osd_buffer_rtl_0                                                                                                        ; altsyncram                 ; work         ;
;          |altsyncram_i6k1:auto_generated|                    ; 0 (0)               ; 0 (0)                     ; 32768             ; 0          ; 0    ; 0            ; |sys_top|osd:hdmi_osd|altsyncram:osd_buffer_rtl_0|altsyncram_i6k1:auto_generated                                                                         ; altsyncram_i6k1            ; work         ;
;    |osd:vga_osd|                                             ; 892 (892)           ; 598 (598)                 ; 32768             ; 0          ; 0    ; 0            ; |sys_top|osd:vga_osd                                                                                                                                     ; osd                        ; work         ;
;       |altsyncram:osd_buffer_rtl_0|                          ; 0 (0)               ; 0 (0)                     ; 32768             ; 0          ; 0    ; 0            ; |sys_top|osd:vga_osd|altsyncram:osd_buffer_rtl_0                                                                                                         ; altsyncram                 ; work         ;
;          |altsyncram_0nl1:auto_generated|                    ; 0 (0)               ; 0 (0)                     ; 32768             ; 0          ; 0    ; 0            ; |sys_top|osd:vga_osd|altsyncram:osd_buffer_rtl_0|altsyncram_0nl1:auto_generated                                                                          ; altsyncram_0nl1            ; work         ;
;    |pll_audio:pll_audio|                                     ; 0 (0)               ; 0 (0)                     ; 0                 ; 0          ; 0    ; 0            ; |sys_top|pll_audio:pll_audio                                                                                                                             ; pll_audio                  ; pll_audio    ;
;       |pll_audio_0002:pll_audio_inst|                        ; 0 (0)               ; 0 (0)                     ; 0                 ; 0          ; 0    ; 0            ; |sys_top|pll_audio:pll_audio|pll_audio_0002:pll_audio_inst                                                                                               ; pll_audio_0002             ; pll_audio    ;
;          |altera_pll:altera_pll_i|                           ; 0 (0)               ; 0 (0)                     ; 0                 ; 0          ; 0    ; 0            ; |sys_top|pll_audio:pll_audio|pll_audio_0002:pll_audio_inst|altera_pll:altera_pll_i                                                                       ; altera_pll                 ; work         ;
;    |pll_cfg_hdmi:pll_cfg_hdmi|                               ; 297 (199)           ; 192 (163)                 ; 0                 ; 0          ; 0    ; 0            ; |sys_top|pll_cfg_hdmi:pll_cfg_hdmi                                                                                                                       ; pll_cfg_hdmi               ; pll_cfg      ;
;       |altera_std_synchronizer:altera_std_synchronizer_inst| ; 0 (0)               ; 3 (3)                     ; 0                 ; 0          ; 0    ; 0            ; |sys_top|pll_cfg_hdmi:pll_cfg_hdmi|altera_std_synchronizer:altera_std_synchronizer_inst                                                                  ; altera_std_synchronizer    ; work         ;
;       |dprio_mux:dprio_mux_inst|                             ; 57 (57)             ; 0 (0)                     ; 0                 ; 0          ; 0    ; 0            ; |sys_top|pll_cfg_hdmi:pll_cfg_hdmi|dprio_mux:dprio_mux_inst                                                                                              ; dprio_mux                  ; pll_cfg      ;
;       |dyn_phase_shift:dyn_phase_shift_inst|                 ; 7 (2)               ; 1 (1)                     ; 0                 ; 0          ; 0    ; 0            ; |sys_top|pll_cfg_hdmi:pll_cfg_hdmi|dyn_phase_shift:dyn_phase_shift_inst                                                                                  ; dyn_phase_shift            ; pll_cfg      ;
;          |generic_lcell_comb:lcell_cnt_sel_0|                ; 1 (1)               ; 0 (0)                     ; 0                 ; 0          ; 0    ; 0            ; |sys_top|pll_cfg_hdmi:pll_cfg_hdmi|dyn_phase_shift:dyn_phase_shift_inst|generic_lcell_comb:lcell_cnt_sel_0                                               ; generic_lcell_comb         ; pll_cfg      ;
;          |generic_lcell_comb:lcell_cnt_sel_1|                ; 1 (1)               ; 0 (0)                     ; 0                 ; 0          ; 0    ; 0            ; |sys_top|pll_cfg_hdmi:pll_cfg_hdmi|dyn_phase_shift:dyn_phase_shift_inst|generic_lcell_comb:lcell_cnt_sel_1                                               ; generic_lcell_comb         ; pll_cfg      ;
;          |generic_lcell_comb:lcell_cnt_sel_2|                ; 1 (1)               ; 0 (0)                     ; 0                 ; 0          ; 0    ; 0            ; |sys_top|pll_cfg_hdmi:pll_cfg_hdmi|dyn_phase_shift:dyn_phase_shift_inst|generic_lcell_comb:lcell_cnt_sel_2                                               ; generic_lcell_comb         ; pll_cfg      ;
;          |generic_lcell_comb:lcell_cnt_sel_3|                ; 1 (1)               ; 0 (0)                     ; 0                 ; 0          ; 0    ; 0            ; |sys_top|pll_cfg_hdmi:pll_cfg_hdmi|dyn_phase_shift:dyn_phase_shift_inst|generic_lcell_comb:lcell_cnt_sel_3                                               ; generic_lcell_comb         ; pll_cfg      ;
;          |generic_lcell_comb:lcell_cnt_sel_4|                ; 1 (1)               ; 0 (0)                     ; 0                 ; 0          ; 0    ; 0            ; |sys_top|pll_cfg_hdmi:pll_cfg_hdmi|dyn_phase_shift:dyn_phase_shift_inst|generic_lcell_comb:lcell_cnt_sel_4                                               ; generic_lcell_comb         ; pll_cfg      ;
;       |fpll_dprio_init:fpll_dprio_init_inst|                 ; 11 (11)             ; 13 (13)                   ; 0                 ; 0          ; 0    ; 0            ; |sys_top|pll_cfg_hdmi:pll_cfg_hdmi|fpll_dprio_init:fpll_dprio_init_inst                                                                                  ; fpll_dprio_init            ; pll_cfg      ;
;       |generic_lcell_comb:lcell_dprio_read|                  ; 1 (1)               ; 0 (0)                     ; 0                 ; 0          ; 0    ; 0            ; |sys_top|pll_cfg_hdmi:pll_cfg_hdmi|generic_lcell_comb:lcell_dprio_read                                                                                   ; generic_lcell_comb         ; pll_cfg      ;
;       |generic_lcell_comb:lcell_fpll_0_1|                    ; 2 (2)               ; 0 (0)                     ; 0                 ; 0          ; 0    ; 0            ; |sys_top|pll_cfg_hdmi:pll_cfg_hdmi|generic_lcell_comb:lcell_fpll_0_1                                                                                     ; generic_lcell_comb         ; pll_cfg      ;
;       |self_reset:self_reset_inst|                           ; 20 (20)             ; 12 (12)                   ; 0                 ; 0          ; 0    ; 0            ; |sys_top|pll_cfg_hdmi:pll_cfg_hdmi|self_reset:self_reset_inst                                                                                            ; self_reset                 ; pll_cfg      ;
;    |pll_hdmi:pll_hdmi|                                       ; 7 (0)               ; 6 (0)                     ; 0                 ; 0          ; 0    ; 0            ; |sys_top|pll_hdmi:pll_hdmi                                                                                                                               ; pll_hdmi                   ; pll_hdmi     ;
;       |pll_hdmi_0002:pll_hdmi_inst|                          ; 7 (0)               ; 6 (0)                     ; 0                 ; 0          ; 0    ; 0            ; |sys_top|pll_hdmi:pll_hdmi|pll_hdmi_0002:pll_hdmi_inst                                                                                                   ; pll_hdmi_0002              ; pll_hdmi     ;
;          |altera_pll:altera_pll_i|                           ; 7 (0)               ; 6 (0)                     ; 0                 ; 0          ; 0    ; 0            ; |sys_top|pll_hdmi:pll_hdmi|pll_hdmi_0002:pll_hdmi_inst|altera_pll:altera_pll_i                                                                           ; altera_pll                 ; work         ;
;             |altera_cyclonev_pll:cyclonev_pll|               ; 0 (0)               ; 0 (0)                     ; 0                 ; 0          ; 0    ; 0            ; |sys_top|pll_hdmi:pll_hdmi|pll_hdmi_0002:pll_hdmi_inst|altera_pll:altera_pll_i|altera_cyclonev_pll:cyclonev_pll                                          ; altera_cyclonev_pll        ; work         ;
;                |altera_cyclonev_pll_base:fpll_0|             ; 0 (0)               ; 0 (0)                     ; 0                 ; 0          ; 0    ; 0            ; |sys_top|pll_hdmi:pll_hdmi|pll_hdmi_0002:pll_hdmi_inst|altera_pll:altera_pll_i|altera_cyclonev_pll:cyclonev_pll|altera_cyclonev_pll_base:fpll_0          ; altera_cyclonev_pll_base   ; work         ;
;             |dps_extra_kick:dps_extra_inst|                  ; 7 (7)               ; 6 (6)                     ; 0                 ; 0          ; 0    ; 0            ; |sys_top|pll_hdmi:pll_hdmi|pll_hdmi_0002:pll_hdmi_inst|altera_pll:altera_pll_i|dps_extra_kick:dps_extra_inst                                             ; dps_extra_kick             ; work         ;
;    |pll_hdmi_adj:pll_hdmi_adj|                               ; 780 (780)           ; 502 (502)                 ; 0                 ; 0          ; 0    ; 0            ; |sys_top|pll_hdmi_adj:pll_hdmi_adj                                                                                                                       ; pll_hdmi_adj               ; work         ;
;    |scanlines:VGA_scanlines|                                 ; 20 (20)             ; 81 (81)                   ; 0                 ; 0          ; 0    ; 0            ; |sys_top|scanlines:VGA_scanlines                                                                                                                         ; scanlines                  ; work         ;
;    |shadowmask:HDMI_shadowmask|                              ; 255 (249)           ; 259 (255)                 ; 3140              ; 0          ; 0    ; 0            ; |sys_top|shadowmask:HDMI_shadowmask                                                                                                                      ; shadowmask                 ; work         ;
;       |altshift_taps:vid_rtl_0|                              ; 6 (0)               ; 4 (0)                     ; 324               ; 0          ; 0    ; 0            ; |sys_top|shadowmask:HDMI_shadowmask|altshift_taps:vid_rtl_0                                                                                              ; altshift_taps              ; work         ;
;          |shift_taps_0vu:auto_generated|                     ; 6 (4)               ; 4 (2)                     ; 324               ; 0          ; 0    ; 0            ; |sys_top|shadowmask:HDMI_shadowmask|altshift_taps:vid_rtl_0|shift_taps_0vu:auto_generated                                                                ; shift_taps_0vu             ; work         ;
;             |altsyncram_pr91:altsyncram4|                    ; 0 (0)               ; 0 (0)                     ; 324               ; 0          ; 0    ; 0            ; |sys_top|shadowmask:HDMI_shadowmask|altshift_taps:vid_rtl_0|shift_taps_0vu:auto_generated|altsyncram_pr91:altsyncram4                                    ; altsyncram_pr91            ; work         ;
;             |cntr_phf:cntr1|                                 ; 2 (2)               ; 2 (2)                     ; 0                 ; 0          ; 0    ; 0            ; |sys_top|shadowmask:HDMI_shadowmask|altshift_taps:vid_rtl_0|shift_taps_0vu:auto_generated|cntr_phf:cntr1                                                 ; cntr_phf                   ; work         ;
;       |altsyncram:mask_lut_rtl_0|                            ; 0 (0)               ; 0 (0)                     ; 2816              ; 0          ; 0    ; 0            ; |sys_top|shadowmask:HDMI_shadowmask|altsyncram:mask_lut_rtl_0                                                                                            ; altsyncram                 ; work         ;
;          |altsyncram_k9j1:auto_generated|                    ; 0 (0)               ; 0 (0)                     ; 2816              ; 0          ; 0    ; 0            ; |sys_top|shadowmask:HDMI_shadowmask|altsyncram:mask_lut_rtl_0|altsyncram_k9j1:auto_generated                                                             ; altsyncram_k9j1            ; work         ;
;    |sync_fix:sync_h|                                         ; 35 (35)             ; 35 (35)                   ; 0                 ; 0          ; 0    ; 0            ; |sys_top|sync_fix:sync_h                                                                                                                                 ; sync_fix                   ; work         ;
;    |sync_fix:sync_v|                                         ; 35 (35)             ; 35 (35)                   ; 0                 ; 0          ; 0    ; 0            ; |sys_top|sync_fix:sync_v                                                                                                                                 ; sync_fix                   ; work         ;
;    |sys_umuldiv:ar_muldiv|                                   ; 55 (1)              ; 109 (0)                   ; 0                 ; 0          ; 0    ; 0            ; |sys_top|sys_umuldiv:ar_muldiv                                                                                                                           ; sys_umuldiv                ; work         ;
;       |sys_udiv:udiv|                                        ; 26 (26)             ; 57 (57)                   ; 0                 ; 0          ; 0    ; 0            ; |sys_top|sys_umuldiv:ar_muldiv|sys_udiv:udiv                                                                                                             ; sys_udiv                   ; work         ;
;       |sys_umul:umul|                                        ; 28 (28)             ; 52 (52)                   ; 0                 ; 0          ; 0    ; 0            ; |sys_top|sys_umuldiv:ar_muldiv|sys_umul:umul                                                                                                             ; sys_umul                   ; work         ;
;    |sysmem_lite:sysmem|                                      ; 154 (41)            ; 152 (37)                  ; 0                 ; 0          ; 0    ; 0            ; |sys_top|sysmem_lite:sysmem                                                                                                                              ; sysmem_lite                ; work         ;
;       |f2sdram_safe_terminator:f2sdram_safe_terminator_ram2| ; 37 (37)             ; 35 (35)                   ; 0                 ; 0          ; 0    ; 0            ; |sys_top|sysmem_lite:sysmem|f2sdram_safe_terminator:f2sdram_safe_terminator_ram2                                                                         ; f2sdram_safe_terminator    ; work         ;
;       |f2sdram_safe_terminator:f2sdram_safe_terminator_vbuf| ; 75 (75)             ; 80 (80)                   ; 0                 ; 0          ; 0    ; 0            ; |sys_top|sysmem_lite:sysmem|f2sdram_safe_terminator:f2sdram_safe_terminator_vbuf                                                                         ; f2sdram_safe_terminator    ; work         ;
;       |sysmem_HPS_fpga_interfaces:fpga_interfaces|           ; 1 (1)               ; 0 (0)                     ; 0                 ; 0          ; 0    ; 0            ; |sys_top|sysmem_lite:sysmem|sysmem_HPS_fpga_interfaces:fpga_interfaces                                                                                   ; sysmem_HPS_fpga_interfaces ; work         ;
;    |vga_out:vga_out|                                         ; 228 (228)           ; 210 (210)                 ; 0                 ; 0          ; 0    ; 0            ; |sys_top|vga_out:vga_out                                                                                                                                 ; vga_out                    ; work         ;
;    |vga_out:vga_scaler_out|                                  ; 292 (285)           ; 208 (204)                 ; 93                ; 0          ; 0    ; 0            ; |sys_top|vga_out:vga_scaler_out                                                                                                                          ; vga_out                    ; work         ;
;       |altshift_taps:din1_rtl_0|                             ; 7 (0)               ; 4 (0)                     ; 93                ; 0          ; 0    ; 0            ; |sys_top|vga_out:vga_scaler_out|altshift_taps:din1_rtl_0                                                                                                 ; altshift_taps              ; work         ;
;          |shift_taps_quu:auto_generated|                     ; 7 (2)               ; 4 (2)                     ; 93                ; 0          ; 0    ; 0            ; |sys_top|vga_out:vga_scaler_out|altshift_taps:din1_rtl_0|shift_taps_quu:auto_generated                                                                   ; shift_taps_quu             ; work         ;
;             |altsyncram_dr91:altsyncram4|                    ; 0 (0)               ; 0 (0)                     ; 93                ; 0          ; 0    ; 0            ; |sys_top|vga_out:vga_scaler_out|altshift_taps:din1_rtl_0|shift_taps_quu:auto_generated|altsyncram_dr91:altsyncram4                                       ; altsyncram_dr91            ; work         ;
;             |cntr_ohf:cntr1|                                 ; 5 (5)               ; 2 (2)                     ; 0                 ; 0          ; 0    ; 0            ; |sys_top|vga_out:vga_scaler_out|altshift_taps:din1_rtl_0|shift_taps_quu:auto_generated|cntr_ohf:cntr1                                                    ; cntr_ohf                   ; work         ;
;    |yc_out:yc_out|                                           ; 460 (446)           ; 311 (305)                 ; 40                ; 2          ; 0    ; 0            ; |sys_top|yc_out:yc_out                                                                                                                                   ; yc_out                     ; work         ;
;       |altshift_taps:luma_d0_rtl_0|                          ; 14 (0)              ; 6 (0)                     ; 40                ; 0          ; 0    ; 0            ; |sys_top|yc_out:yc_out|altshift_taps:luma_d0_rtl_0                                                                                                       ; altshift_taps              ; work         ;
;          |shift_taps_gtu:auto_generated|                     ; 14 (7)              ; 6 (3)                     ; 40                ; 0          ; 0    ; 0            ; |sys_top|yc_out:yc_out|altshift_taps:luma_d0_rtl_0|shift_taps_gtu:auto_generated                                                                         ; shift_taps_gtu             ; work         ;
;             |altsyncram_ro91:altsyncram5|                    ; 0 (0)               ; 0 (0)                     ; 40                ; 0          ; 0    ; 0            ; |sys_top|yc_out:yc_out|altshift_taps:luma_d0_rtl_0|shift_taps_gtu:auto_generated|altsyncram_ro91:altsyncram5                                             ; altsyncram_ro91            ; work         ;
;             |cntr_rhf:cntr1|                                 ; 7 (7)               ; 3 (3)                     ; 0                 ; 0          ; 0    ; 0            ; |sys_top|yc_out:yc_out|altshift_taps:luma_d0_rtl_0|shift_taps_gtu:auto_generated|cntr_rhf:cntr1                                                          ; cntr_rhf                   ; work         ;
+--------------------------------------------------------------+---------------------+---------------------------+-------------------+------------+------+--------------+----------------------------------------------------------------------------------------------------------------------------------------------------------+----------------------------+--------------+
Note: For table entries with two numbers listed, the numbers in parentheses indicate the number of resources of the given type used by the specific entity alone. The numbers listed outside of parentheses indicate the total resources of the given type used by the specific entity and all of its sub-entities in the hierarchy.


+------------------------------------------------------------------------------------------------------------------------------------------------------------------------------------------------------------------------------+
; Analysis & Synthesis RAM Summary                                                                                                                                                                                             ;
+-------------------------------------------------------------------------------------------------------------------------+------+------------------+--------------+--------------+--------------+--------------+-------+------+
; Name                                                                                                                    ; Type ; Mode             ; Port A Depth ; Port A Width ; Port B Depth ; Port B Width ; Size  ; MIF  ;
+-------------------------------------------------------------------------------------------------------------------------+------+------------------+--------------+--------------+--------------+--------------+-------+------+
; altshift_taps:dv_d1_rtl_0|shift_taps_ruu:auto_generated|altsyncram_fr91:altsyncram4|ALTSYNCRAM                          ; AUTO ; Simple Dual Port ; 3            ; 50           ; 3            ; 50           ; 150   ; None ;
; ascal:ascal|altshift_taps:o_vpix_inner[2].r_rtl_0|shift_taps_agv:auto_generated|altsyncram_jr91:altsyncram4|ALTSYNCRAM  ; AUTO ; Simple Dual Port ; 4            ; 24           ; 4            ; 24           ; 96    ; None ;
; ascal:ascal|altsyncram:i_dpram_rtl_0|altsyncram_g9j1:auto_generated|ALTSYNCRAM                                          ; AUTO ; Simple Dual Port ; 32           ; 128          ; 32           ; 128          ; 4096  ; None ;
; ascal:ascal|altsyncram:i_mem[0].r[7]__1|altsyncram_89q1:auto_generated|ALTSYNCRAM                                       ; AUTO ; Simple Dual Port ; 2048         ; 24           ; 2048         ; 24           ; 49152 ; None ;
; ascal:ascal|altsyncram:o_a_poly_mem_rtl_0|altsyncram_o9j1:auto_generated|ALTSYNCRAM                                     ; AUTO ; Simple Dual Port ; 256          ; 40           ; 256          ; 40           ; 10240 ; None ;
; ascal:ascal|altsyncram:o_dpram_rtl_0|altsyncram_32k1:auto_generated|ALTSYNCRAM                                          ; AUTO ; Simple Dual Port ; 32           ; 128          ; 32           ; 128          ; 4096  ; None ;
; ascal:ascal|altsyncram:o_h_poly_mem_rtl_0|altsyncram_o9j1:auto_generated|ALTSYNCRAM                                     ; AUTO ; Simple Dual Port ; 256          ; 40           ; 256          ; 40           ; 10240 ; None ;
; ascal:ascal|altsyncram:o_line0[0].r[7]__2|altsyncram_ccn1:auto_generated|ALTSYNCRAM                                     ; AUTO ; Simple Dual Port ; 2048         ; 24           ; 2048         ; 24           ; 49152 ; None ;
; ascal:ascal|altsyncram:o_line1[0].r[7]__3|altsyncram_ccn1:auto_generated|ALTSYNCRAM                                     ; AUTO ; Simple Dual Port ; 2048         ; 24           ; 2048         ; 24           ; 49152 ; None ;
; ascal:ascal|altsyncram:o_line2[0].r[7]__4|altsyncram_ccn1:auto_generated|ALTSYNCRAM                                     ; AUTO ; Simple Dual Port ; 2048         ; 24           ; 2048         ; 24           ; 49152 ; None ;
; ascal:ascal|altsyncram:o_line3[0].r[7]__5|altsyncram_ccn1:auto_generated|ALTSYNCRAM                                     ; AUTO ; Simple Dual Port ; 2048         ; 24           ; 2048         ; 24           ; 49152 ; None ;
; ascal:ascal|altsyncram:o_linf0[0].r[7]__6|altsyncram_m6n1:auto_generated|ALTSYNCRAM                                     ; AUTO ; Simple Dual Port ; 256          ; 24           ; 256          ; 24           ; 6144  ; None ;
; ascal:ascal|altsyncram:o_linf1[0].r[7]__7|altsyncram_m6n1:auto_generated|ALTSYNCRAM                                     ; AUTO ; Simple Dual Port ; 256          ; 24           ; 256          ; 24           ; 6144  ; None ;
; ascal:ascal|altsyncram:o_linf2[0].r[7]__8|altsyncram_m6n1:auto_generated|ALTSYNCRAM                                     ; AUTO ; Simple Dual Port ; 256          ; 24           ; 256          ; 24           ; 6144  ; None ;
; ascal:ascal|altsyncram:o_linf3[0].r[7]__9|altsyncram_m6n1:auto_generated|ALTSYNCRAM                                     ; AUTO ; Simple Dual Port ; 256          ; 24           ; 256          ; 24           ; 6144  ; None ;
; ascal:ascal|altsyncram:o_v_poly_mem_rtl_0|altsyncram_o9j1:auto_generated|ALTSYNCRAM                                     ; AUTO ; Simple Dual Port ; 256          ; 40           ; 256          ; 40           ; 10240 ; None ;
; ascal:ascal|altsyncram:pal1_mem_rtl_0|altsyncram_2aj1:auto_generated|ALTSYNCRAM                                         ; AUTO ; Simple Dual Port ; 128          ; 48           ; 128          ; 48           ; 6144  ; None ;
; osd:hdmi_osd|altsyncram:osd_buffer_rtl_0|altsyncram_i6k1:auto_generated|ALTSYNCRAM                                      ; AUTO ; Simple Dual Port ; 4096         ; 8            ; 4096         ; 8            ; 32768 ; None ;
; osd:vga_osd|altsyncram:osd_buffer_rtl_0|altsyncram_0nl1:auto_generated|ALTSYNCRAM                                       ; AUTO ; Simple Dual Port ; 4096         ; 8            ; 4096         ; 8            ; 32768 ; None ;
; shadowmask:HDMI_shadowmask|altshift_taps:vid_rtl_0|shift_taps_0vu:auto_generated|altsyncram_pr91:altsyncram4|ALTSYNCRAM ; AUTO ; Simple Dual Port ; 4            ; 81           ; 4            ; 81           ; 324   ; None ;
; shadowmask:HDMI_shadowmask|altsyncram:mask_lut_rtl_0|altsyncram_k9j1:auto_generated|ALTSYNCRAM                          ; AUTO ; Simple Dual Port ; 256          ; 11           ; 256          ; 11           ; 2816  ; None ;
; vga_out:vga_scaler_out|altshift_taps:din1_rtl_0|shift_taps_quu:auto_generated|altsyncram_dr91:altsyncram4|ALTSYNCRAM    ; AUTO ; Simple Dual Port ; 3            ; 31           ; 3            ; 31           ; 93    ; None ;
; yc_out:yc_out|altshift_taps:luma_d0_rtl_0|shift_taps_gtu:auto_generated|altsyncram_ro91:altsyncram5|ALTSYNCRAM          ; AUTO ; Simple Dual Port ; 5            ; 8            ; 5            ; 8            ; 40    ; None ;
+-------------------------------------------------------------------------------------------------------------------------+------+------------------+--------------+--------------+--------------+--------------+-------+------+


+-------------------------------------------------+
; Analysis & Synthesis DSP Block Usage Summary    ;
+-----------------------------------+-------------+
; Statistic                         ; Number Used ;
+-----------------------------------+-------------+
; Two Independent 18x18             ; 15          ;
; Independent 18x18 plus 36         ; 4           ;
; Sum of two 18x18                  ; 30          ;
; Independent 27x27                 ; 7           ;
; Total number of DSP blocks        ; 56          ;
;                                   ;             ;
; Fixed Point Signed Multiplier     ; 6           ;
; Fixed Point Unsigned Multiplier   ; 25          ;
; Fixed Point Mixed Sign Multiplier ; 55          ;
+-----------------------------------+-------------+


+----------------------------------------------------------------------------------------------------------------+
; Analysis & Synthesis IP Cores Summary                                                                          ;
+--------+--------------+---------+--------------+--------------+------------------------------+-----------------+
; Vendor ; IP Core Name ; Version ; Release Date ; License Type ; Entity Instance              ; IP Include File ;
+--------+--------------+---------+--------------+--------------+------------------------------+-----------------+
; Altera ; altera_pll   ; 17.0    ; N/A          ; N/A          ; |sys_top|emu:emu|pll:pll     ; rtl/pll.v       ;
; Altera ; altera_pll   ; 17.0    ; N/A          ; N/A          ; |sys_top|pll_audio:pll_audio ; sys/pll_audio.v ;
; Altera ; altera_pll   ; 17.0    ; N/A          ; N/A          ; |sys_top|pll_hdmi:pll_hdmi   ; sys/pll_hdmi.v  ;
+--------+--------------+---------+--------------+--------------+------------------------------+-----------------+


Encoding Type:  One-Hot
+-----------------------------------------------------------------------------------------------------+
; State Machine - |sys_top|pll_cfg_hdmi:pll_cfg_hdmi|current_state                                    ;
+----------------------------+--------------------+----------------------+----------------------------+
; Name                       ; current_state.IDLE ; current_state.LOCKED ; current_state.WAIT_ON_LOCK ;
+----------------------------+--------------------+----------------------+----------------------------+
; current_state.IDLE         ; 0                  ; 0                    ; 0                          ;
; current_state.WAIT_ON_LOCK ; 1                  ; 0                    ; 1                          ;
; current_state.LOCKED       ; 1                  ; 1                    ; 0                          ;
+----------------------------+--------------------+----------------------+----------------------------+


Encoding Type:  One-Hot
+--------------------------------------------------------------------------------------------------------------------------------------------------------------------------------------------------------------------------------------------------+
; State Machine - |sys_top|pll_cfg_hdmi:pll_cfg_hdmi|operation_address                                                                                                                                                                             ;
+----------------------------------+----------------------------------+------------------------------+---------------------------+----------------------------------+-------------------------+-------------------------+--------------------------+
; Name                             ; operation_address.CP_CURRENT_REG ; operation_address.BWCTRL_REG ; operation_address.DSM_REG ; operation_address.C_COUNTERS_REG ; operation_address.M_REG ; operation_address.N_REG ; operation_address.000000 ;
+----------------------------------+----------------------------------+------------------------------+---------------------------+----------------------------------+-------------------------+-------------------------+--------------------------+
; operation_address.000000         ; 0                                ; 0                            ; 0                         ; 0                                ; 0                       ; 0                       ; 0                        ;
; operation_address.N_REG          ; 0                                ; 0                            ; 0                         ; 0                                ; 0                       ; 1                       ; 1                        ;
; operation_address.M_REG          ; 0                                ; 0                            ; 0                         ; 0                                ; 1                       ; 0                       ; 1                        ;
; operation_address.C_COUNTERS_REG ; 0                                ; 0                            ; 0                         ; 1                                ; 0                       ; 0                       ; 1                        ;
; operation_address.DSM_REG        ; 0                                ; 0                            ; 1                         ; 0                                ; 0                       ; 0                       ; 1                        ;
; operation_address.BWCTRL_REG     ; 0                                ; 1                            ; 0                         ; 0                                ; 0                       ; 0                       ; 1                        ;
; operation_address.CP_CURRENT_REG ; 1                                ; 0                            ; 0                         ; 0                                ; 0                       ; 0                       ; 1                        ;
+----------------------------------+----------------------------------+------------------------------+---------------------------+----------------------------------+-------------------------+-------------------------+--------------------------+


Encoding Type:  One-Hot
+---------------------------------------------------------------------------------------------------------------------------------------------------------------------------------------------------------------------------------------------------------------------------------------------------------------------------+
; State Machine - |sys_top|pll_cfg_hdmi:pll_cfg_hdmi|dprio_cur_state                                                                                                                                                                                                                                                        ;
+----------------------------+----------------------------+---------------------+----------------------+-----------------------+-----------------------+---------------------+----------------------+----------------------+-----------------------+---------------------+---------------------+----------------------------+
; Name                       ; dprio_cur_state.DPRIO_DONE ; dprio_cur_state.TEN ; dprio_cur_state.NINE ; dprio_cur_state.EIGHT ; dprio_cur_state.SEVEN ; dprio_cur_state.SIX ; dprio_cur_state.FIVE ; dprio_cur_state.FOUR ; dprio_cur_state.THREE ; dprio_cur_state.TWO ; dprio_cur_state.ONE ; dprio_cur_state.DPRIO_IDLE ;
+----------------------------+----------------------------+---------------------+----------------------+-----------------------+-----------------------+---------------------+----------------------+----------------------+-----------------------+---------------------+---------------------+----------------------------+
; dprio_cur_state.DPRIO_IDLE ; 0                          ; 0                   ; 0                    ; 0                     ; 0                     ; 0                   ; 0                    ; 0                    ; 0                     ; 0                   ; 0                   ; 0                          ;
; dprio_cur_state.ONE        ; 0                          ; 0                   ; 0                    ; 0                     ; 0                     ; 0                   ; 0                    ; 0                    ; 0                     ; 0                   ; 1                   ; 1                          ;
; dprio_cur_state.TWO        ; 0                          ; 0                   ; 0                    ; 0                     ; 0                     ; 0                   ; 0                    ; 0                    ; 0                     ; 1                   ; 0                   ; 1                          ;
; dprio_cur_state.THREE      ; 0                          ; 0                   ; 0                    ; 0                     ; 0                     ; 0                   ; 0                    ; 0                    ; 1                     ; 0                   ; 0                   ; 1                          ;
; dprio_cur_state.FOUR       ; 0                          ; 0                   ; 0                    ; 0                     ; 0                     ; 0                   ; 0                    ; 1                    ; 0                     ; 0                   ; 0                   ; 1                          ;
; dprio_cur_state.FIVE       ; 0                          ; 0                   ; 0                    ; 0                     ; 0                     ; 0                   ; 1                    ; 0                    ; 0                     ; 0                   ; 0                   ; 1                          ;
; dprio_cur_state.SIX        ; 0                          ; 0                   ; 0                    ; 0                     ; 0                     ; 1                   ; 0                    ; 0                    ; 0                     ; 0                   ; 0                   ; 1                          ;
; dprio_cur_state.SEVEN      ; 0                          ; 0                   ; 0                    ; 0                     ; 1                     ; 0                   ; 0                    ; 0                    ; 0                     ; 0                   ; 0                   ; 1                          ;
; dprio_cur_state.EIGHT      ; 0                          ; 0                   ; 0                    ; 1                     ; 0                     ; 0                   ; 0                    ; 0                    ; 0                     ; 0                   ; 0                   ; 1                          ;
; dprio_cur_state.NINE       ; 0                          ; 0                   ; 1                    ; 0                     ; 0                     ; 0                   ; 0                    ; 0                    ; 0                     ; 0                   ; 0                   ; 1                          ;
; dprio_cur_state.TEN        ; 0                          ; 1                   ; 0                    ; 0                     ; 0                     ; 0                   ; 0                    ; 0                    ; 0                     ; 0                   ; 0                   ; 1                          ;
; dprio_cur_state.DPRIO_DONE ; 1                          ; 0                   ; 0                    ; 0                     ; 0                     ; 0                   ; 0                    ; 0                    ; 0                     ; 0                   ; 0                   ; 1                          ;
+----------------------------+----------------------------+---------------------+----------------------+-----------------------+-----------------------+---------------------+----------------------+----------------------+-----------------------+---------------------+---------------------+----------------------------+


Encoding Type:  One-Hot
+--------------------------------------------------------------------------------------------------------------------------------------------------------------------------------------------------------------------------------------------------------------+
; State Machine - |sys_top|pll_cfg_hdmi:pll_cfg_hdmi|dyn_phase_shift:dyn_phase_shift_inst|dps_current_state                                                                                                                                                    ;
+------------------------------------------+-------------------------------+------------------------------------------+-------------------------------------+-----------------------------+---------------------------------------+----------------------------+
; Name                                     ; dps_current_state.DPS_CHANGED ; dps_current_state.DPS_WAIT_DPRIO_WRITING ; dps_current_state.DPS_WAIT_PHASE_EN ; dps_current_state.DPS_START ; dps_current_state.DPS_WAIT_PHASE_DONE ; dps_current_state.DPS_DONE ;
+------------------------------------------+-------------------------------+------------------------------------------+-------------------------------------+-----------------------------+---------------------------------------+----------------------------+
; dps_current_state.DPS_DONE               ; 0                             ; 0                                        ; 0                                   ; 0                           ; 0                                     ; 0                          ;
; dps_current_state.DPS_WAIT_PHASE_DONE    ; 0                             ; 0                                        ; 0                                   ; 0                           ; 1                                     ; 1                          ;
; dps_current_state.DPS_START              ; 0                             ; 0                                        ; 0                                   ; 1                           ; 0                                     ; 1                          ;
; dps_current_state.DPS_WAIT_PHASE_EN      ; 0                             ; 0                                        ; 1                                   ; 0                           ; 0                                     ; 1                          ;
; dps_current_state.DPS_WAIT_DPRIO_WRITING ; 0                             ; 1                                        ; 0                                   ; 0                           ; 0                                     ; 1                          ;
; dps_current_state.DPS_CHANGED            ; 1                             ; 0                                        ; 0                                   ; 0                           ; 0                                     ; 1                          ;
+------------------------------------------+-------------------------------+------------------------------------------+-------------------------------------+-----------------------------+---------------------------------------+----------------------------+


Encoding Type:  One-Hot
+-----------------------------------------------------------------------------------------------------------------------------------------------------------------------------------------------------------------------------------------------------------------+
; State Machine - |sys_top|pll_hdmi:pll_hdmi|pll_hdmi_0002:pll_hdmi_inst|altera_pll:altera_pll_i|dps_extra_kick:dps_extra_inst|dps_current_state                                                                                                                  ;
+------------------------------------+------------------------------------+------------------------------------+------------------------------------+------------------------------------+------------------------------------+-----------------------------------+
; Name                               ; dps_current_state.PHASE_DONE_LOW_0 ; dps_current_state.PHASE_DONE_LOW_4 ; dps_current_state.PHASE_DONE_LOW_3 ; dps_current_state.PHASE_DONE_LOW_2 ; dps_current_state.PHASE_DONE_LOW_1 ; dps_current_state.PHASE_DONE_HIGH ;
+------------------------------------+------------------------------------+------------------------------------+------------------------------------+------------------------------------+------------------------------------+-----------------------------------+
; dps_current_state.PHASE_DONE_HIGH  ; 0                                  ; 0                                  ; 0                                  ; 0                                  ; 0                                  ; 0                                 ;
; dps_current_state.PHASE_DONE_LOW_1 ; 0                                  ; 0                                  ; 0                                  ; 0                                  ; 1                                  ; 1                                 ;
; dps_current_state.PHASE_DONE_LOW_2 ; 0                                  ; 0                                  ; 0                                  ; 1                                  ; 0                                  ; 1                                 ;
; dps_current_state.PHASE_DONE_LOW_3 ; 0                                  ; 0                                  ; 1                                  ; 0                                  ; 0                                  ; 1                                 ;
; dps_current_state.PHASE_DONE_LOW_4 ; 0                                  ; 1                                  ; 0                                  ; 0                                  ; 0                                  ; 1                                 ;
; dps_current_state.PHASE_DONE_LOW_0 ; 1                                  ; 0                                  ; 0                                  ; 0                                  ; 0                                  ; 1                                 ;
+------------------------------------+------------------------------------+------------------------------------+------------------------------------+------------------------------------+------------------------------------+-----------------------------------+


Encoding Type:  One-Hot
+----------------------------------------------------------------------------------------+
; State Machine - |sys_top|ascal:ascal|o_state                                           ;
+-------------------+-------------------+---------------+----------------+---------------+
; Name              ; o_state.sWAITREAD ; o_state.sREAD ; o_state.sHSYNC ; o_state.sDISP ;
+-------------------+-------------------+---------------+----------------+---------------+
; o_state.sDISP     ; 0                 ; 0             ; 0              ; 0             ;
; o_state.sHSYNC    ; 0                 ; 0             ; 1              ; 1             ;
; o_state.sREAD     ; 0                 ; 1             ; 0              ; 1             ;
; o_state.sWAITREAD ; 1                 ; 0             ; 0              ; 1             ;
+-------------------+-------------------+---------------+----------------+---------------+


Encoding Type:  One-Hot
+-------------------------------------------------------------------------------------+
; State Machine - |sys_top|emu:emu|vtg_controls:controls|vertical_d                   ;
+---------------------+---------------------+--------------------+--------------------+
; Name                ; vertical_d.DIR_NONE ; vertical_d.DIR_POS ; vertical_d.DIR_NEG ;
+---------------------+---------------------+--------------------+--------------------+
; vertical_d.DIR_NONE ; 0                   ; 0                  ; 0                  ;
; vertical_d.DIR_NEG  ; 1                   ; 0                  ; 1                  ;
; vertical_d.DIR_POS  ; 1                   ; 1                  ; 0                  ;
+---------------------+---------------------+--------------------+--------------------+


Encoding Type:  One-Hot
+---------------------------------------------------------------------------------------------+
; State Machine - |sys_top|emu:emu|vtg_controls:controls|horizontal_d                         ;
+-----------------------+-----------------------+----------------------+----------------------+
; Name                  ; horizontal_d.DIR_NONE ; horizontal_d.DIR_POS ; horizontal_d.DIR_NEG ;
+-----------------------+-----------------------+----------------------+----------------------+
; horizontal_d.DIR_NONE ; 0                     ; 0                    ; 0                    ;
; horizontal_d.DIR_NEG  ; 1                     ; 0                    ; 1                    ;
; horizontal_d.DIR_POS  ; 1                     ; 1                    ; 0                    ;
+-----------------------+-----------------------+----------------------+----------------------+


Encoding Type:  One-Hot
+-------------------------------------------------------------------------+
; State Machine - |sys_top|ascal:ascal|avl_state                          ;
+------------------+-----------------+------------------+-----------------+
; Name             ; avl_state.sREAD ; avl_state.sWRITE ; avl_state.sIDLE ;
+------------------+-----------------+------------------+-----------------+
; avl_state.sIDLE  ; 0               ; 0                ; 0               ;
; avl_state.sWRITE ; 0               ; 1                ; 1               ;
; avl_state.sREAD  ; 1               ; 0                ; 1               ;
+------------------+-----------------+------------------+-----------------+


Encoding Type:  One-Hot
+--------------------------------------------------+
; State Machine - |sys_top|mcp23009:mcp23009|state ;
+----------+----------+----------+-----------------+
; Name     ; state.00 ; state.10 ; state.01        ;
+----------+----------+----------+-----------------+
; state.00 ; 0        ; 0        ; 0               ;
; state.01 ; 1        ; 0        ; 1               ;
; state.10 ; 1        ; 1        ; 0               ;
+----------+----------+----------+-----------------+


Encoding Type:  One-Hot
+-------------------------------------------------------------+
; State Machine - |sys_top|ascal:ascal|o_copy                 ;
+---------------+--------------+---------------+--------------+
; Name          ; o_copy.sCOPY ; o_copy.sSHIFT ; o_copy.sWAIT ;
+---------------+--------------+---------------+--------------+
; o_copy.sWAIT  ; 0            ; 0             ; 0            ;
; o_copy.sSHIFT ; 0            ; 1             ; 1            ;
; o_copy.sCOPY  ; 1            ; 0             ; 1            ;
+---------------+--------------+---------------+--------------+


Encoding Type:  One-Hot
+------------------------------------------+
; State Machine - |sys_top|alsa:alsa|state ;
+----------+-------------------------------+
; Name     ; state.01                      ;
+----------+-------------------------------+
; state.00 ; 0                             ;
; state.01 ; 1                             ;
+----------+-------------------------------+


Encoding Type:  One-Hot
+---------------------------------------------------------------------------------------------------+
; State Machine - |sys_top|pll_hdmi_adj:pll_hdmi_adj|state                                          ;
+-------------+-----------+-----------+-----------+-----------+-----------+-----------+-------------+
; Name        ; state.sW6 ; state.sW5 ; state.sW4 ; state.sW3 ; state.sW2 ; state.sW1 ; state.sIDLE ;
+-------------+-----------+-----------+-----------+-----------+-----------+-----------+-------------+
; state.sIDLE ; 0         ; 0         ; 0         ; 0         ; 0         ; 0         ; 0           ;
; state.sW1   ; 0         ; 0         ; 0         ; 0         ; 0         ; 1         ; 1           ;
; state.sW2   ; 0         ; 0         ; 0         ; 0         ; 1         ; 0         ; 1           ;
; state.sW3   ; 0         ; 0         ; 0         ; 1         ; 0         ; 0         ; 1           ;
; state.sW4   ; 0         ; 0         ; 1         ; 0         ; 0         ; 0         ; 1           ;
; state.sW5   ; 0         ; 1         ; 0         ; 0         ; 0         ; 0         ; 1           ;
; state.sW6   ; 1         ; 0         ; 0         ; 0         ; 0         ; 0         ; 1           ;
+-------------+-----------+-----------+-----------+-----------+-----------+-----------+-------------+


+--------------------------------------------------------------------------------------------------------------------------------------------------------------------------------------------------------+
; Registers Protected by Synthesis                                                                                                                                                                       ;
+----------------------------------------------------------------------------------------+------------------------------------------------------------------+--------------------------------------------+
; Register Name                                                                          ; Protected by Synthesis Attribute or Preserve Register Assignment ; Not to be Touched by Netlist Optimizations ;
+----------------------------------------------------------------------------------------+------------------------------------------------------------------+--------------------------------------------+
; pll_cfg_hdmi:pll_cfg_hdmi|usr_cnt_sel[0]                                               ; yes                                                              ; yes                                        ;
; pll_cfg_hdmi:pll_cfg_hdmi|usr_cnt_sel[1]                                               ; yes                                                              ; yes                                        ;
; pll_cfg_hdmi:pll_cfg_hdmi|usr_cnt_sel[2]                                               ; yes                                                              ; yes                                        ;
; pll_cfg_hdmi:pll_cfg_hdmi|usr_cnt_sel[3]                                               ; yes                                                              ; yes                                        ;
; pll_cfg_hdmi:pll_cfg_hdmi|usr_cnt_sel[4]                                               ; yes                                                              ; yes                                        ;
; osd:hdmi_osd|ce_pix                                                                    ; yes                                                              ; yes                                        ;
; pll_cfg_hdmi:pll_cfg_hdmi|altera_std_synchronizer:altera_std_synchronizer_inst|dreg[1] ; yes                                                              ; yes                                        ;
; pll_cfg_hdmi:pll_cfg_hdmi|altera_std_synchronizer:altera_std_synchronizer_inst|dreg[0] ; yes                                                              ; yes                                        ;
; pll_cfg_hdmi:pll_cfg_hdmi|altera_std_synchronizer:altera_std_synchronizer_inst|din_s1  ; yes                                                              ; yes                                        ;
; osd:vga_osd|ce_pix                                                                     ; yes                                                              ; yes                                        ;
; Total number of protected registers is 10                                              ;                                                                  ;                                            ;
+----------------------------------------------------------------------------------------+------------------------------------------------------------------+--------------------------------------------+


+-----------------------------------------------------------------------------------------------------------------------------------------------------------------------------------------------------------------------------------------+
; Registers Removed During Synthesis                                                                                                                                                                                                      ;
+-------------------------------------------------------------------------------------------------------------------------+---------------------------------------------------------------------------------------------------------------+
; Register name                                                                                                           ; Reason for Removal                                                                                            ;
+-------------------------------------------------------------------------------------------------------------------------+---------------------------------------------------------------------------------------------------------------+
; arxy                                                                                                                    ; Stuck at GND due to stuck port data_in                                                                        ;
; ary[0,1]                                                                                                                ; Stuck at VCC due to stuck port data_in                                                                        ;
; ary[2..11]                                                                                                              ; Stuck at GND due to stuck port data_in                                                                        ;
; arx[0,1]                                                                                                                ; Stuck at GND due to stuck port data_in                                                                        ;
; arx[2]                                                                                                                  ; Stuck at VCC due to stuck port data_in                                                                        ;
; arx[3..11]                                                                                                              ; Stuck at GND due to stuck port data_in                                                                        ;
; sl_r[0,1]                                                                                                               ; Stuck at GND due to stuck port data_in                                                                        ;
; emu:emu|hps_io:hps_io|uio_block.old_upload_req                                                                          ; Lost fanout                                                                                                   ;
; emu:emu|hps_io:hps_io|uio_block.old_info                                                                                ; Lost fanout                                                                                                   ;
; alsa:alsa|spi_out[0..7,27..31]                                                                                          ; Stuck at GND due to stuck port data_in                                                                        ;
; audio_out:audio_out|cr1[0..15]                                                                                          ; Stuck at GND due to stuck port data_in                                                                        ;
; audio_out:audio_out|cl1[0..15]                                                                                          ; Stuck at GND due to stuck port data_in                                                                        ;
; audio_out:audio_out|spdif:toslink|preamble_q[3,7]                                                                       ; Stuck at GND due to stuck port data_in                                                                        ;
; vga_out:vga_out|pr_1b[14..18]                                                                                           ; Stuck at GND due to stuck port data_in                                                                        ;
; vga_out:vga_out|pb_1b[0..6,15..18]                                                                                      ; Stuck at GND due to stuck port data_in                                                                        ;
; vga_out:vga_out|y_1b[15..18]                                                                                            ; Stuck at GND due to stuck port data_in                                                                        ;
; vga_out:vga_out|pr_1g[0,17,18]                                                                                          ; Stuck at GND due to stuck port data_in                                                                        ;
; vga_out:vga_out|pb_1g[17,18]                                                                                            ; Stuck at GND due to stuck port data_in                                                                        ;
; vga_out:vga_out|y_1g[0,18]                                                                                              ; Stuck at GND due to stuck port data_in                                                                        ;
; vga_out:vga_out|pr_1r[0..6]                                                                                             ; Stuck at GND due to stuck port data_in                                                                        ;
; vga_out:vga_out|pr_1r[15]                                                                                               ; Stuck at VCC due to stuck port data_in                                                                        ;
; vga_out:vga_out|pr_1r[16..18]                                                                                           ; Stuck at GND due to stuck port data_in                                                                        ;
; vga_out:vga_out|pb_1r[0,16..18]                                                                                         ; Stuck at GND due to stuck port data_in                                                                        ;
; vga_out:vga_out|y_1r[17,18]                                                                                             ; Stuck at GND due to stuck port data_in                                                                        ;
; vga_out:vga_scaler_out|pr_1b[14..18]                                                                                    ; Stuck at GND due to stuck port data_in                                                                        ;
; vga_out:vga_scaler_out|pb_1b[0..6,15..18]                                                                               ; Stuck at GND due to stuck port data_in                                                                        ;
; vga_out:vga_scaler_out|y_1b[15..18]                                                                                     ; Stuck at GND due to stuck port data_in                                                                        ;
; vga_out:vga_scaler_out|pr_1g[0,17,18]                                                                                   ; Stuck at GND due to stuck port data_in                                                                        ;
; vga_out:vga_scaler_out|pb_1g[17,18]                                                                                     ; Stuck at GND due to stuck port data_in                                                                        ;
; vga_out:vga_scaler_out|y_1g[0,18]                                                                                       ; Stuck at GND due to stuck port data_in                                                                        ;
; vga_out:vga_scaler_out|pr_1r[0..6]                                                                                      ; Stuck at GND due to stuck port data_in                                                                        ;
; vga_out:vga_scaler_out|pr_1r[15]                                                                                        ; Stuck at VCC due to stuck port data_in                                                                        ;
; vga_out:vga_scaler_out|pr_1r[16..18]                                                                                    ; Stuck at GND due to stuck port data_in                                                                        ;
; vga_out:vga_scaler_out|pb_1r[0,16..18]                                                                                  ; Stuck at GND due to stuck port data_in                                                                        ;
; vga_out:vga_scaler_out|y_1r[17,18]                                                                                      ; Stuck at GND due to stuck port data_in                                                                        ;
; yc_out:yc_out|yb[18..20]                                                                                                ; Stuck at GND due to stuck port data_in                                                                        ;
; yc_out:yc_out|yr[0,19,20]                                                                                               ; Stuck at GND due to stuck port data_in                                                                        ;
; osd:vga_osd|ordout1[21]                                                                                                 ; Stuck at VCC due to stuck port data_in                                                                        ;
; osd:vga_osd|ordout1[5,13]                                                                                               ; Stuck at GND due to stuck port data_in                                                                        ;
; osd:vga_osd|v_info_start_4[0,1]                                                                                         ; Stuck at GND due to stuck port data_in                                                                        ;
; osd:vga_osd|v_info_start_2[0]                                                                                           ; Stuck at GND due to stuck port data_in                                                                        ;
; osd:vga_osd|v_osd_start_5[21]                                                                                           ; Stuck at GND due to stuck port data_in                                                                        ;
; osd:vga_osd|v_osd_start_4[21]                                                                                           ; Stuck at GND due to stuck port data_in                                                                        ;
; osd:vga_osd|v_osd_start_3[21]                                                                                           ; Stuck at GND due to stuck port data_in                                                                        ;
; osd:vga_osd|v_osd_start_2[21]                                                                                           ; Stuck at GND due to stuck port data_in                                                                        ;
; osd:vga_osd|v_osd_start_1[21]                                                                                           ; Stuck at GND due to stuck port data_in                                                                        ;
; osd:vga_osd|v_osd_start_h[21]                                                                                           ; Stuck at GND due to stuck port data_in                                                                        ;
; osd:vga_osd|osd_t[0..6,9..21]                                                                                           ; Stuck at GND due to stuck port data_in                                                                        ;
; osd:hdmi_osd|ordout1[21]                                                                                                ; Stuck at VCC due to stuck port data_in                                                                        ;
; osd:hdmi_osd|ordout1[5,13]                                                                                              ; Stuck at GND due to stuck port data_in                                                                        ;
; osd:hdmi_osd|v_info_start_4[0,1]                                                                                        ; Stuck at GND due to stuck port data_in                                                                        ;
; osd:hdmi_osd|v_info_start_2[0]                                                                                          ; Stuck at GND due to stuck port data_in                                                                        ;
; osd:hdmi_osd|v_osd_start_5[21]                                                                                          ; Stuck at GND due to stuck port data_in                                                                        ;
; osd:hdmi_osd|v_osd_start_4[21]                                                                                          ; Stuck at GND due to stuck port data_in                                                                        ;
; osd:hdmi_osd|v_osd_start_3[21]                                                                                          ; Stuck at GND due to stuck port data_in                                                                        ;
; osd:hdmi_osd|v_osd_start_2[21]                                                                                          ; Stuck at GND due to stuck port data_in                                                                        ;
; osd:hdmi_osd|v_osd_start_1[21]                                                                                          ; Stuck at GND due to stuck port data_in                                                                        ;
; osd:hdmi_osd|v_osd_start_h[21]                                                                                          ; Stuck at GND due to stuck port data_in                                                                        ;
; osd:hdmi_osd|osd_t[0..6,9..21]                                                                                          ; Stuck at GND due to stuck port data_in                                                                        ;
; shadowmask:HDMI_shadowmask|b3_x[6,7]                                                                                    ; Stuck at GND due to stuck port data_in                                                                        ;
; shadowmask:HDMI_shadowmask|g3_x[6,7]                                                                                    ; Stuck at GND due to stuck port data_in                                                                        ;
; shadowmask:HDMI_shadowmask|r3_x[6,7]                                                                                    ; Stuck at GND due to stuck port data_in                                                                        ;
; pll_cfg_hdmi:pll_cfg_hdmi|usr_dprio_address[0..5]                                                                       ; Stuck at GND due to stuck port data_in                                                                        ;
; pll_cfg_hdmi:pll_cfg_hdmi|usr_dprio_writedata_0[0..15]                                                                  ; Stuck at GND due to stuck port data_in                                                                        ;
; pll_cfg_hdmi:pll_cfg_hdmi|usr_r_w                                                                                       ; Stuck at GND due to stuck port data_in                                                                        ;
; pll_cfg_hdmi:pll_cfg_hdmi|usr_vco_value                                                                                 ; Stuck at GND due to stuck port data_in                                                                        ;
; ascal:ascal|i_freeze                                                                                                    ; Stuck at GND due to stuck port data_in                                                                        ;
; ascal:ascal|i_bob_deint                                                                                                 ; Stuck at GND due to stuck port data_in                                                                        ;
; ascal:ascal|i_iauto                                                                                                     ; Stuck at VCC due to stuck port data_in                                                                        ;
; ascal:ascal|i_head[121..127]                                                                                            ; Stuck at GND due to stuck port data_in                                                                        ;
; ascal:ascal|i_head[120]                                                                                                 ; Stuck at VCC due to stuck port data_in                                                                        ;
; ascal:ascal|i_head[105..111,114..119]                                                                                   ; Stuck at GND due to stuck port data_in                                                                        ;
; ascal:ascal|i_head[104]                                                                                                 ; Stuck at VCC due to stuck port data_in                                                                        ;
; ascal:ascal|i_head[12..15,28..39,45..47,60..63,76..79,88..103]                                                          ; Stuck at GND due to stuck port data_in                                                                        ;
; ascal:ascal|i_vdivi[0]                                                                                                  ; Stuck at GND due to stuck port data_in                                                                        ;
; ascal:ascal|avl_i_offset0[30,31]                                                                                        ; Stuck at GND due to stuck port data_in                                                                        ;
; ascal:ascal|avl_i_offset0[29]                                                                                           ; Stuck at VCC due to stuck port data_in                                                                        ;
; ascal:ascal|avl_i_offset0[4..22,25..28]                                                                                 ; Stuck at GND due to stuck port data_in                                                                        ;
; ascal:ascal|avl_i_offset1[30,31]                                                                                        ; Stuck at GND due to stuck port data_in                                                                        ;
; ascal:ascal|avl_i_offset1[29]                                                                                           ; Stuck at VCC due to stuck port data_in                                                                        ;
; ascal:ascal|avl_i_offset1[4..22,25..28]                                                                                 ; Stuck at GND due to stuck port data_in                                                                        ;
; ascal:ascal|o_vdivi[0]                                                                                                  ; Stuck at GND due to stuck port data_in                                                                        ;
; ascal:ascal|o_mode[0,1]                                                                                                 ; Stuck at GND due to stuck port data_in                                                                        ;
; ascal:ascal|o_run                                                                                                       ; Stuck at VCC due to stuck port data_in                                                                        ;
; ascal:ascal|o_freeze                                                                                                    ; Stuck at GND due to stuck port data_in                                                                        ;
; ascal:ascal|o_bob_deint                                                                                                 ; Stuck at GND due to stuck port data_in                                                                        ;
; ascal:ascal|o_ihsize_temp[14]                                                                                           ; Stuck at GND due to stuck port data_in                                                                        ;
; ascal:ascal|o_vacc_ini[13]                                                                                              ; Stuck at GND due to stuck port data_in                                                                        ;
; ascal:ascal|o_hacc_ini[13]                                                                                              ; Stuck at GND due to stuck port data_in                                                                        ;
; ascal:ascal|o_v_sbil_t.f[7]                                                                                             ; Stuck at GND due to stuck port data_in                                                                        ;
; ascal:ascal|o_h_sbil_t.f[7]                                                                                             ; Stuck at GND due to stuck port data_in                                                                        ;
; ascal:ascal|o_div[0][1]                                                                                                 ; Stuck at GND due to stuck port data_in                                                                        ;
; ascal:ascal|o_div[0][2]                                                                                                 ; Stuck at GND due to stuck port data_in                                                                        ;
; ascal:ascal|o_div[0][3]                                                                                                 ; Stuck at GND due to stuck port data_in                                                                        ;
; ascal:ascal|o_div[0][4]                                                                                                 ; Stuck at GND due to stuck port data_in                                                                        ;
; ascal:ascal|o_div[0][5]                                                                                                 ; Stuck at GND due to stuck port data_in                                                                        ;
; ascal:ascal|o_div[0][6]                                                                                                 ; Stuck at GND due to stuck port data_in                                                                        ;
; ascal:ascal|o_poly_lerp_tb[8,9]                                                                                         ; Stuck at GND due to stuck port data_in                                                                        ;
; ascal:ascal|o_poly_lerp_ta[9]                                                                                           ; Stuck at GND due to stuck port data_in                                                                        ;
; ddr_svc:ddr_svc|ram_write                                                                                               ; Stuck at GND due to stuck port data_in                                                                        ;
; sysmem_lite:sysmem|ram1_reset_1                                                                                         ; Stuck at VCC due to stuck port clock                                                                          ;
; sysmem_lite:sysmem|ram1_reset_0                                                                                         ; Lost fanout                                                                                                   ;
; sysmem_lite:sysmem|f2sdram_safe_terminator:f2sdram_safe_terminator_vbuf|write_burstcount_latch[0..3,5..7]               ; Stuck at GND due to stuck port data_in                                                                        ;
; sysmem_lite:sysmem|f2sdram_safe_terminator:f2sdram_safe_terminator_ram1|init_reset_deasserted                           ; Stuck at GND due to stuck port clock                                                                          ;
; sysmem_lite:sysmem|f2sdram_safe_terminator:f2sdram_safe_terminator_ram1|lock_stage                                      ; Stuck at GND due to stuck port clock                                                                          ;
; sysmem_lite:sysmem|f2sdram_safe_terminator:f2sdram_safe_terminator_ram1|write_address_latch[0..28]                      ; Lost fanout                                                                                                   ;
; sysmem_lite:sysmem|f2sdram_safe_terminator:f2sdram_safe_terminator_ram1|read_terminating                                ; Stuck at GND due to stuck port clock                                                                          ;
; sysmem_lite:sysmem|f2sdram_safe_terminator:f2sdram_safe_terminator_ram1|write_terminate_counter[0..7]                   ; Stuck at GND due to stuck port clock                                                                          ;
; sysmem_lite:sysmem|f2sdram_safe_terminator:f2sdram_safe_terminator_ram1|write_terminating                               ; Stuck at GND due to stuck port clock                                                                          ;
; sysmem_lite:sysmem|f2sdram_safe_terminator:f2sdram_safe_terminator_ram1|terminating                                     ; Stuck at GND due to stuck port clock                                                                          ;
; sysmem_lite:sysmem|f2sdram_safe_terminator:f2sdram_safe_terminator_ram1|address_latch[0..28]                            ; Stuck at GND due to stuck port clock                                                                          ;
; sysmem_lite:sysmem|f2sdram_safe_terminator:f2sdram_safe_terminator_ram1|burstcount_latch[0..7]                          ; Stuck at GND due to stuck port clock                                                                          ;
; sysmem_lite:sysmem|f2sdram_safe_terminator:f2sdram_safe_terminator_ram1|write_burstcount_latch[0..7]                    ; Stuck at GND due to stuck port clock                                                                          ;
; sysmem_lite:sysmem|f2sdram_safe_terminator:f2sdram_safe_terminator_ram1|write_burstcounter[0..7]                        ; Stuck at GND due to stuck port clock                                                                          ;
; sysmem_lite:sysmem|f2sdram_safe_terminator:f2sdram_safe_terminator_ram1|state_write                                     ; Stuck at GND due to stuck port clock                                                                          ;
; mcp23009:mcp23009|i2c:i2c|SD[19,28,30,31]                                                                               ; Stuck at VCC due to stuck port data_in                                                                        ;
; mcp23009:mcp23009|i2c:i2c|SD[1,2,4..8]                                                                                  ; Stuck at GND due to stuck port data_in                                                                        ;
; mcp23009:mcp23009|i2c:i2c|len                                                                                           ; Stuck at VCC due to stuck port data_in                                                                        ;
; audio_out:audio_out|cr2[0..15]                                                                                          ; Stuck at GND due to stuck port data_in                                                                        ;
; audio_out:audio_out|cl2[0..15]                                                                                          ; Stuck at GND due to stuck port data_in                                                                        ;
; audio_out:audio_out|aud_mix_top:audmix_l|pre_out[0..15]                                                                 ; Lost fanout                                                                                                   ;
; audio_out:audio_out|aud_mix_top:audmix_r|pre_out[0..15]                                                                 ; Lost fanout                                                                                                   ;
; scanlines:VGA_scanlines|old_hs                                                                                          ; Lost fanout                                                                                                   ;
; ascal:ascal|o_iwfl[0..2]                                                                                                ; Lost fanout                                                                                                   ;
; ascal:ascal|o_hmode[0,1]                                                                                                ; Stuck at GND due to stuck port data_in                                                                        ;
; ascal:ascal|o_vmode[0,1]                                                                                                ; Stuck at GND due to stuck port data_in                                                                        ;
; ascal:ascal|o_v_bil_pix.r[7]                                                                                            ; Lost fanout                                                                                                   ;
; ascal:ascal|o_v_bil_t.r[15]                                                                                             ; Lost fanout                                                                                                   ;
; ascal:ascal|o_v_bil_pix.r[6]                                                                                            ; Lost fanout                                                                                                   ;
; ascal:ascal|o_v_bil_t.r[14]                                                                                             ; Lost fanout                                                                                                   ;
; ascal:ascal|o_v_bil_pix.r[5]                                                                                            ; Lost fanout                                                                                                   ;
; ascal:ascal|o_v_bil_t.r[13]                                                                                             ; Lost fanout                                                                                                   ;
; ascal:ascal|o_v_bil_pix.r[4]                                                                                            ; Lost fanout                                                                                                   ;
; ascal:ascal|o_v_bil_t.r[12]                                                                                             ; Lost fanout                                                                                                   ;
; ascal:ascal|o_v_bil_pix.r[3]                                                                                            ; Lost fanout                                                                                                   ;
; ascal:ascal|o_v_bil_t.r[11]                                                                                             ; Lost fanout                                                                                                   ;
; ascal:ascal|o_v_bil_pix.r[2]                                                                                            ; Lost fanout                                                                                                   ;
; ascal:ascal|o_v_bil_t.r[10]                                                                                             ; Lost fanout                                                                                                   ;
; ascal:ascal|o_v_bil_pix.r[1]                                                                                            ; Lost fanout                                                                                                   ;
; ascal:ascal|o_v_bil_t.r[9]                                                                                              ; Lost fanout                                                                                                   ;
; ascal:ascal|o_v_bil_pix.r[0]                                                                                            ; Lost fanout                                                                                                   ;
; ascal:ascal|o_v_bil_t.r[8,16]                                                                                           ; Lost fanout                                                                                                   ;
; ascal:ascal|o_v_bil_pix.g[7]                                                                                            ; Lost fanout                                                                                                   ;
; ascal:ascal|o_v_bil_t.g[15]                                                                                             ; Lost fanout                                                                                                   ;
; ascal:ascal|o_v_bil_pix.g[6]                                                                                            ; Lost fanout                                                                                                   ;
; ascal:ascal|o_v_bil_t.g[14]                                                                                             ; Lost fanout                                                                                                   ;
; ascal:ascal|o_v_bil_pix.g[5]                                                                                            ; Lost fanout                                                                                                   ;
; ascal:ascal|o_v_bil_t.g[13]                                                                                             ; Lost fanout                                                                                                   ;
; ascal:ascal|o_v_bil_pix.g[4]                                                                                            ; Lost fanout                                                                                                   ;
; ascal:ascal|o_v_bil_t.g[12]                                                                                             ; Lost fanout                                                                                                   ;
; ascal:ascal|o_v_bil_pix.g[3]                                                                                            ; Lost fanout                                                                                                   ;
; ascal:ascal|o_v_bil_t.g[11]                                                                                             ; Lost fanout                                                                                                   ;
; ascal:ascal|o_v_bil_pix.g[2]                                                                                            ; Lost fanout                                                                                                   ;
; ascal:ascal|o_v_bil_t.g[10]                                                                                             ; Lost fanout                                                                                                   ;
; ascal:ascal|o_v_bil_pix.g[1]                                                                                            ; Lost fanout                                                                                                   ;
; ascal:ascal|o_v_bil_t.g[9]                                                                                              ; Lost fanout                                                                                                   ;
; ascal:ascal|o_v_bil_pix.g[0]                                                                                            ; Lost fanout                                                                                                   ;
; ascal:ascal|o_v_bil_t.g[8,16]                                                                                           ; Lost fanout                                                                                                   ;
; ascal:ascal|o_v_bil_pix.b[7]                                                                                            ; Lost fanout                                                                                                   ;
; ascal:ascal|o_v_bil_t.b[15]                                                                                             ; Lost fanout                                                                                                   ;
; ascal:ascal|o_v_bil_pix.b[6]                                                                                            ; Lost fanout                                                                                                   ;
; ascal:ascal|o_v_bil_t.b[14]                                                                                             ; Lost fanout                                                                                                   ;
; ascal:ascal|o_v_bil_pix.b[5]                                                                                            ; Lost fanout                                                                                                   ;
; ascal:ascal|o_v_bil_t.b[13]                                                                                             ; Lost fanout                                                                                                   ;
; ascal:ascal|o_v_bil_pix.b[4]                                                                                            ; Lost fanout                                                                                                   ;
; ascal:ascal|o_v_bil_t.b[12]                                                                                             ; Lost fanout                                                                                                   ;
; ascal:ascal|o_v_bil_pix.b[3]                                                                                            ; Lost fanout                                                                                                   ;
; ascal:ascal|o_v_bil_t.b[11]                                                                                             ; Lost fanout                                                                                                   ;
; ascal:ascal|o_v_bil_pix.b[2]                                                                                            ; Lost fanout                                                                                                   ;
; ascal:ascal|o_v_bil_t.b[10]                                                                                             ; Lost fanout                                                                                                   ;
; ascal:ascal|o_v_bil_pix.b[1]                                                                                            ; Lost fanout                                                                                                   ;
; ascal:ascal|o_v_bil_t.b[9]                                                                                              ; Lost fanout                                                                                                   ;
; ascal:ascal|o_v_bil_pix.b[0]                                                                                            ; Lost fanout                                                                                                   ;
; ascal:ascal|o_v_bil_t.b[8,16]                                                                                           ; Lost fanout                                                                                                   ;
; ascal:ascal|o_v_bil_frac[0..7]                                                                                          ; Lost fanout                                                                                                   ;
; ascal:ascal|o_v_sbil_t.f[0..6]                                                                                          ; Lost fanout                                                                                                   ;
; ascal:ascal|o_v_sbil_t.s[0..7]                                                                                          ; Lost fanout                                                                                                   ;
; ascal:ascal|o_v_bic_pix.r[0..7]                                                                                         ; Lost fanout                                                                                                   ;
; ascal:ascal|o_v_bic_tt2.r_abxcxx[0..9]                                                                                  ; Lost fanout                                                                                                   ;
; ascal:ascal|o_v_bic_abcd1.r.a[0..7]                                                                                     ; Lost fanout                                                                                                   ;
; ascal:ascal|o_v_bic_tt1.r_bx[0..8]                                                                                      ; Lost fanout                                                                                                   ;
; ascal:ascal|o_v_bic_tt1.r_cxx[1..10]                                                                                    ; Lost fanout                                                                                                   ;
; ascal:ascal|o_v_bic_tt2.r_dxxx[0..9]                                                                                    ; Lost fanout                                                                                                   ;
; ascal:ascal|o_v_bic_tt1.r_dxx[0..10]                                                                                    ; Lost fanout                                                                                                   ;
; ascal:ascal|o_v_bic_pix.g[0..7]                                                                                         ; Lost fanout                                                                                                   ;
; ascal:ascal|o_v_bic_tt2.g_abxcxx[0..9]                                                                                  ; Lost fanout                                                                                                   ;
; ascal:ascal|o_v_bic_abcd1.g.a[0..7]                                                                                     ; Lost fanout                                                                                                   ;
; ascal:ascal|o_v_bic_tt1.g_bx[0..8]                                                                                      ; Lost fanout                                                                                                   ;
; ascal:ascal|o_v_bic_tt1.g_cxx[1..10]                                                                                    ; Lost fanout                                                                                                   ;
; ascal:ascal|o_v_bic_tt2.g_dxxx[0..9]                                                                                    ; Lost fanout                                                                                                   ;
; ascal:ascal|o_v_bic_tt1.g_dxx[0..10]                                                                                    ; Lost fanout                                                                                                   ;
; ascal:ascal|o_v_bic_pix.b[0..7]                                                                                         ; Lost fanout                                                                                                   ;
; ascal:ascal|o_v_bic_tt2.b_abxcxx[0..9]                                                                                  ; Lost fanout                                                                                                   ;
; ascal:ascal|o_v_bic_abcd1.b.a[0..7]                                                                                     ; Lost fanout                                                                                                   ;
; ascal:ascal|o_v_bic_tt1.b_bx[0..8]                                                                                      ; Lost fanout                                                                                                   ;
; ascal:ascal|o_v_bic_tt1.b_cxx[1..10]                                                                                    ; Lost fanout                                                                                                   ;
; ascal:ascal|o_v_bic_tt2.b_dxxx[0..9]                                                                                    ; Lost fanout                                                                                                   ;
; ascal:ascal|o_v_bic_tt1.b_dxx[0..10]                                                                                    ; Lost fanout                                                                                                   ;
; ascal:ascal|o_h_bic_pix.b[0..7]                                                                                         ; Lost fanout                                                                                                   ;
; ascal:ascal|o_h_bic_tt2.b_abxcxx[0..9]                                                                                  ; Lost fanout                                                                                                   ;
; ascal:ascal|o_h_bic_abcd1.b.a[0..7]                                                                                     ; Lost fanout                                                                                                   ;
; ascal:ascal|o_h_bic_tt1.b_bx[0..8]                                                                                      ; Lost fanout                                                                                                   ;
; ascal:ascal|o_h_bic_tt1.b_cxx[1..10]                                                                                    ; Lost fanout                                                                                                   ;
; ascal:ascal|o_h_bic_tt2.b_dxxx[0..9]                                                                                    ; Lost fanout                                                                                                   ;
; ascal:ascal|o_h_bic_tt1.b_dxx[0..10]                                                                                    ; Lost fanout                                                                                                   ;
; ascal:ascal|o_h_bic_pix.g[0..7]                                                                                         ; Lost fanout                                                                                                   ;
; ascal:ascal|o_h_bic_tt2.g_abxcxx[0..9]                                                                                  ; Lost fanout                                                                                                   ;
; ascal:ascal|o_h_bic_abcd1.g.a[0..7]                                                                                     ; Lost fanout                                                                                                   ;
; ascal:ascal|o_h_bic_tt1.g_bx[0..8]                                                                                      ; Lost fanout                                                                                                   ;
; ascal:ascal|o_h_bic_tt1.g_cxx[1..10]                                                                                    ; Lost fanout                                                                                                   ;
; ascal:ascal|o_h_bic_tt2.g_dxxx[0..9]                                                                                    ; Lost fanout                                                                                                   ;
; ascal:ascal|o_h_bic_tt1.g_dxx[0..10]                                                                                    ; Lost fanout                                                                                                   ;
; ascal:ascal|o_h_bic_pix.r[0..7]                                                                                         ; Lost fanout                                                                                                   ;
; ascal:ascal|o_h_bic_tt2.r_abxcxx[0..9]                                                                                  ; Lost fanout                                                                                                   ;
; ascal:ascal|o_h_bic_abcd1.r.a[0..7]                                                                                     ; Lost fanout                                                                                                   ;
; ascal:ascal|o_h_bic_tt1.r_bx[0..8]                                                                                      ; Lost fanout                                                                                                   ;
; ascal:ascal|o_h_bic_tt1.r_cxx[1..10]                                                                                    ; Lost fanout                                                                                                   ;
; ascal:ascal|o_h_bic_tt2.r_dxxx[0..9]                                                                                    ; Lost fanout                                                                                                   ;
; ascal:ascal|o_hfrac[8][11]                                                                                              ; Lost fanout                                                                                                   ;
; ascal:ascal|o_hfrac[8][10]                                                                                              ; Lost fanout                                                                                                   ;
; ascal:ascal|o_hfrac[8][9]                                                                                               ; Lost fanout                                                                                                   ;
; ascal:ascal|o_hfrac[8][8]                                                                                               ; Lost fanout                                                                                                   ;
; ascal:ascal|o_hfrac[8][7]                                                                                               ; Lost fanout                                                                                                   ;
; ascal:ascal|o_hfrac[8][6]                                                                                               ; Lost fanout                                                                                                   ;
; ascal:ascal|o_hfrac[8][5]                                                                                               ; Lost fanout                                                                                                   ;
; ascal:ascal|o_hfrac[8][4]                                                                                               ; Lost fanout                                                                                                   ;
; ascal:ascal|o_h_bic_tt1.r_dxx[0..10]                                                                                    ; Lost fanout                                                                                                   ;
; ascal:ascal|o_hfrac[7][10]                                                                                              ; Lost fanout                                                                                                   ;
; ascal:ascal|o_hfrac[7][9]                                                                                               ; Lost fanout                                                                                                   ;
; ascal:ascal|o_hfrac[7][8]                                                                                               ; Lost fanout                                                                                                   ;
; ascal:ascal|o_hfrac[7][7]                                                                                               ; Lost fanout                                                                                                   ;
; ascal:ascal|o_hfrac[7][6]                                                                                               ; Lost fanout                                                                                                   ;
; ascal:ascal|o_hfrac[7][5]                                                                                               ; Lost fanout                                                                                                   ;
; ascal:ascal|o_hfrac[7][4]                                                                                               ; Lost fanout                                                                                                   ;
; ascal:ascal|o_h_bil_pix.b[0]                                                                                            ; Lost fanout                                                                                                   ;
; ascal:ascal|o_h_bil_t.b[8]                                                                                              ; Lost fanout                                                                                                   ;
; ascal:ascal|o_h_bil_pix.b[1]                                                                                            ; Lost fanout                                                                                                   ;
; ascal:ascal|o_h_bil_t.b[9]                                                                                              ; Lost fanout                                                                                                   ;
; ascal:ascal|o_h_bil_pix.b[2]                                                                                            ; Lost fanout                                                                                                   ;
; ascal:ascal|o_h_bil_t.b[10]                                                                                             ; Lost fanout                                                                                                   ;
; ascal:ascal|o_h_bil_pix.b[3]                                                                                            ; Lost fanout                                                                                                   ;
; ascal:ascal|o_h_bil_t.b[11]                                                                                             ; Lost fanout                                                                                                   ;
; ascal:ascal|o_h_bil_pix.b[4]                                                                                            ; Lost fanout                                                                                                   ;
; ascal:ascal|o_h_bil_t.b[12]                                                                                             ; Lost fanout                                                                                                   ;
; ascal:ascal|o_h_bil_pix.b[5]                                                                                            ; Lost fanout                                                                                                   ;
; ascal:ascal|o_h_bil_t.b[13]                                                                                             ; Lost fanout                                                                                                   ;
; ascal:ascal|o_h_bil_pix.b[6]                                                                                            ; Lost fanout                                                                                                   ;
; ascal:ascal|o_h_bil_t.b[14]                                                                                             ; Lost fanout                                                                                                   ;
; ascal:ascal|o_h_bil_pix.b[7]                                                                                            ; Lost fanout                                                                                                   ;
; ascal:ascal|o_h_bil_t.b[15,16]                                                                                          ; Lost fanout                                                                                                   ;
; ascal:ascal|o_h_bil_pix.g[0]                                                                                            ; Lost fanout                                                                                                   ;
; ascal:ascal|o_h_bil_t.g[8]                                                                                              ; Lost fanout                                                                                                   ;
; ascal:ascal|o_h_bil_pix.g[1]                                                                                            ; Lost fanout                                                                                                   ;
; ascal:ascal|o_h_bil_t.g[9]                                                                                              ; Lost fanout                                                                                                   ;
; ascal:ascal|o_h_bil_pix.g[2]                                                                                            ; Lost fanout                                                                                                   ;
; ascal:ascal|o_h_bil_t.g[10]                                                                                             ; Lost fanout                                                                                                   ;
; ascal:ascal|o_h_bil_pix.g[3]                                                                                            ; Lost fanout                                                                                                   ;
; ascal:ascal|o_h_bil_t.g[11]                                                                                             ; Lost fanout                                                                                                   ;
; ascal:ascal|o_h_bil_pix.g[4]                                                                                            ; Lost fanout                                                                                                   ;
; ascal:ascal|o_h_bil_t.g[12]                                                                                             ; Lost fanout                                                                                                   ;
; ascal:ascal|o_h_bil_pix.g[5]                                                                                            ; Lost fanout                                                                                                   ;
; ascal:ascal|o_h_bil_t.g[13]                                                                                             ; Lost fanout                                                                                                   ;
; ascal:ascal|o_h_bil_pix.g[6]                                                                                            ; Lost fanout                                                                                                   ;
; ascal:ascal|o_h_bil_t.g[14]                                                                                             ; Lost fanout                                                                                                   ;
; ascal:ascal|o_h_bil_pix.g[7]                                                                                            ; Lost fanout                                                                                                   ;
; ascal:ascal|o_h_bil_t.g[15,16]                                                                                          ; Lost fanout                                                                                                   ;
; ascal:ascal|o_h_bil_pix.r[0]                                                                                            ; Lost fanout                                                                                                   ;
; ascal:ascal|o_h_bil_t.r[8]                                                                                              ; Lost fanout                                                                                                   ;
; ascal:ascal|o_h_bil_pix.r[1]                                                                                            ; Lost fanout                                                                                                   ;
; ascal:ascal|o_h_bil_t.r[9]                                                                                              ; Lost fanout                                                                                                   ;
; ascal:ascal|o_h_bil_pix.r[2]                                                                                            ; Lost fanout                                                                                                   ;
; ascal:ascal|o_h_bil_t.r[10]                                                                                             ; Lost fanout                                                                                                   ;
; ascal:ascal|o_h_bil_pix.r[3]                                                                                            ; Lost fanout                                                                                                   ;
; ascal:ascal|o_h_bil_t.r[11]                                                                                             ; Lost fanout                                                                                                   ;
; ascal:ascal|o_h_bil_pix.r[4]                                                                                            ; Lost fanout                                                                                                   ;
; ascal:ascal|o_h_bil_t.r[12]                                                                                             ; Lost fanout                                                                                                   ;
; ascal:ascal|o_h_bil_pix.r[5]                                                                                            ; Lost fanout                                                                                                   ;
; ascal:ascal|o_h_bil_t.r[13]                                                                                             ; Lost fanout                                                                                                   ;
; ascal:ascal|o_h_bil_pix.r[6]                                                                                            ; Lost fanout                                                                                                   ;
; ascal:ascal|o_h_bil_t.r[14]                                                                                             ; Lost fanout                                                                                                   ;
; ascal:ascal|o_h_bil_pix.r[7]                                                                                            ; Lost fanout                                                                                                   ;
; ascal:ascal|o_h_bil_t.r[15,16]                                                                                          ; Lost fanout                                                                                                   ;
; ascal:ascal|o_h_bil_frac[0..7]                                                                                          ; Lost fanout                                                                                                   ;
; ascal:ascal|o_h_sbil_t.f[0..6]                                                                                          ; Lost fanout                                                                                                   ;
; ascal:ascal|o_h_sbil_t.s[0..7]                                                                                          ; Lost fanout                                                                                                   ;
; ascal:ascal|o_hfrac[6][10]                                                                                              ; Lost fanout                                                                                                   ;
; ascal:ascal|o_hfrac[5][10]                                                                                              ; Lost fanout                                                                                                   ;
; ascal:ascal|o_hfrac[4][10]                                                                                              ; Lost fanout                                                                                                   ;
; ascal:ascal|o_hfrac[6][9]                                                                                               ; Lost fanout                                                                                                   ;
; ascal:ascal|o_hfrac[5][9]                                                                                               ; Lost fanout                                                                                                   ;
; ascal:ascal|o_hfrac[4][9]                                                                                               ; Lost fanout                                                                                                   ;
; ascal:ascal|o_hfrac[6][8]                                                                                               ; Lost fanout                                                                                                   ;
; ascal:ascal|o_hfrac[5][8]                                                                                               ; Lost fanout                                                                                                   ;
; ascal:ascal|o_hfrac[4][8]                                                                                               ; Lost fanout                                                                                                   ;
; ascal:ascal|o_hfrac[6][7]                                                                                               ; Lost fanout                                                                                                   ;
; ascal:ascal|o_hfrac[5][7]                                                                                               ; Lost fanout                                                                                                   ;
; ascal:ascal|o_hfrac[4][7]                                                                                               ; Lost fanout                                                                                                   ;
; ascal:ascal|o_hfrac[6][6]                                                                                               ; Lost fanout                                                                                                   ;
; ascal:ascal|o_hfrac[5][6]                                                                                               ; Lost fanout                                                                                                   ;
; ascal:ascal|o_hfrac[4][6]                                                                                               ; Lost fanout                                                                                                   ;
; ascal:ascal|o_hfrac[6][5]                                                                                               ; Lost fanout                                                                                                   ;
; ascal:ascal|o_hfrac[5][5]                                                                                               ; Lost fanout                                                                                                   ;
; ascal:ascal|o_hfrac[4][5]                                                                                               ; Lost fanout                                                                                                   ;
; ascal:ascal|o_hfrac[6][4]                                                                                               ; Lost fanout                                                                                                   ;
; ascal:ascal|o_hfrac[5][4]                                                                                               ; Lost fanout                                                                                                   ;
; ascal:ascal|o_hfrac[4][4]                                                                                               ; Lost fanout                                                                                                   ;
; ascal:ascal|o_hfrac[7][11]                                                                                              ; Lost fanout                                                                                                   ;
; ascal:ascal|o_hfrac[6][11]                                                                                              ; Lost fanout                                                                                                   ;
; ascal:ascal|o_hfrac[5][11]                                                                                              ; Lost fanout                                                                                                   ;
; ascal:ascal|o_hfrac[4][11]                                                                                              ; Lost fanout                                                                                                   ;
; ascal:ascal|o_div[1][1]                                                                                                 ; Stuck at GND due to stuck port data_in                                                                        ;
; ascal:ascal|o_div[1][2]                                                                                                 ; Stuck at GND due to stuck port data_in                                                                        ;
; ascal:ascal|o_div[1][3]                                                                                                 ; Stuck at GND due to stuck port data_in                                                                        ;
; ascal:ascal|o_div[1][4]                                                                                                 ; Stuck at GND due to stuck port data_in                                                                        ;
; audio_out:audio_out|cr[15]                                                                                              ; Stuck at GND due to stuck port data_in                                                                        ;
; audio_out:audio_out|cl[15]                                                                                              ; Stuck at GND due to stuck port data_in                                                                        ;
; ascal:ascal|o_div[2][1]                                                                                                 ; Stuck at GND due to stuck port data_in                                                                        ;
; ascal:ascal|o_div[2][2]                                                                                                 ; Stuck at GND due to stuck port data_in                                                                        ;
; arc1x[0..12]                                                                                                            ; Lost fanout                                                                                                   ;
; arc1y[0..12]                                                                                                            ; Lost fanout                                                                                                   ;
; arc2x[0..12]                                                                                                            ; Lost fanout                                                                                                   ;
; arc2y[0..12]                                                                                                            ; Lost fanout                                                                                                   ;
; emu:emu|hps_io:hps_io|sd_rrb[0..3]                                                                                      ; Lost fanout                                                                                                   ;
; emu:emu|hps_io:hps_io|sdn_ack[0]                                                                                        ; Lost fanout                                                                                                   ;
; emu:emu|hps_io:hps_io|uio_block.sdn_r[0]                                                                                ; Lost fanout                                                                                                   ;
; ascal:ascal|i_wfl[0..2]                                                                                                 ; Lost fanout                                                                                                   ;
; emu:emu|hps_io:hps_io|fp_dout[0..15]                                                                                    ; Stuck at GND due to stuck port data_in                                                                        ;
; emu:emu|hps_io:hps_io|uio_block.info_n[0..7]                                                                            ; Stuck at GND due to stuck port data_in                                                                        ;
; emu:emu|hps_io:hps_io|uio_block.upload_req                                                                              ; Stuck at GND due to stuck port data_in                                                                        ;
; audio_out:audio_out|cr[0..14]                                                                                           ; Stuck at GND due to stuck port data_in                                                                        ;
; audio_out:audio_out|cl[0..14]                                                                                           ; Stuck at GND due to stuck port data_in                                                                        ;
; audio_out:audio_out|IIR_filter:IIR_filter|inp_m[0..14]                                                                  ; Stuck at GND due to stuck port data_in                                                                        ;
; audio_out:audio_out|IIR_filter:IIR_filter|inp_m[15]                                                                     ; Stuck at VCC due to stuck port data_in                                                                        ;
; osd:vga_osd|infoh[0..2]                                                                                                 ; Stuck at GND due to stuck port data_in                                                                        ;
; osd:vga_osd|infow[0..2]                                                                                                 ; Stuck at GND due to stuck port data_in                                                                        ;
; osd:vga_osd|infoy[12..21]                                                                                               ; Stuck at GND due to stuck port data_in                                                                        ;
; osd:vga_osd|infox[12..21]                                                                                               ; Stuck at GND due to stuck port data_in                                                                        ;
; scanlines:VGA_scanlines|scanline[0,1]                                                                                   ; Stuck at GND due to stuck port data_in                                                                        ;
; scanlines:VGA_scanlines|old_vs                                                                                          ; Lost fanout                                                                                                   ;
; osd:hdmi_osd|infoh[0..2]                                                                                                ; Stuck at GND due to stuck port data_in                                                                        ;
; osd:hdmi_osd|infow[0..2]                                                                                                ; Stuck at GND due to stuck port data_in                                                                        ;
; osd:hdmi_osd|infoy[12..21]                                                                                              ; Stuck at GND due to stuck port data_in                                                                        ;
; osd:hdmi_osd|infox[12..21]                                                                                              ; Stuck at GND due to stuck port data_in                                                                        ;
; shadowmask:HDMI_shadowmask|vmax[4]                                                                                      ; Stuck at GND due to stuck port data_in                                                                        ;
; shadowmask:HDMI_shadowmask|hmax[4]                                                                                      ; Stuck at GND due to stuck port data_in                                                                        ;
; pll_cfg_hdmi:pll_cfg_hdmi|usr_num_shifts[0..12]                                                                         ; Stuck at GND due to stuck port data_in                                                                        ;
; pll_cfg_hdmi:pll_cfg_hdmi|manual_dprio_done_q                                                                           ; Stuck at GND due to stuck port data_in                                                                        ;
; pll_cfg_hdmi:pll_cfg_hdmi|usr_num_shifts[13..15]                                                                        ; Stuck at GND due to stuck port data_in                                                                        ;
; pll_cfg_hdmi:pll_cfg_hdmi|usr_up_dn                                                                                     ; Stuck at GND due to stuck port data_in                                                                        ;
; pll_hdmi_adj:pll_hdmi_adj|paddress[3..5]                                                                                ; Stuck at GND due to stuck port data_in                                                                        ;
; ascal:ascal|i_hmin[0..11]                                                                                               ; Stuck at GND due to stuck port data_in                                                                        ;
; ascal:ascal|i_vmin[0..11]                                                                                               ; Stuck at GND due to stuck port data_in                                                                        ;
; ascal:ascal|i_mode[0,1]                                                                                                 ; Stuck at GND due to stuck port data_in                                                                        ;
; ascal:ascal|i_format[1]                                                                                                 ; Stuck at GND due to stuck port data_in                                                                        ;
; ascal:ascal|i_format[0]                                                                                                 ; Stuck at VCC due to stuck port data_in                                                                        ;
; ascal:ascal|i_div[1,2]                                                                                                  ; Stuck at GND due to stuck port data_in                                                                        ;
; ascal:ascal|i_dir[4..7]                                                                                                 ; Stuck at GND due to stuck port data_in                                                                        ;
; ascal:ascal|i_h_frac[4..7]                                                                                              ; Stuck at GND due to stuck port data_in                                                                        ;
; ascal:ascal|i_v_frac[4,5]                                                                                               ; Stuck at GND due to stuck port data_in                                                                        ;
; ascal:ascal|avl_wadrs[23..31]                                                                                           ; Stuck at GND due to stuck port data_in                                                                        ;
; ascal:ascal|o_adrs[25..31]                                                                                              ; Stuck at GND due to stuck port data_in                                                                        ;
; sysmem_lite:sysmem|f2sdram_safe_terminator:f2sdram_safe_terminator_vbuf|burstcount_latch[0..3,5..7]                     ; Stuck at GND due to stuck port data_in                                                                        ;
; audio_out:audio_out|IIR_filter:IIR_filter|inp[0..14]                                                                    ; Stuck at GND due to stuck port data_in                                                                        ;
; audio_out:audio_out|IIR_filter:IIR_filter|inp[15]                                                                       ; Stuck at VCC due to stuck port data_in                                                                        ;
; osd:vga_osd|v_info_start_4[14..21]                                                                                      ; Stuck at GND due to stuck port data_in                                                                        ;
; osd:vga_osd|v_info_start_2[13..21]                                                                                      ; Stuck at GND due to stuck port data_in                                                                        ;
; osd:vga_osd|v_info_start_1[12..21]                                                                                      ; Stuck at GND due to stuck port data_in                                                                        ;
; osd:vga_osd|v_info_start_h[12..21]                                                                                      ; Stuck at GND due to stuck port data_in                                                                        ;
; osd:hdmi_osd|v_info_start_4[14..21]                                                                                     ; Stuck at GND due to stuck port data_in                                                                        ;
; osd:hdmi_osd|v_info_start_2[13..21]                                                                                     ; Stuck at GND due to stuck port data_in                                                                        ;
; osd:hdmi_osd|v_info_start_1[12..21]                                                                                     ; Stuck at GND due to stuck port data_in                                                                        ;
; osd:hdmi_osd|v_info_start_h[12..21]                                                                                     ; Stuck at GND due to stuck port data_in                                                                        ;
; ascal:ascal|i_head[113]                                                                                                 ; Stuck at GND due to stuck port data_in                                                                        ;
; ascal:ascal|i_head[112]                                                                                                 ; Stuck at VCC due to stuck port data_in                                                                        ;
; ascal:ascal|avl_radrs[25..31]                                                                                           ; Stuck at GND due to stuck port data_in                                                                        ;
; yc_out:yc_out|phase[3].v[8]                                                                                             ; Lost fanout                                                                                                   ;
; yc_out:yc_out|phase[2].v[8]                                                                                             ; Lost fanout                                                                                                   ;
; yc_out:yc_out|phase[3].v[9..20]                                                                                         ; Lost fanout                                                                                                   ;
; osd:vga_osd|v_info_start_5[15..21]                                                                                      ; Stuck at GND due to stuck port data_in                                                                        ;
; osd:vga_osd|v_info_start_3[14..21]                                                                                      ; Stuck at GND due to stuck port data_in                                                                        ;
; osd:hdmi_osd|v_info_start_5[15..21]                                                                                     ; Stuck at GND due to stuck port data_in                                                                        ;
; osd:hdmi_osd|v_info_start_3[14..21]                                                                                     ; Stuck at GND due to stuck port data_in                                                                        ;
; audio_out:audio_out|DC_blocker:dcb_r|x1[0]                                                                              ; Stuck at GND due to stuck port data_in                                                                        ;
; audio_out:audio_out|DC_blocker:dcb_l|x1[0]                                                                              ; Stuck at GND due to stuck port data_in                                                                        ;
; yc_out:yc_out|phase[3].u[8..20]                                                                                         ; Lost fanout                                                                                                   ;
; yc_out:yc_out|yg[18..20]                                                                                                ; Lost fanout                                                                                                   ;
; yc_out:yc_out|yr[18]                                                                                                    ; Lost fanout                                                                                                   ;
; audio_out:audio_out|DC_blocker:dcb_r|x1[1]                                                                              ; Stuck at GND due to stuck port data_in                                                                        ;
; audio_out:audio_out|DC_blocker:dcb_l|x1[1]                                                                              ; Stuck at GND due to stuck port data_in                                                                        ;
; yc_out:yc_out|phase[0].v[20]                                                                                            ; Lost fanout                                                                                                   ;
; audio_out:audio_out|DC_blocker:dcb_r|x1[2]                                                                              ; Stuck at GND due to stuck port data_in                                                                        ;
; audio_out:audio_out|DC_blocker:dcb_l|x1[2]                                                                              ; Stuck at GND due to stuck port data_in                                                                        ;
; audio_out:audio_out|DC_blocker:dcb_r|x1[3]                                                                              ; Stuck at GND due to stuck port data_in                                                                        ;
; audio_out:audio_out|DC_blocker:dcb_l|x1[3]                                                                              ; Stuck at GND due to stuck port data_in                                                                        ;
; yc_out:yc_out|phase[0].u[18..20]                                                                                        ; Lost fanout                                                                                                   ;
; audio_out:audio_out|DC_blocker:dcb_r|x1[4]                                                                              ; Stuck at GND due to stuck port data_in                                                                        ;
; audio_out:audio_out|DC_blocker:dcb_l|x1[4]                                                                              ; Stuck at GND due to stuck port data_in                                                                        ;
; audio_out:audio_out|DC_blocker:dcb_r|x1[5]                                                                              ; Stuck at GND due to stuck port data_in                                                                        ;
; audio_out:audio_out|DC_blocker:dcb_l|x1[5]                                                                              ; Stuck at GND due to stuck port data_in                                                                        ;
; audio_out:audio_out|DC_blocker:dcb_r|x1[6]                                                                              ; Stuck at GND due to stuck port data_in                                                                        ;
; audio_out:audio_out|DC_blocker:dcb_l|x1[6]                                                                              ; Stuck at GND due to stuck port data_in                                                                        ;
; audio_out:audio_out|DC_blocker:dcb_r|x1[7]                                                                              ; Stuck at GND due to stuck port data_in                                                                        ;
; audio_out:audio_out|DC_blocker:dcb_l|x1[7]                                                                              ; Stuck at GND due to stuck port data_in                                                                        ;
; audio_out:audio_out|DC_blocker:dcb_r|x1[8]                                                                              ; Stuck at GND due to stuck port data_in                                                                        ;
; audio_out:audio_out|DC_blocker:dcb_l|x1[8]                                                                              ; Stuck at GND due to stuck port data_in                                                                        ;
; audio_out:audio_out|DC_blocker:dcb_r|x1[9]                                                                              ; Stuck at GND due to stuck port data_in                                                                        ;
; audio_out:audio_out|DC_blocker:dcb_l|x1[9]                                                                              ; Stuck at GND due to stuck port data_in                                                                        ;
; audio_out:audio_out|DC_blocker:dcb_r|x1[10]                                                                             ; Stuck at GND due to stuck port data_in                                                                        ;
; audio_out:audio_out|DC_blocker:dcb_l|x1[10]                                                                             ; Stuck at GND due to stuck port data_in                                                                        ;
; audio_out:audio_out|DC_blocker:dcb_r|x1[11]                                                                             ; Stuck at GND due to stuck port data_in                                                                        ;
; audio_out:audio_out|DC_blocker:dcb_l|x1[11]                                                                             ; Stuck at GND due to stuck port data_in                                                                        ;
; vga_out:vga_out|pr_1b[13]                                                                                               ; Stuck at GND due to stuck port data_in                                                                        ;
; vga_out:vga_out|y_1b[13,14]                                                                                             ; Stuck at GND due to stuck port data_in                                                                        ;
; vga_out:vga_out|pr_1g[15,16]                                                                                            ; Stuck at GND due to stuck port data_in                                                                        ;
; vga_out:vga_out|pb_1g[15,16]                                                                                            ; Stuck at GND due to stuck port data_in                                                                        ;
; vga_out:vga_out|y_1g[16,17]                                                                                             ; Stuck at GND due to stuck port data_in                                                                        ;
; vga_out:vga_out|y_1r[15,16]                                                                                             ; Stuck at GND due to stuck port data_in                                                                        ;
; vga_out:vga_scaler_out|pr_1b[13]                                                                                        ; Stuck at GND due to stuck port data_in                                                                        ;
; vga_out:vga_scaler_out|y_1b[13,14]                                                                                      ; Stuck at GND due to stuck port data_in                                                                        ;
; vga_out:vga_scaler_out|pr_1g[15,16]                                                                                     ; Stuck at GND due to stuck port data_in                                                                        ;
; vga_out:vga_scaler_out|pb_1g[15,16]                                                                                     ; Stuck at GND due to stuck port data_in                                                                        ;
; vga_out:vga_scaler_out|y_1g[16,17]                                                                                      ; Stuck at GND due to stuck port data_in                                                                        ;
; vga_out:vga_scaler_out|y_1r[15,16]                                                                                      ; Stuck at GND due to stuck port data_in                                                                        ;
; yc_out:yc_out|yb[15..17]                                                                                                ; Stuck at GND due to stuck port data_in                                                                        ;
; yc_out:yc_out|yr[17]                                                                                                    ; Stuck at GND due to stuck port data_in                                                                        ;
; vga_out:vga_out|y_2[18]                                                                                                 ; Stuck at GND due to stuck port data_in                                                                        ;
; vga_out:vga_scaler_out|y_2[18]                                                                                          ; Stuck at GND due to stuck port data_in                                                                        ;
; mcp23009:mcp23009|i2c:i2c|SD[0]                                                                                         ; Merged with mcp23009:mcp23009|i2c:i2c|SD[3]                                                                   ;
; mcp23009:mcp23009|i2c:i2c|SD[3]                                                                                         ; Merged with mcp23009:mcp23009|i2c:i2c|SD[10]                                                                  ;
; audio_out:audio_out|cnt[1..13]                                                                                          ; Merged with audio_out:audio_out|cnt[0]                                                                        ;
; vga_out:vga_out|pr_1r[14]                                                                                               ; Merged with vga_out:vga_out|din1[23]                                                                          ;
; vga_out:vga_out|pr_1r[13]                                                                                               ; Merged with vga_out:vga_out|din1[22]                                                                          ;
; vga_out:vga_out|pr_1r[12]                                                                                               ; Merged with vga_out:vga_out|din1[21]                                                                          ;
; vga_out:vga_out|pr_1r[11]                                                                                               ; Merged with vga_out:vga_out|din1[20]                                                                          ;
; vga_out:vga_out|pr_1r[10]                                                                                               ; Merged with vga_out:vga_out|din1[19]                                                                          ;
; vga_out:vga_out|pr_1r[9]                                                                                                ; Merged with vga_out:vga_out|din1[18]                                                                          ;
; vga_out:vga_out|pr_1r[8]                                                                                                ; Merged with vga_out:vga_out|din1[17]                                                                          ;
; vga_out:vga_out|y_1r[1]                                                                                                 ; Merged with vga_out:vga_out|din1[17]                                                                          ;
; vga_out:vga_out|pr_1r[7]                                                                                                ; Merged with vga_out:vga_out|din1[16]                                                                          ;
; vga_out:vga_out|y_1r[0]                                                                                                 ; Merged with vga_out:vga_out|din1[16]                                                                          ;
; vga_out:vga_out|pr_1g[2]                                                                                                ; Merged with vga_out:vga_out|din1[9]                                                                           ;
; vga_out:vga_out|pb_1g[1]                                                                                                ; Merged with vga_out:vga_out|din1[9]                                                                           ;
; vga_out:vga_out|pr_1g[1]                                                                                                ; Merged with vga_out:vga_out|din1[8]                                                                           ;
; vga_out:vga_out|pb_1g[0]                                                                                                ; Merged with vga_out:vga_out|din1[8]                                                                           ;
; vga_out:vga_out|y_1g[1]                                                                                                 ; Merged with vga_out:vga_out|din1[8]                                                                           ;
; vga_out:vga_out|pb_1b[14]                                                                                               ; Merged with vga_out:vga_out|din1[7]                                                                           ;
; vga_out:vga_out|pb_1b[13]                                                                                               ; Merged with vga_out:vga_out|din1[6]                                                                           ;
; vga_out:vga_out|pb_1b[12]                                                                                               ; Merged with vga_out:vga_out|din1[5]                                                                           ;
; vga_out:vga_out|pb_1b[11]                                                                                               ; Merged with vga_out:vga_out|din1[4]                                                                           ;
; vga_out:vga_out|pb_1b[10]                                                                                               ; Merged with vga_out:vga_out|din1[3]                                                                           ;
; vga_out:vga_out|pb_1b[9]                                                                                                ; Merged with vga_out:vga_out|din1[2]                                                                           ;
; vga_out:vga_out|pr_1b[1]                                                                                                ; Merged with vga_out:vga_out|din1[1]                                                                           ;
; vga_out:vga_out|pb_1b[8]                                                                                                ; Merged with vga_out:vga_out|din1[1]                                                                           ;
; vga_out:vga_out|y_1b[1]                                                                                                 ; Merged with vga_out:vga_out|din1[1]                                                                           ;
; vga_out:vga_out|pr_1b[0]                                                                                                ; Merged with vga_out:vga_out|din1[0]                                                                           ;
; vga_out:vga_out|pb_1b[7]                                                                                                ; Merged with vga_out:vga_out|din1[0]                                                                           ;
; vga_out:vga_out|y_1b[0]                                                                                                 ; Merged with vga_out:vga_out|din1[0]                                                                           ;
; vga_out:vga_scaler_out|pr_1r[14]                                                                                        ; Merged with vga_out:vga_scaler_out|din1[23]                                                                   ;
; vga_out:vga_scaler_out|pr_1r[13]                                                                                        ; Merged with vga_out:vga_scaler_out|din1[22]                                                                   ;
; vga_out:vga_scaler_out|pr_1r[12]                                                                                        ; Merged with vga_out:vga_scaler_out|din1[21]                                                                   ;
; vga_out:vga_scaler_out|pr_1r[11]                                                                                        ; Merged with vga_out:vga_scaler_out|din1[20]                                                                   ;
; vga_out:vga_scaler_out|pr_1r[10]                                                                                        ; Merged with vga_out:vga_scaler_out|din1[19]                                                                   ;
; vga_out:vga_scaler_out|pr_1r[9]                                                                                         ; Merged with vga_out:vga_scaler_out|din1[18]                                                                   ;
; vga_out:vga_scaler_out|pr_1r[8]                                                                                         ; Merged with vga_out:vga_scaler_out|din1[17]                                                                   ;
; vga_out:vga_scaler_out|y_1r[1]                                                                                          ; Merged with vga_out:vga_scaler_out|din1[17]                                                                   ;
; vga_out:vga_scaler_out|pr_1r[7]                                                                                         ; Merged with vga_out:vga_scaler_out|din1[16]                                                                   ;
; vga_out:vga_scaler_out|y_1r[0]                                                                                          ; Merged with vga_out:vga_scaler_out|din1[16]                                                                   ;
; vga_out:vga_scaler_out|pr_1g[2]                                                                                         ; Merged with vga_out:vga_scaler_out|din1[9]                                                                    ;
; vga_out:vga_scaler_out|pb_1g[1]                                                                                         ; Merged with vga_out:vga_scaler_out|din1[9]                                                                    ;
; vga_out:vga_scaler_out|pr_1g[1]                                                                                         ; Merged with vga_out:vga_scaler_out|din1[8]                                                                    ;
; vga_out:vga_scaler_out|pb_1g[0]                                                                                         ; Merged with vga_out:vga_scaler_out|din1[8]                                                                    ;
; vga_out:vga_scaler_out|y_1g[1]                                                                                          ; Merged with vga_out:vga_scaler_out|din1[8]                                                                    ;
; vga_out:vga_scaler_out|pb_1b[14]                                                                                        ; Merged with vga_out:vga_scaler_out|din1[7]                                                                    ;
; vga_out:vga_scaler_out|pb_1b[13]                                                                                        ; Merged with vga_out:vga_scaler_out|din1[6]                                                                    ;
; vga_out:vga_scaler_out|pb_1b[12]                                                                                        ; Merged with vga_out:vga_scaler_out|din1[5]                                                                    ;
; vga_out:vga_scaler_out|pb_1b[11]                                                                                        ; Merged with vga_out:vga_scaler_out|din1[4]                                                                    ;
; vga_out:vga_scaler_out|pb_1b[10]                                                                                        ; Merged with vga_out:vga_scaler_out|din1[3]                                                                    ;
; vga_out:vga_scaler_out|pb_1b[9]                                                                                         ; Merged with vga_out:vga_scaler_out|din1[2]                                                                    ;
; vga_out:vga_scaler_out|pr_1b[1]                                                                                         ; Merged with vga_out:vga_scaler_out|din1[1]                                                                    ;
; vga_out:vga_scaler_out|pb_1b[8]                                                                                         ; Merged with vga_out:vga_scaler_out|din1[1]                                                                    ;
; vga_out:vga_scaler_out|y_1b[1]                                                                                          ; Merged with vga_out:vga_scaler_out|din1[1]                                                                    ;
; vga_out:vga_scaler_out|pr_1b[0]                                                                                         ; Merged with vga_out:vga_scaler_out|din1[0]                                                                    ;
; vga_out:vga_scaler_out|pb_1b[7]                                                                                         ; Merged with vga_out:vga_scaler_out|din1[0]                                                                    ;
; vga_out:vga_scaler_out|y_1b[0]                                                                                          ; Merged with vga_out:vga_scaler_out|din1[0]                                                                    ;
; yc_out:yc_out|chroma_LUT_COS[4]                                                                                         ; Merged with yc_out:yc_out|chroma_LUT_BURST[4]                                                                 ;
; yc_out:yc_out|chroma_LUT_SIN[4]                                                                                         ; Merged with yc_out:yc_out|chroma_LUT_BURST[4]                                                                 ;
; yc_out:yc_out|chroma_LUT_COS[3]                                                                                         ; Merged with yc_out:yc_out|chroma_LUT_BURST[3]                                                                 ;
; yc_out:yc_out|chroma_LUT_SIN[3]                                                                                         ; Merged with yc_out:yc_out|chroma_LUT_BURST[3]                                                                 ;
; yc_out:yc_out|chroma_LUT_COS[2]                                                                                         ; Merged with yc_out:yc_out|chroma_LUT_BURST[2]                                                                 ;
; yc_out:yc_out|chroma_LUT_SIN[2]                                                                                         ; Merged with yc_out:yc_out|chroma_LUT_BURST[2]                                                                 ;
; yc_out:yc_out|chroma_LUT_COS[1]                                                                                         ; Merged with yc_out:yc_out|chroma_LUT_BURST[1]                                                                 ;
; yc_out:yc_out|chroma_LUT_SIN[1]                                                                                         ; Merged with yc_out:yc_out|chroma_LUT_BURST[1]                                                                 ;
; yc_out:yc_out|chroma_LUT_COS[0]                                                                                         ; Merged with yc_out:yc_out|chroma_LUT_BURST[0]                                                                 ;
; yc_out:yc_out|chroma_LUT_SIN[0]                                                                                         ; Merged with yc_out:yc_out|chroma_LUT_BURST[0]                                                                 ;
; yc_out:yc_out|chroma_LUT_COS[5]                                                                                         ; Merged with yc_out:yc_out|chroma_LUT_SIN[5]                                                                   ;
; yc_out:yc_out|phase[0].v[9..19]                                                                                         ; Merged with yc_out:yc_out|phase[0].v[8]                                                                       ;
; yc_out:yc_out|phase[0].u[9..17]                                                                                         ; Merged with yc_out:yc_out|phase[0].u[8]                                                                       ;
; yc_out:yc_out|blue_1[0]                                                                                                 ; Merged with yc_out:yc_out|yb[0]                                                                               ;
; yc_out:yc_out|blue_1[1]                                                                                                 ; Merged with yc_out:yc_out|yb[1]                                                                               ;
; yc_out:yc_out|red_1[0]                                                                                                  ; Merged with yc_out:yc_out|yr[1]                                                                               ;
; yc_out:yc_out|red_1[1]                                                                                                  ; Merged with yc_out:yc_out|yr[2]                                                                               ;
; yc_out:yc_out|red_1[2]                                                                                                  ; Merged with yc_out:yc_out|yr[3]                                                                               ;
; osd:vga_osd|ordout1[19]                                                                                                 ; Merged with osd:vga_osd|nrdout1[22]                                                                           ;
; osd:vga_osd|ordout1[18]                                                                                                 ; Merged with osd:vga_osd|nrdout1[21]                                                                           ;
; osd:vga_osd|ordout1[17]                                                                                                 ; Merged with osd:vga_osd|nrdout1[20]                                                                           ;
; osd:vga_osd|ordout1[16]                                                                                                 ; Merged with osd:vga_osd|nrdout1[19]                                                                           ;
; osd:vga_osd|ordout1[12]                                                                                                 ; Merged with osd:vga_osd|nrdout1[15]                                                                           ;
; osd:vga_osd|ordout1[11]                                                                                                 ; Merged with osd:vga_osd|nrdout1[14]                                                                           ;
; osd:vga_osd|ordout1[10]                                                                                                 ; Merged with osd:vga_osd|nrdout1[13]                                                                           ;
; osd:vga_osd|ordout1[9]                                                                                                  ; Merged with osd:vga_osd|nrdout1[12]                                                                           ;
; osd:vga_osd|ordout1[8]                                                                                                  ; Merged with osd:vga_osd|nrdout1[11]                                                                           ;
; osd:vga_osd|ordout1[4]                                                                                                  ; Merged with osd:vga_osd|nrdout1[7]                                                                            ;
; osd:vga_osd|ordout1[3]                                                                                                  ; Merged with osd:vga_osd|nrdout1[6]                                                                            ;
; osd:vga_osd|ordout1[2]                                                                                                  ; Merged with osd:vga_osd|nrdout1[5]                                                                            ;
; osd:vga_osd|ordout1[1]                                                                                                  ; Merged with osd:vga_osd|nrdout1[4]                                                                            ;
; osd:vga_osd|ordout1[0]                                                                                                  ; Merged with osd:vga_osd|nrdout1[3]                                                                            ;
; osd:vga_osd|ordout1[6,7,14,15,22]                                                                                       ; Merged with osd:vga_osd|ordout1[23]                                                                           ;
; osd:vga_osd|nrdout1[23]                                                                                                 ; Merged with osd:vga_osd|ordout1[20]                                                                           ;
; osd:vga_osd|deD                                                                                                         ; Merged with osd:vga_osd|de1                                                                                   ;
; osd:hdmi_osd|ordout1[19]                                                                                                ; Merged with osd:hdmi_osd|nrdout1[22]                                                                          ;
; osd:hdmi_osd|ordout1[18]                                                                                                ; Merged with osd:hdmi_osd|nrdout1[21]                                                                          ;
; osd:hdmi_osd|ordout1[17]                                                                                                ; Merged with osd:hdmi_osd|nrdout1[20]                                                                          ;
; osd:hdmi_osd|ordout1[16]                                                                                                ; Merged with osd:hdmi_osd|nrdout1[19]                                                                          ;
; osd:hdmi_osd|ordout1[12]                                                                                                ; Merged with osd:hdmi_osd|nrdout1[15]                                                                          ;
; osd:hdmi_osd|ordout1[11]                                                                                                ; Merged with osd:hdmi_osd|nrdout1[14]                                                                          ;
; osd:hdmi_osd|ordout1[10]                                                                                                ; Merged with osd:hdmi_osd|nrdout1[13]                                                                          ;
; osd:hdmi_osd|ordout1[9]                                                                                                 ; Merged with osd:hdmi_osd|nrdout1[12]                                                                          ;
; osd:hdmi_osd|ordout1[8]                                                                                                 ; Merged with osd:hdmi_osd|nrdout1[11]                                                                          ;
; osd:hdmi_osd|ordout1[4]                                                                                                 ; Merged with osd:hdmi_osd|nrdout1[7]                                                                           ;
; osd:hdmi_osd|ordout1[3]                                                                                                 ; Merged with osd:hdmi_osd|nrdout1[6]                                                                           ;
; osd:hdmi_osd|ordout1[2]                                                                                                 ; Merged with osd:hdmi_osd|nrdout1[5]                                                                           ;
; osd:hdmi_osd|ordout1[1]                                                                                                 ; Merged with osd:hdmi_osd|nrdout1[4]                                                                           ;
; osd:hdmi_osd|ordout1[0]                                                                                                 ; Merged with osd:hdmi_osd|nrdout1[3]                                                                           ;
; osd:hdmi_osd|ordout1[6,7,14,15,22]                                                                                      ; Merged with osd:hdmi_osd|ordout1[23]                                                                          ;
; osd:hdmi_osd|nrdout1[23]                                                                                                ; Merged with osd:hdmi_osd|ordout1[20]                                                                          ;
; osd:hdmi_osd|deD                                                                                                        ; Merged with osd:hdmi_osd|de1                                                                                  ;
; shadowmask:HDMI_shadowmask|old_hs                                                                                       ; Merged with shadowmask:HDMI_shadowmask|vid[1]                                                                 ;
; shadowmask:HDMI_shadowmask|old_vs                                                                                       ; Merged with shadowmask:HDMI_shadowmask|vid[2]                                                                 ;
; ascal:ascal|i_adrsi[4..6]                                                                                               ; Merged with ascal:ascal|i_adrsi[7]                                                                            ;
; ascal:ascal|o_v_lum_pix.r[7]                                                                                            ; Merged with ascal:ascal|o_vpix_inner[1].r[7]                                                                  ;
; ascal:ascal|o_v_lum_pix.r[6]                                                                                            ; Merged with ascal:ascal|o_vpix_inner[1].r[6]                                                                  ;
; ascal:ascal|o_v_lum_pix.r[5]                                                                                            ; Merged with ascal:ascal|o_vpix_inner[1].r[5]                                                                  ;
; ascal:ascal|o_v_lum_pix.r[4]                                                                                            ; Merged with ascal:ascal|o_vpix_inner[1].r[4]                                                                  ;
; ascal:ascal|o_v_lum_pix.r[3]                                                                                            ; Merged with ascal:ascal|o_vpix_inner[1].r[3]                                                                  ;
; ascal:ascal|o_v_lum_pix.r[2]                                                                                            ; Merged with ascal:ascal|o_vpix_inner[1].r[2]                                                                  ;
; ascal:ascal|o_v_lum_pix.r[1]                                                                                            ; Merged with ascal:ascal|o_vpix_inner[1].r[1]                                                                  ;
; ascal:ascal|o_v_lum_pix.r[0]                                                                                            ; Merged with ascal:ascal|o_vpix_inner[1].r[0]                                                                  ;
; ascal:ascal|o_v_lum_pix.g[7]                                                                                            ; Merged with ascal:ascal|o_vpix_inner[1].g[7]                                                                  ;
; ascal:ascal|o_v_lum_pix.g[6]                                                                                            ; Merged with ascal:ascal|o_vpix_inner[1].g[6]                                                                  ;
; ascal:ascal|o_v_lum_pix.g[5]                                                                                            ; Merged with ascal:ascal|o_vpix_inner[1].g[5]                                                                  ;
; ascal:ascal|o_v_lum_pix.g[4]                                                                                            ; Merged with ascal:ascal|o_vpix_inner[1].g[4]                                                                  ;
; ascal:ascal|o_v_lum_pix.g[3]                                                                                            ; Merged with ascal:ascal|o_vpix_inner[1].g[3]                                                                  ;
; ascal:ascal|o_v_lum_pix.g[2]                                                                                            ; Merged with ascal:ascal|o_vpix_inner[1].g[2]                                                                  ;
; ascal:ascal|o_v_lum_pix.g[1]                                                                                            ; Merged with ascal:ascal|o_vpix_inner[1].g[1]                                                                  ;
; ascal:ascal|o_v_lum_pix.g[0]                                                                                            ; Merged with ascal:ascal|o_vpix_inner[1].g[0]                                                                  ;
; ascal:ascal|o_v_lum_pix.b[7]                                                                                            ; Merged with ascal:ascal|o_vpix_inner[1].b[7]                                                                  ;
; ascal:ascal|o_v_lum_pix.b[6]                                                                                            ; Merged with ascal:ascal|o_vpix_inner[1].b[6]                                                                  ;
; ascal:ascal|o_v_lum_pix.b[5]                                                                                            ; Merged with ascal:ascal|o_vpix_inner[1].b[5]                                                                  ;
; ascal:ascal|o_v_lum_pix.b[4]                                                                                            ; Merged with ascal:ascal|o_vpix_inner[1].b[4]                                                                  ;
; ascal:ascal|o_v_lum_pix.b[3]                                                                                            ; Merged with ascal:ascal|o_vpix_inner[1].b[3]                                                                  ;
; ascal:ascal|o_v_lum_pix.b[2]                                                                                            ; Merged with ascal:ascal|o_vpix_inner[1].b[2]                                                                  ;
; ascal:ascal|o_v_lum_pix.b[1]                                                                                            ; Merged with ascal:ascal|o_vpix_inner[1].b[1]                                                                  ;
; ascal:ascal|o_v_lum_pix.b[0]                                                                                            ; Merged with ascal:ascal|o_vpix_inner[1].b[0]                                                                  ;
; mcp23009:mcp23009|din[3]                                                                                                ; Merged with mcp23009:mcp23009|din[4]                                                                          ;
; mcp23009:mcp23009|din[7]                                                                                                ; Merged with mcp23009:mcp23009|din[6]                                                                          ;
; mcp23009:mcp23009|din[13..15]                                                                                           ; Merged with mcp23009:mcp23009|din[12]                                                                         ;
; mcp23009:mcp23009|i2c:i2c|rd                                                                                            ; Merged with mcp23009:mcp23009|i2c:i2c|SD[29]                                                                  ;
; mcp23009:mcp23009|i2c:i2c|cnt[1..5]                                                                                     ; Merged with mcp23009:mcp23009|i2c:i2c|cnt[0]                                                                  ;
; ascal:ascal|i_adrs[4..6]                                                                                                ; Merged with ascal:ascal|i_adrs[7]                                                                             ;
; emu:emu|hps_io:hps_io|ioctl_download                                                                                    ; Lost fanout                                                                                                   ;
; emu:emu|hps_io:hps_io|fio_block.has_cmd                                                                                 ; Lost fanout                                                                                                   ;
; emu:emu|hps_io:hps_io|fio_block.cmd[0..15]                                                                              ; Lost fanout                                                                                                   ;
; emu:emu|hps_io:hps_io|fio_block.cnt[0..2]                                                                               ; Lost fanout                                                                                                   ;
; emu:emu|hps_io:hps_io|fio_block.req_io[0]                                                                               ; Lost fanout                                                                                                   ;
; pll_cfg_hdmi:pll_cfg_hdmi|c_cnt_changed[1..4,6..17]                                                                     ; Merged with pll_cfg_hdmi:pll_cfg_hdmi|c_cnt_changed[0]                                                        ;
; pll_cfg_hdmi:pll_cfg_hdmi|manual_dprio_changed                                                                          ; Merged with pll_cfg_hdmi:pll_cfg_hdmi|c_cnt_changed[0]                                                        ;
; pll_cfg_hdmi:pll_cfg_hdmi|vco_changed                                                                                   ; Merged with pll_cfg_hdmi:pll_cfg_hdmi|c_cnt_changed[0]                                                        ;
; pll_cfg_hdmi:pll_cfg_hdmi|c_cnt_done_q[1..4,6..17]                                                                      ; Merged with pll_cfg_hdmi:pll_cfg_hdmi|c_cnt_done_q[0]                                                         ;
; ddr_svc:ddr_svc|ram_burst[2..6]                                                                                         ; Merged with ddr_svc:ddr_svc|ram_burst[1]                                                                      ;
; sysmem_lite:sysmem|f2sdram_safe_terminator:f2sdram_safe_terminator_ram2|burstcount_latch[2..6]                          ; Merged with sysmem_lite:sysmem|f2sdram_safe_terminator:f2sdram_safe_terminator_ram2|burstcount_latch[1]       ;
; ddr_svc:ddr_svc|ram_burst[7]                                                                                            ; Merged with ddr_svc:ddr_svc|ch                                                                                ;
; sysmem_lite:sysmem|f2sdram_safe_terminator:f2sdram_safe_terminator_ram2|write_burstcount_latch[2..6]                    ; Merged with sysmem_lite:sysmem|f2sdram_safe_terminator:f2sdram_safe_terminator_ram2|write_burstcount_latch[1] ;
; ascal:ascal|avl_wadrs[5..7]                                                                                             ; Merged with ascal:ascal|avl_wadrs[4]                                                                          ;
; ascal:ascal|i_wadrs[5..7]                                                                                               ; Merged with ascal:ascal|i_wadrs[4]                                                                            ;
; ascal:ascal|i_wadrs_mem[5..7]                                                                                           ; Merged with ascal:ascal|i_wadrs_mem[4]                                                                        ;
; mcp23009:mcp23009|i2c:i2c|SD[12..14]                                                                                    ; Merged with mcp23009:mcp23009|i2c:i2c|SD[11]                                                                  ;
; mcp23009:mcp23009|i2c:i2c|SD[24]                                                                                        ; Merged with mcp23009:mcp23009|i2c:i2c|SD[23]                                                                  ;
; ar_md_mul2[1]                                                                                                           ; Merged with ar_md_mul2[0]                                                                                     ;
; ar_md_div[3..9,11]                                                                                                      ; Merged with ar_md_div[10]                                                                                     ;
; ar_md_mul2[3..11]                                                                                                       ; Merged with ar_md_div[10]                                                                                     ;
; ar_md_div[1]                                                                                                            ; Merged with ar_md_div[0]                                                                                      ;
; ascal:ascal|i_adrsi[7]                                                                                                  ; Stuck at GND due to stuck port data_in                                                                        ;
; ascal:ascal|i_adrs[7]                                                                                                   ; Stuck at GND due to stuck port data_in                                                                        ;
; ascal:ascal|i_wadrs_mem[4]                                                                                              ; Stuck at GND due to stuck port data_in                                                                        ;
; ascal:ascal|i_wadrs[4]                                                                                                  ; Stuck at GND due to stuck port data_in                                                                        ;
; ascal:ascal|avl_wadrs[4]                                                                                                ; Stuck at GND due to stuck port data_in                                                                        ;
; ascal:ascal|i_lwad[11]                                                                                                  ; Lost fanout                                                                                                   ;
; ascal:ascal|i_lrad[11]                                                                                                  ; Lost fanout                                                                                                   ;
; ascal:ascal|i_adrsi[23..31]                                                                                             ; Lost fanout                                                                                                   ;
; pll_cfg_hdmi:pll_cfg_hdmi|dyn_phase_shift:dyn_phase_shift_inst|shifts_done_counter[0..15]                               ; Lost fanout                                                                                                   ;
; pll_cfg_hdmi:pll_cfg_hdmi|dps_changed                                                                                   ; Stuck at GND due to stuck port data_in                                                                        ;
; pll_cfg_hdmi:pll_cfg_hdmi|c_cnt_changed[0]                                                                              ; Stuck at GND due to stuck port data_in                                                                        ;
; pll_cfg_hdmi:pll_cfg_hdmi|vco_done_q                                                                                    ; Lost fanout                                                                                                   ;
; pll_cfg_hdmi:pll_cfg_hdmi|c_cnt_done_q[0]                                                                               ; Stuck at GND due to stuck port data_in                                                                        ;
; vga_out:vga_out|pb_1r[1]                                                                                                ; Merged with vga_out:vga_out|din1[16]                                                                          ;
; vga_out:vga_scaler_out|pb_1r[1]                                                                                         ; Merged with vga_out:vga_scaler_out|din1[16]                                                                   ;
; yc_out:yc_out|phase[1].v[20]                                                                                            ; Merged with yc_out:yc_out|phase[1].v[19]                                                                      ;
; yc_out:yc_out|phase[1].u[20]                                                                                            ; Merged with yc_out:yc_out|phase[1].u[19]                                                                      ;
; ascal:ascal|o_poly_lerp_ta[0]                                                                                           ; Merged with ascal:ascal|o_poly_lerp_tb[0]                                                                     ;
; audio_out:audio_out|cnt[0]                                                                                              ; Stuck at GND due to stuck port data_in                                                                        ;
; ddr_svc:ddr_svc|ram_burst[1]                                                                                            ; Stuck at GND due to stuck port data_in                                                                        ;
; sysmem_lite:sysmem|f2sdram_safe_terminator:f2sdram_safe_terminator_ram2|write_burstcount_latch[1]                       ; Stuck at GND due to stuck port data_in                                                                        ;
; sysmem_lite:sysmem|f2sdram_safe_terminator:f2sdram_safe_terminator_ram2|burstcount_latch[1]                             ; Stuck at GND due to stuck port data_in                                                                        ;
; sysmem_lite:sysmem|f2sdram_safe_terminator:f2sdram_safe_terminator_ram2|state_write                                     ; Stuck at GND due to stuck port data_in                                                                        ;
; sysmem_lite:sysmem|f2sdram_safe_terminator:f2sdram_safe_terminator_ram2|write_burstcount_latch[0,7]                     ; Lost fanout                                                                                                   ;
; sysmem_lite:sysmem|f2sdram_safe_terminator:f2sdram_safe_terminator_ram2|write_address_latch[0..28]                      ; Lost fanout                                                                                                   ;
; sysmem_lite:sysmem|f2sdram_safe_terminator:f2sdram_safe_terminator_ram2|write_burstcounter[0..7]                        ; Lost fanout                                                                                                   ;
; sysmem_lite:sysmem|f2sdram_safe_terminator:f2sdram_safe_terminator_ram2|write_terminating                               ; Stuck at GND due to stuck port data_in                                                                        ;
; sysmem_lite:sysmem|f2sdram_safe_terminator:f2sdram_safe_terminator_ram2|write_terminate_counter[0..7]                   ; Lost fanout                                                                                                   ;
; osd:vga_osd|osd_w[0..2,9..21]                                                                                           ; Stuck at GND due to stuck port data_in                                                                        ;
; osd:vga_osd|osd_h[0..2,9..21]                                                                                           ; Stuck at GND due to stuck port data_in                                                                        ;
; osd:hdmi_osd|osd_w[0..2,9..21]                                                                                          ; Stuck at GND due to stuck port data_in                                                                        ;
; osd:hdmi_osd|osd_h[0..2,9..21]                                                                                          ; Stuck at GND due to stuck port data_in                                                                        ;
; audio_out:audio_out|spdif:toslink|parity_count_q[1..5]                                                                  ; Lost fanout                                                                                                   ;
; mcp23009:mcp23009|i2c:i2c|cnt[0]                                                                                        ; Stuck at GND due to stuck port data_in                                                                        ;
; ar_md_div[10]                                                                                                           ; Stuck at GND due to stuck port data_in                                                                        ;
; sys_umuldiv:ar_muldiv|sys_umul:umul|map[3..11]                                                                          ; Stuck at GND due to stuck port data_in                                                                        ;
; ar_md_div[0,2]                                                                                                          ; Merged with ar_md_mul2[2]                                                                                     ;
; ar_md_mul2[0]                                                                                                           ; Merged with ar_md_mul2[2]                                                                                     ;
; osd:hdmi_osd|v_osd_start[21]                                                                                            ; Stuck at GND due to stuck port data_in                                                                        ;
; osd:vga_osd|v_osd_start[21]                                                                                             ; Stuck at GND due to stuck port data_in                                                                        ;
; pll_cfg_hdmi:pll_cfg_hdmi|operation_address~3                                                                           ; Lost fanout                                                                                                   ;
; pll_cfg_hdmi:pll_cfg_hdmi|operation_address~4                                                                           ; Lost fanout                                                                                                   ;
; pll_cfg_hdmi:pll_cfg_hdmi|operation_address~5                                                                           ; Lost fanout                                                                                                   ;
; pll_cfg_hdmi:pll_cfg_hdmi|operation_address~6                                                                           ; Lost fanout                                                                                                   ;
; pll_cfg_hdmi:pll_cfg_hdmi|operation_address~7                                                                           ; Lost fanout                                                                                                   ;
; pll_cfg_hdmi:pll_cfg_hdmi|operation_address~8                                                                           ; Lost fanout                                                                                                   ;
; pll_cfg_hdmi:pll_cfg_hdmi|dprio_cur_state~2                                                                             ; Lost fanout                                                                                                   ;
; pll_cfg_hdmi:pll_cfg_hdmi|dprio_cur_state~3                                                                             ; Lost fanout                                                                                                   ;
; pll_cfg_hdmi:pll_cfg_hdmi|dprio_cur_state~4                                                                             ; Lost fanout                                                                                                   ;
; pll_cfg_hdmi:pll_cfg_hdmi|dprio_cur_state~5                                                                             ; Lost fanout                                                                                                   ;
; pll_cfg_hdmi:pll_cfg_hdmi|dyn_phase_shift:dyn_phase_shift_inst|dps_current_state~2                                      ; Lost fanout                                                                                                   ;
; pll_cfg_hdmi:pll_cfg_hdmi|dyn_phase_shift:dyn_phase_shift_inst|dps_current_state~3                                      ; Lost fanout                                                                                                   ;
; pll_cfg_hdmi:pll_cfg_hdmi|dyn_phase_shift:dyn_phase_shift_inst|dps_current_state~4                                      ; Lost fanout                                                                                                   ;
; pll_cfg_hdmi:pll_cfg_hdmi|dyn_phase_shift:dyn_phase_shift_inst|dps_current_state~5                                      ; Lost fanout                                                                                                   ;
; pll_hdmi:pll_hdmi|pll_hdmi_0002:pll_hdmi_inst|altera_pll:altera_pll_i|dps_extra_kick:dps_extra_inst|dps_current_state~2 ; Lost fanout                                                                                                   ;
; pll_hdmi:pll_hdmi|pll_hdmi_0002:pll_hdmi_inst|altera_pll:altera_pll_i|dps_extra_kick:dps_extra_inst|dps_current_state~3 ; Lost fanout                                                                                                   ;
; pll_hdmi:pll_hdmi|pll_hdmi_0002:pll_hdmi_inst|altera_pll:altera_pll_i|dps_extra_kick:dps_extra_inst|dps_current_state~4 ; Lost fanout                                                                                                   ;
; pll_hdmi:pll_hdmi|pll_hdmi_0002:pll_hdmi_inst|altera_pll:altera_pll_i|dps_extra_kick:dps_extra_inst|dps_current_state~5 ; Lost fanout                                                                                                   ;
; alsa:alsa|state~5                                                                                                       ; Lost fanout                                                                                                   ;
; ascal:ascal|o_newres[0,1]                                                                                               ; Stuck at GND due to stuck port data_in                                                                        ;
; pll_cfg_hdmi:pll_cfg_hdmi|current_state.LOCKED                                                                          ; Lost fanout                                                                                                   ;
; pll_cfg_hdmi:pll_cfg_hdmi|operation_address.000000                                                                      ; Lost fanout                                                                                                   ;
; pll_cfg_hdmi:pll_cfg_hdmi|operation_address.N_REG                                                                       ; Lost fanout                                                                                                   ;
; pll_cfg_hdmi:pll_cfg_hdmi|operation_address.M_REG                                                                       ; Lost fanout                                                                                                   ;
; pll_cfg_hdmi:pll_cfg_hdmi|operation_address.DSM_REG                                                                     ; Lost fanout                                                                                                   ;
; pll_cfg_hdmi:pll_cfg_hdmi|operation_address.BWCTRL_REG                                                                  ; Lost fanout                                                                                                   ;
; pll_cfg_hdmi:pll_cfg_hdmi|operation_address.CP_CURRENT_REG                                                              ; Lost fanout                                                                                                   ;
; pll_cfg_hdmi:pll_cfg_hdmi|dyn_phase_shift:dyn_phase_shift_inst|dps_current_state.DPS_CHANGED                            ; Stuck at GND due to stuck port data_in                                                                        ;
; pll_cfg_hdmi:pll_cfg_hdmi|dyn_phase_shift:dyn_phase_shift_inst|dps_current_state.DPS_WAIT_DPRIO_WRITING                 ; Stuck at GND due to stuck port data_in                                                                        ;
; pll_cfg_hdmi:pll_cfg_hdmi|dyn_phase_shift:dyn_phase_shift_inst|dps_current_state.DPS_START                              ; Stuck at GND due to stuck port data_in                                                                        ;
; pll_cfg_hdmi:pll_cfg_hdmi|dyn_phase_shift:dyn_phase_shift_inst|dps_current_state.DPS_WAIT_PHASE_EN                      ; Stuck at GND due to stuck port data_in                                                                        ;
; pll_cfg_hdmi:pll_cfg_hdmi|dyn_phase_shift:dyn_phase_shift_inst|dps_current_state.DPS_WAIT_PHASE_DONE                    ; Stuck at GND due to stuck port data_in                                                                        ;
; pll_cfg_hdmi:pll_cfg_hdmi|dyn_phase_shift:dyn_phase_shift_inst|phase_en_counter[0..15]                                  ; Lost fanout                                                                                                   ;
; pll_cfg_hdmi:pll_cfg_hdmi|dyn_phase_shift:dyn_phase_shift_inst|first_phase_shift_q                                      ; Lost fanout                                                                                                   ;
; Total Number of Removed Registers = 2199                                                                                ;                                                                                                               ;
+-------------------------------------------------------------------------------------------------------------------------+---------------------------------------------------------------------------------------------------------------+


+-------------------------------------------------------------------------------------------------------------------------------------------------------------------------------------------------------------------------------------------+
; Removed Registers Triggering Further Register Optimizations                                                                                                                                                                               ;
+----------------------------------------------------------------------------------------------------+---------------------------+----------------------------------------------------------------------------------------------------------+
; Register name                                                                                      ; Reason for Removal        ; Registers Removed due to This Register                                                                   ;
+----------------------------------------------------------------------------------------------------+---------------------------+----------------------------------------------------------------------------------------------------------+
; ascal:ascal|o_mode[1]                                                                              ; Stuck at GND              ; ascal:ascal|o_hmode[1], ascal:ascal|o_vmode[1], ascal:ascal|o_v_bil_pix.r[7],                            ;
;                                                                                                    ; due to stuck port data_in ; ascal:ascal|o_v_bil_t.r[15], ascal:ascal|o_v_bil_pix.r[6],                                               ;
;                                                                                                    ;                           ; ascal:ascal|o_v_bil_t.r[14], ascal:ascal|o_v_bil_pix.r[5],                                               ;
;                                                                                                    ;                           ; ascal:ascal|o_v_bil_t.r[13], ascal:ascal|o_v_bil_pix.r[4],                                               ;
;                                                                                                    ;                           ; ascal:ascal|o_v_bil_t.r[12], ascal:ascal|o_v_bil_pix.r[3],                                               ;
;                                                                                                    ;                           ; ascal:ascal|o_v_bil_t.r[11], ascal:ascal|o_v_bil_pix.r[2],                                               ;
;                                                                                                    ;                           ; ascal:ascal|o_v_bil_t.r[10], ascal:ascal|o_v_bil_pix.r[1],                                               ;
;                                                                                                    ;                           ; ascal:ascal|o_v_bil_t.r[9], ascal:ascal|o_v_bil_pix.r[0], ascal:ascal|o_v_bil_t.r[8],                    ;
;                                                                                                    ;                           ; ascal:ascal|o_v_bil_t.r[16], ascal:ascal|o_v_bil_pix.g[7],                                               ;
;                                                                                                    ;                           ; ascal:ascal|o_v_bil_t.g[15], ascal:ascal|o_v_bil_pix.g[6],                                               ;
;                                                                                                    ;                           ; ascal:ascal|o_v_bil_t.g[14], ascal:ascal|o_v_bil_pix.g[5],                                               ;
;                                                                                                    ;                           ; ascal:ascal|o_v_bil_t.g[13], ascal:ascal|o_v_bil_pix.g[4],                                               ;
;                                                                                                    ;                           ; ascal:ascal|o_v_bil_t.g[12], ascal:ascal|o_v_bil_pix.g[3],                                               ;
;                                                                                                    ;                           ; ascal:ascal|o_v_bil_t.g[11], ascal:ascal|o_v_bil_pix.g[2],                                               ;
;                                                                                                    ;                           ; ascal:ascal|o_v_bil_t.g[10], ascal:ascal|o_v_bil_pix.g[1],                                               ;
;                                                                                                    ;                           ; ascal:ascal|o_v_bil_t.g[9], ascal:ascal|o_v_bil_pix.g[0], ascal:ascal|o_v_bil_t.g[8],                    ;
;                                                                                                    ;                           ; ascal:ascal|o_v_bil_t.g[16], ascal:ascal|o_v_bil_pix.b[7],                                               ;
;                                                                                                    ;                           ; ascal:ascal|o_v_bil_t.b[15], ascal:ascal|o_v_bil_pix.b[6],                                               ;
;                                                                                                    ;                           ; ascal:ascal|o_v_bil_t.b[14], ascal:ascal|o_v_bil_pix.b[5],                                               ;
;                                                                                                    ;                           ; ascal:ascal|o_v_bil_t.b[13], ascal:ascal|o_v_bil_pix.b[4],                                               ;
;                                                                                                    ;                           ; ascal:ascal|o_v_bil_t.b[12], ascal:ascal|o_v_bil_pix.b[3],                                               ;
;                                                                                                    ;                           ; ascal:ascal|o_v_bil_t.b[11], ascal:ascal|o_v_bil_pix.b[2],                                               ;
;                                                                                                    ;                           ; ascal:ascal|o_v_bil_t.b[10], ascal:ascal|o_v_bil_pix.b[1],                                               ;
;                                                                                                    ;                           ; ascal:ascal|o_v_bil_t.b[9], ascal:ascal|o_v_bil_pix.b[0], ascal:ascal|o_v_bil_t.b[8],                    ;
;                                                                                                    ;                           ; ascal:ascal|o_v_bil_t.b[16], ascal:ascal|o_v_bic_pix.r[7],                                               ;
;                                                                                                    ;                           ; ascal:ascal|o_v_bic_pix.r[6], ascal:ascal|o_v_bic_pix.r[5],                                              ;
;                                                                                                    ;                           ; ascal:ascal|o_v_bic_pix.r[4], ascal:ascal|o_v_bic_pix.r[3],                                              ;
;                                                                                                    ;                           ; ascal:ascal|o_v_bic_pix.r[2], ascal:ascal|o_v_bic_pix.r[1],                                              ;
;                                                                                                    ;                           ; ascal:ascal|o_v_bic_pix.r[0], ascal:ascal|o_v_bic_tt2.r_abxcxx[9],                                       ;
;                                                                                                    ;                           ; ascal:ascal|o_v_bic_tt2.r_abxcxx[8], ascal:ascal|o_v_bic_tt2.r_abxcxx[7],                                ;
;                                                                                                    ;                           ; ascal:ascal|o_v_bic_tt2.r_abxcxx[6], ascal:ascal|o_v_bic_tt2.r_abxcxx[5],                                ;
;                                                                                                    ;                           ; ascal:ascal|o_v_bic_tt2.r_abxcxx[4], ascal:ascal|o_v_bic_abcd1.r.a[7],                                   ;
;                                                                                                    ;                           ; ascal:ascal|o_v_bic_abcd1.r.a[6], ascal:ascal|o_v_bic_abcd1.r.a[5],                                      ;
;                                                                                                    ;                           ; ascal:ascal|o_v_bic_abcd1.r.a[4], ascal:ascal|o_v_bic_pix.g[7],                                          ;
;                                                                                                    ;                           ; ascal:ascal|o_v_bic_pix.g[6], ascal:ascal|o_v_bic_pix.g[5],                                              ;
;                                                                                                    ;                           ; ascal:ascal|o_v_bic_pix.g[4], ascal:ascal|o_v_bic_pix.g[3],                                              ;
;                                                                                                    ;                           ; ascal:ascal|o_v_bic_pix.g[2], ascal:ascal|o_v_bic_pix.g[1],                                              ;
;                                                                                                    ;                           ; ascal:ascal|o_v_bic_pix.g[0], ascal:ascal|o_v_bic_tt2.g_abxcxx[9],                                       ;
;                                                                                                    ;                           ; ascal:ascal|o_v_bic_tt2.g_abxcxx[8], ascal:ascal|o_v_bic_tt2.g_abxcxx[7],                                ;
;                                                                                                    ;                           ; ascal:ascal|o_v_bic_tt2.g_abxcxx[6], ascal:ascal|o_v_bic_tt2.g_abxcxx[5],                                ;
;                                                                                                    ;                           ; ascal:ascal|o_v_bic_tt2.g_abxcxx[4], ascal:ascal|o_v_bic_abcd1.g.a[7],                                   ;
;                                                                                                    ;                           ; ascal:ascal|o_v_bic_abcd1.g.a[6], ascal:ascal|o_v_bic_abcd1.g.a[5],                                      ;
;                                                                                                    ;                           ; ascal:ascal|o_v_bic_abcd1.g.a[4], ascal:ascal|o_v_bic_pix.b[7],                                          ;
;                                                                                                    ;                           ; ascal:ascal|o_v_bic_pix.b[6], ascal:ascal|o_v_bic_pix.b[5],                                              ;
;                                                                                                    ;                           ; ascal:ascal|o_v_bic_pix.b[4], ascal:ascal|o_v_bic_pix.b[3],                                              ;
;                                                                                                    ;                           ; ascal:ascal|o_v_bic_pix.b[2], ascal:ascal|o_v_bic_pix.b[1],                                              ;
;                                                                                                    ;                           ; ascal:ascal|o_v_bic_pix.b[0], ascal:ascal|o_v_bic_tt2.b_abxcxx[9],                                       ;
;                                                                                                    ;                           ; ascal:ascal|o_v_bic_tt2.b_abxcxx[8], ascal:ascal|o_v_bic_tt2.b_abxcxx[7],                                ;
;                                                                                                    ;                           ; ascal:ascal|o_v_bic_tt2.b_abxcxx[6], ascal:ascal|o_v_bic_tt2.b_abxcxx[5],                                ;
;                                                                                                    ;                           ; ascal:ascal|o_v_bic_tt2.b_abxcxx[4], ascal:ascal|o_v_bic_abcd1.b.a[7],                                   ;
;                                                                                                    ;                           ; ascal:ascal|o_v_bic_abcd1.b.a[6], ascal:ascal|o_v_bic_abcd1.b.a[5],                                      ;
;                                                                                                    ;                           ; ascal:ascal|o_v_bic_abcd1.b.a[4], ascal:ascal|o_h_bic_pix.b[0],                                          ;
;                                                                                                    ;                           ; ascal:ascal|o_h_bic_pix.b[1], ascal:ascal|o_h_bic_pix.b[2],                                              ;
;                                                                                                    ;                           ; ascal:ascal|o_h_bic_pix.b[3], ascal:ascal|o_h_bic_pix.b[4],                                              ;
;                                                                                                    ;                           ; ascal:ascal|o_h_bic_pix.b[5], ascal:ascal|o_h_bic_pix.b[6],                                              ;
;                                                                                                    ;                           ; ascal:ascal|o_h_bic_pix.b[7], ascal:ascal|o_h_bic_tt2.b_abxcxx[9],                                       ;
;                                                                                                    ;                           ; ascal:ascal|o_h_bic_tt2.b_abxcxx[8], ascal:ascal|o_h_bic_tt2.b_abxcxx[7],                                ;
;                                                                                                    ;                           ; ascal:ascal|o_h_bic_tt2.b_abxcxx[6], ascal:ascal|o_h_bic_tt2.b_abxcxx[5],                                ;
;                                                                                                    ;                           ; ascal:ascal|o_h_bic_tt2.b_abxcxx[4], ascal:ascal|o_h_bic_abcd1.b.a[7],                                   ;
;                                                                                                    ;                           ; ascal:ascal|o_h_bic_abcd1.b.a[6], ascal:ascal|o_h_bic_abcd1.b.a[5],                                      ;
;                                                                                                    ;                           ; ascal:ascal|o_h_bic_abcd1.b.a[4], ascal:ascal|o_h_bic_pix.g[0],                                          ;
;                                                                                                    ;                           ; ascal:ascal|o_h_bic_pix.g[1], ascal:ascal|o_h_bic_pix.g[2],                                              ;
;                                                                                                    ;                           ; ascal:ascal|o_h_bic_pix.g[3], ascal:ascal|o_h_bic_pix.g[4],                                              ;
;                                                                                                    ;                           ; ascal:ascal|o_h_bic_pix.g[5], ascal:ascal|o_h_bic_pix.g[6],                                              ;
;                                                                                                    ;                           ; ascal:ascal|o_h_bic_pix.g[7], ascal:ascal|o_h_bic_tt2.g_abxcxx[9],                                       ;
;                                                                                                    ;                           ; ascal:ascal|o_h_bic_tt2.g_abxcxx[8], ascal:ascal|o_h_bic_tt2.g_abxcxx[7],                                ;
;                                                                                                    ;                           ; ascal:ascal|o_h_bic_tt2.g_abxcxx[6], ascal:ascal|o_h_bic_tt2.g_abxcxx[5],                                ;
;                                                                                                    ;                           ; ascal:ascal|o_h_bic_tt2.g_abxcxx[4], ascal:ascal|o_h_bic_abcd1.g.a[7],                                   ;
;                                                                                                    ;                           ; ascal:ascal|o_h_bic_abcd1.g.a[6], ascal:ascal|o_h_bic_abcd1.g.a[5],                                      ;
;                                                                                                    ;                           ; ascal:ascal|o_h_bic_abcd1.g.a[4], ascal:ascal|o_h_bic_pix.r[0],                                          ;
;                                                                                                    ;                           ; ascal:ascal|o_h_bic_pix.r[1], ascal:ascal|o_h_bic_pix.r[2],                                              ;
;                                                                                                    ;                           ; ascal:ascal|o_h_bic_pix.r[3], ascal:ascal|o_h_bic_pix.r[4],                                              ;
;                                                                                                    ;                           ; ascal:ascal|o_h_bic_pix.r[5], ascal:ascal|o_h_bic_pix.r[6],                                              ;
;                                                                                                    ;                           ; ascal:ascal|o_h_bic_pix.r[7], ascal:ascal|o_h_bic_tt2.r_abxcxx[9],                                       ;
;                                                                                                    ;                           ; ascal:ascal|o_h_bic_tt2.r_abxcxx[8], ascal:ascal|o_h_bic_tt2.r_abxcxx[7],                                ;
;                                                                                                    ;                           ; ascal:ascal|o_h_bic_tt2.r_abxcxx[6], ascal:ascal|o_h_bic_tt2.r_abxcxx[5],                                ;
;                                                                                                    ;                           ; ascal:ascal|o_h_bic_tt2.r_abxcxx[4], ascal:ascal|o_h_bic_abcd1.r.a[7],                                   ;
;                                                                                                    ;                           ; ascal:ascal|o_h_bic_abcd1.r.a[6], ascal:ascal|o_h_bic_abcd1.r.a[5],                                      ;
;                                                                                                    ;                           ; ascal:ascal|o_h_bic_abcd1.r.a[4], ascal:ascal|o_h_bil_pix.b[0],                                          ;
;                                                                                                    ;                           ; ascal:ascal|o_h_bil_t.b[8], ascal:ascal|o_h_bil_pix.b[1], ascal:ascal|o_h_bil_t.b[9],                    ;
;                                                                                                    ;                           ; ascal:ascal|o_h_bil_pix.b[2], ascal:ascal|o_h_bil_t.b[10],                                               ;
;                                                                                                    ;                           ; ascal:ascal|o_h_bil_pix.b[3], ascal:ascal|o_h_bil_t.b[11],                                               ;
;                                                                                                    ;                           ; ascal:ascal|o_h_bil_pix.b[4], ascal:ascal|o_h_bil_t.b[12],                                               ;
;                                                                                                    ;                           ; ascal:ascal|o_h_bil_pix.b[5], ascal:ascal|o_h_bil_t.b[13],                                               ;
;                                                                                                    ;                           ; ascal:ascal|o_h_bil_pix.b[6], ascal:ascal|o_h_bil_t.b[14],                                               ;
;                                                                                                    ;                           ; ascal:ascal|o_h_bil_pix.b[7], ascal:ascal|o_h_bil_t.b[15],                                               ;
;                                                                                                    ;                           ; ascal:ascal|o_h_bil_t.b[16], ascal:ascal|o_h_bil_pix.g[0],                                               ;
;                                                                                                    ;                           ; ascal:ascal|o_h_bil_t.g[8], ascal:ascal|o_h_bil_pix.g[1], ascal:ascal|o_h_bil_t.g[9],                    ;
;                                                                                                    ;                           ; ascal:ascal|o_h_bil_pix.g[2], ascal:ascal|o_h_bil_t.g[10],                                               ;
;                                                                                                    ;                           ; ascal:ascal|o_h_bil_pix.g[3], ascal:ascal|o_h_bil_t.g[11],                                               ;
;                                                                                                    ;                           ; ascal:ascal|o_h_bil_pix.g[4], ascal:ascal|o_h_bil_t.g[12],                                               ;
;                                                                                                    ;                           ; ascal:ascal|o_h_bil_pix.g[5], ascal:ascal|o_h_bil_t.g[13],                                               ;
;                                                                                                    ;                           ; ascal:ascal|o_h_bil_pix.g[6], ascal:ascal|o_h_bil_t.g[14],                                               ;
;                                                                                                    ;                           ; ascal:ascal|o_h_bil_pix.g[7], ascal:ascal|o_h_bil_t.g[15],                                               ;
;                                                                                                    ;                           ; ascal:ascal|o_h_bil_t.g[16], ascal:ascal|o_h_bil_pix.r[0],                                               ;
;                                                                                                    ;                           ; ascal:ascal|o_h_bil_t.r[8], ascal:ascal|o_h_bil_pix.r[1], ascal:ascal|o_h_bil_t.r[9],                    ;
;                                                                                                    ;                           ; ascal:ascal|o_h_bil_pix.r[2], ascal:ascal|o_h_bil_t.r[10],                                               ;
;                                                                                                    ;                           ; ascal:ascal|o_h_bil_pix.r[3], ascal:ascal|o_h_bil_t.r[11],                                               ;
;                                                                                                    ;                           ; ascal:ascal|o_h_bil_pix.r[4], ascal:ascal|o_h_bil_t.r[12],                                               ;
;                                                                                                    ;                           ; ascal:ascal|o_h_bil_pix.r[5], ascal:ascal|o_h_bil_t.r[13],                                               ;
;                                                                                                    ;                           ; ascal:ascal|o_h_bil_pix.r[6], ascal:ascal|o_h_bil_t.r[14],                                               ;
;                                                                                                    ;                           ; ascal:ascal|o_h_bil_pix.r[7], ascal:ascal|o_h_bil_t.r[15],                                               ;
;                                                                                                    ;                           ; ascal:ascal|o_h_bil_t.r[16]                                                                              ;
; sysmem_lite:sysmem|ram1_reset_1                                                                    ; Stuck at VCC              ; sysmem_lite:sysmem|ram1_reset_0,                                                                         ;
;                                                                                                    ; due to stuck port clock   ; sysmem_lite:sysmem|f2sdram_safe_terminator:f2sdram_safe_terminator_ram1|lock_stage,                      ;
;                                                                                                    ;                           ; sysmem_lite:sysmem|f2sdram_safe_terminator:f2sdram_safe_terminator_ram1|read_terminating,                ;
;                                                                                                    ;                           ; sysmem_lite:sysmem|f2sdram_safe_terminator:f2sdram_safe_terminator_ram1|write_terminate_counter[0],      ;
;                                                                                                    ;                           ; sysmem_lite:sysmem|f2sdram_safe_terminator:f2sdram_safe_terminator_ram1|write_terminate_counter[1],      ;
;                                                                                                    ;                           ; sysmem_lite:sysmem|f2sdram_safe_terminator:f2sdram_safe_terminator_ram1|write_terminate_counter[2],      ;
;                                                                                                    ;                           ; sysmem_lite:sysmem|f2sdram_safe_terminator:f2sdram_safe_terminator_ram1|write_terminate_counter[3],      ;
;                                                                                                    ;                           ; sysmem_lite:sysmem|f2sdram_safe_terminator:f2sdram_safe_terminator_ram1|write_terminate_counter[4],      ;
;                                                                                                    ;                           ; sysmem_lite:sysmem|f2sdram_safe_terminator:f2sdram_safe_terminator_ram1|write_terminate_counter[5],      ;
;                                                                                                    ;                           ; sysmem_lite:sysmem|f2sdram_safe_terminator:f2sdram_safe_terminator_ram1|write_terminate_counter[6],      ;
;                                                                                                    ;                           ; sysmem_lite:sysmem|f2sdram_safe_terminator:f2sdram_safe_terminator_ram1|write_terminate_counter[7],      ;
;                                                                                                    ;                           ; sysmem_lite:sysmem|f2sdram_safe_terminator:f2sdram_safe_terminator_ram1|terminating,                     ;
;                                                                                                    ;                           ; sysmem_lite:sysmem|f2sdram_safe_terminator:f2sdram_safe_terminator_ram1|address_latch[0],                ;
;                                                                                                    ;                           ; sysmem_lite:sysmem|f2sdram_safe_terminator:f2sdram_safe_terminator_ram1|address_latch[1],                ;
;                                                                                                    ;                           ; sysmem_lite:sysmem|f2sdram_safe_terminator:f2sdram_safe_terminator_ram1|address_latch[2],                ;
;                                                                                                    ;                           ; sysmem_lite:sysmem|f2sdram_safe_terminator:f2sdram_safe_terminator_ram1|address_latch[3],                ;
;                                                                                                    ;                           ; sysmem_lite:sysmem|f2sdram_safe_terminator:f2sdram_safe_terminator_ram1|address_latch[4],                ;
;                                                                                                    ;                           ; sysmem_lite:sysmem|f2sdram_safe_terminator:f2sdram_safe_terminator_ram1|address_latch[5],                ;
;                                                                                                    ;                           ; sysmem_lite:sysmem|f2sdram_safe_terminator:f2sdram_safe_terminator_ram1|address_latch[6],                ;
;                                                                                                    ;                           ; sysmem_lite:sysmem|f2sdram_safe_terminator:f2sdram_safe_terminator_ram1|address_latch[7],                ;
;                                                                                                    ;                           ; sysmem_lite:sysmem|f2sdram_safe_terminator:f2sdram_safe_terminator_ram1|address_latch[8],                ;
;                                                                                                    ;                           ; sysmem_lite:sysmem|f2sdram_safe_terminator:f2sdram_safe_terminator_ram1|address_latch[9],                ;
;                                                                                                    ;                           ; sysmem_lite:sysmem|f2sdram_safe_terminator:f2sdram_safe_terminator_ram1|address_latch[10],               ;
;                                                                                                    ;                           ; sysmem_lite:sysmem|f2sdram_safe_terminator:f2sdram_safe_terminator_ram1|address_latch[11],               ;
;                                                                                                    ;                           ; sysmem_lite:sysmem|f2sdram_safe_terminator:f2sdram_safe_terminator_ram1|address_latch[12],               ;
;                                                                                                    ;                           ; sysmem_lite:sysmem|f2sdram_safe_terminator:f2sdram_safe_terminator_ram1|address_latch[13],               ;
;                                                                                                    ;                           ; sysmem_lite:sysmem|f2sdram_safe_terminator:f2sdram_safe_terminator_ram1|address_latch[14],               ;
;                                                                                                    ;                           ; sysmem_lite:sysmem|f2sdram_safe_terminator:f2sdram_safe_terminator_ram1|address_latch[15],               ;
;                                                                                                    ;                           ; sysmem_lite:sysmem|f2sdram_safe_terminator:f2sdram_safe_terminator_ram1|address_latch[16],               ;
;                                                                                                    ;                           ; sysmem_lite:sysmem|f2sdram_safe_terminator:f2sdram_safe_terminator_ram1|address_latch[17],               ;
;                                                                                                    ;                           ; sysmem_lite:sysmem|f2sdram_safe_terminator:f2sdram_safe_terminator_ram1|address_latch[18],               ;
;                                                                                                    ;                           ; sysmem_lite:sysmem|f2sdram_safe_terminator:f2sdram_safe_terminator_ram1|address_latch[19],               ;
;                                                                                                    ;                           ; sysmem_lite:sysmem|f2sdram_safe_terminator:f2sdram_safe_terminator_ram1|address_latch[20],               ;
;                                                                                                    ;                           ; sysmem_lite:sysmem|f2sdram_safe_terminator:f2sdram_safe_terminator_ram1|address_latch[21],               ;
;                                                                                                    ;                           ; sysmem_lite:sysmem|f2sdram_safe_terminator:f2sdram_safe_terminator_ram1|address_latch[22],               ;
;                                                                                                    ;                           ; sysmem_lite:sysmem|f2sdram_safe_terminator:f2sdram_safe_terminator_ram1|address_latch[23],               ;
;                                                                                                    ;                           ; sysmem_lite:sysmem|f2sdram_safe_terminator:f2sdram_safe_terminator_ram1|address_latch[24],               ;
;                                                                                                    ;                           ; sysmem_lite:sysmem|f2sdram_safe_terminator:f2sdram_safe_terminator_ram1|address_latch[25],               ;
;                                                                                                    ;                           ; sysmem_lite:sysmem|f2sdram_safe_terminator:f2sdram_safe_terminator_ram1|address_latch[26],               ;
;                                                                                                    ;                           ; sysmem_lite:sysmem|f2sdram_safe_terminator:f2sdram_safe_terminator_ram1|address_latch[27],               ;
;                                                                                                    ;                           ; sysmem_lite:sysmem|f2sdram_safe_terminator:f2sdram_safe_terminator_ram1|address_latch[28],               ;
;                                                                                                    ;                           ; sysmem_lite:sysmem|f2sdram_safe_terminator:f2sdram_safe_terminator_ram1|burstcount_latch[0],             ;
;                                                                                                    ;                           ; sysmem_lite:sysmem|f2sdram_safe_terminator:f2sdram_safe_terminator_ram1|burstcount_latch[1],             ;
;                                                                                                    ;                           ; sysmem_lite:sysmem|f2sdram_safe_terminator:f2sdram_safe_terminator_ram1|burstcount_latch[2],             ;
;                                                                                                    ;                           ; sysmem_lite:sysmem|f2sdram_safe_terminator:f2sdram_safe_terminator_ram1|burstcount_latch[3],             ;
;                                                                                                    ;                           ; sysmem_lite:sysmem|f2sdram_safe_terminator:f2sdram_safe_terminator_ram1|burstcount_latch[4],             ;
;                                                                                                    ;                           ; sysmem_lite:sysmem|f2sdram_safe_terminator:f2sdram_safe_terminator_ram1|burstcount_latch[5],             ;
;                                                                                                    ;                           ; sysmem_lite:sysmem|f2sdram_safe_terminator:f2sdram_safe_terminator_ram1|burstcount_latch[6],             ;
;                                                                                                    ;                           ; sysmem_lite:sysmem|f2sdram_safe_terminator:f2sdram_safe_terminator_ram1|burstcount_latch[7],             ;
;                                                                                                    ;                           ; sysmem_lite:sysmem|f2sdram_safe_terminator:f2sdram_safe_terminator_ram1|write_burstcounter[0],           ;
;                                                                                                    ;                           ; sysmem_lite:sysmem|f2sdram_safe_terminator:f2sdram_safe_terminator_ram1|write_burstcounter[1],           ;
;                                                                                                    ;                           ; sysmem_lite:sysmem|f2sdram_safe_terminator:f2sdram_safe_terminator_ram1|write_burstcounter[2],           ;
;                                                                                                    ;                           ; sysmem_lite:sysmem|f2sdram_safe_terminator:f2sdram_safe_terminator_ram1|write_burstcounter[3],           ;
;                                                                                                    ;                           ; sysmem_lite:sysmem|f2sdram_safe_terminator:f2sdram_safe_terminator_ram1|write_burstcounter[4],           ;
;                                                                                                    ;                           ; sysmem_lite:sysmem|f2sdram_safe_terminator:f2sdram_safe_terminator_ram1|write_burstcounter[5],           ;
;                                                                                                    ;                           ; sysmem_lite:sysmem|f2sdram_safe_terminator:f2sdram_safe_terminator_ram1|write_burstcounter[6],           ;
;                                                                                                    ;                           ; sysmem_lite:sysmem|f2sdram_safe_terminator:f2sdram_safe_terminator_ram1|write_burstcounter[7],           ;
;                                                                                                    ;                           ; ddr_svc:ddr_svc|ram_burst[1],                                                                            ;
;                                                                                                    ;                           ; sysmem_lite:sysmem|f2sdram_safe_terminator:f2sdram_safe_terminator_ram2|write_burstcount_latch[7],       ;
;                                                                                                    ;                           ; sysmem_lite:sysmem|f2sdram_safe_terminator:f2sdram_safe_terminator_ram2|write_burstcounter[1],           ;
;                                                                                                    ;                           ; sysmem_lite:sysmem|f2sdram_safe_terminator:f2sdram_safe_terminator_ram2|write_burstcounter[2],           ;
;                                                                                                    ;                           ; sysmem_lite:sysmem|f2sdram_safe_terminator:f2sdram_safe_terminator_ram2|write_burstcounter[3],           ;
;                                                                                                    ;                           ; sysmem_lite:sysmem|f2sdram_safe_terminator:f2sdram_safe_terminator_ram2|write_burstcounter[4],           ;
;                                                                                                    ;                           ; sysmem_lite:sysmem|f2sdram_safe_terminator:f2sdram_safe_terminator_ram2|write_burstcounter[5],           ;
;                                                                                                    ;                           ; sysmem_lite:sysmem|f2sdram_safe_terminator:f2sdram_safe_terminator_ram2|write_burstcounter[6],           ;
;                                                                                                    ;                           ; sysmem_lite:sysmem|f2sdram_safe_terminator:f2sdram_safe_terminator_ram2|write_burstcounter[7],           ;
;                                                                                                    ;                           ; sysmem_lite:sysmem|f2sdram_safe_terminator:f2sdram_safe_terminator_ram2|write_burstcounter[0]            ;
; pll_cfg_hdmi:pll_cfg_hdmi|usr_up_dn                                                                ; Stuck at GND              ; ascal:ascal|o_adrs[31], ascal:ascal|o_adrs[30], ascal:ascal|o_adrs[29],                                  ;
;                                                                                                    ; due to stuck port data_in ; ascal:ascal|o_adrs[28], ascal:ascal|o_adrs[27], ascal:ascal|o_adrs[26],                                  ;
;                                                                                                    ;                           ; ascal:ascal|o_adrs[25], ascal:ascal|avl_radrs[31], ascal:ascal|avl_radrs[30],                            ;
;                                                                                                    ;                           ; ascal:ascal|avl_radrs[29], ascal:ascal|avl_radrs[28], ascal:ascal|avl_radrs[27],                         ;
;                                                                                                    ;                           ; ascal:ascal|avl_radrs[26], ascal:ascal|avl_radrs[25],                                                    ;
;                                                                                                    ;                           ; vga_out:vga_scaler_out|pr_1b[13], vga_out:vga_scaler_out|y_1b[13],                                       ;
;                                                                                                    ;                           ; vga_out:vga_scaler_out|y_1b[14], vga_out:vga_scaler_out|pr_1g[15],                                       ;
;                                                                                                    ;                           ; vga_out:vga_scaler_out|pr_1g[16], vga_out:vga_scaler_out|pb_1g[15],                                      ;
;                                                                                                    ;                           ; vga_out:vga_scaler_out|pb_1g[16], vga_out:vga_scaler_out|y_1g[16],                                       ;
;                                                                                                    ;                           ; vga_out:vga_scaler_out|y_1g[17], vga_out:vga_scaler_out|y_1r[15],                                        ;
;                                                                                                    ;                           ; vga_out:vga_scaler_out|y_1r[16],                                                                         ;
;                                                                                                    ;                           ; pll_cfg_hdmi:pll_cfg_hdmi|dyn_phase_shift:dyn_phase_shift_inst|shifts_done_counter[1],                   ;
;                                                                                                    ;                           ; pll_cfg_hdmi:pll_cfg_hdmi|dyn_phase_shift:dyn_phase_shift_inst|shifts_done_counter[0],                   ;
;                                                                                                    ;                           ; pll_cfg_hdmi:pll_cfg_hdmi|dyn_phase_shift:dyn_phase_shift_inst|shifts_done_counter[2],                   ;
;                                                                                                    ;                           ; pll_cfg_hdmi:pll_cfg_hdmi|dyn_phase_shift:dyn_phase_shift_inst|shifts_done_counter[3],                   ;
;                                                                                                    ;                           ; pll_cfg_hdmi:pll_cfg_hdmi|dyn_phase_shift:dyn_phase_shift_inst|shifts_done_counter[4],                   ;
;                                                                                                    ;                           ; pll_cfg_hdmi:pll_cfg_hdmi|dyn_phase_shift:dyn_phase_shift_inst|shifts_done_counter[5],                   ;
;                                                                                                    ;                           ; pll_cfg_hdmi:pll_cfg_hdmi|dyn_phase_shift:dyn_phase_shift_inst|shifts_done_counter[6],                   ;
;                                                                                                    ;                           ; pll_cfg_hdmi:pll_cfg_hdmi|dyn_phase_shift:dyn_phase_shift_inst|shifts_done_counter[7],                   ;
;                                                                                                    ;                           ; pll_cfg_hdmi:pll_cfg_hdmi|dyn_phase_shift:dyn_phase_shift_inst|shifts_done_counter[8],                   ;
;                                                                                                    ;                           ; pll_cfg_hdmi:pll_cfg_hdmi|dyn_phase_shift:dyn_phase_shift_inst|shifts_done_counter[9],                   ;
;                                                                                                    ;                           ; pll_cfg_hdmi:pll_cfg_hdmi|dyn_phase_shift:dyn_phase_shift_inst|shifts_done_counter[10],                  ;
;                                                                                                    ;                           ; pll_cfg_hdmi:pll_cfg_hdmi|dyn_phase_shift:dyn_phase_shift_inst|shifts_done_counter[11],                  ;
;                                                                                                    ;                           ; pll_cfg_hdmi:pll_cfg_hdmi|dyn_phase_shift:dyn_phase_shift_inst|shifts_done_counter[12],                  ;
;                                                                                                    ;                           ; pll_cfg_hdmi:pll_cfg_hdmi|dyn_phase_shift:dyn_phase_shift_inst|shifts_done_counter[13],                  ;
;                                                                                                    ;                           ; pll_cfg_hdmi:pll_cfg_hdmi|dyn_phase_shift:dyn_phase_shift_inst|shifts_done_counter[14],                  ;
;                                                                                                    ;                           ; pll_cfg_hdmi:pll_cfg_hdmi|dyn_phase_shift:dyn_phase_shift_inst|shifts_done_counter[15],                  ;
;                                                                                                    ;                           ; ascal:ascal|o_newres[1], ascal:ascal|o_newres[0],                                                        ;
;                                                                                                    ;                           ; pll_cfg_hdmi:pll_cfg_hdmi|dyn_phase_shift:dyn_phase_shift_inst|phase_en_counter[15],                     ;
;                                                                                                    ;                           ; pll_cfg_hdmi:pll_cfg_hdmi|dyn_phase_shift:dyn_phase_shift_inst|phase_en_counter[0],                      ;
;                                                                                                    ;                           ; pll_cfg_hdmi:pll_cfg_hdmi|dyn_phase_shift:dyn_phase_shift_inst|first_phase_shift_q                       ;
; audio_out:audio_out|cr1[0]                                                                         ; Stuck at GND              ; audio_out:audio_out|cr[15], audio_out:audio_out|cr[0], audio_out:audio_out|cr[1],                        ;
;                                                                                                    ; due to stuck port data_in ; audio_out:audio_out|cr[2], audio_out:audio_out|cr[3], audio_out:audio_out|cr[4],                         ;
;                                                                                                    ;                           ; audio_out:audio_out|cr[5], audio_out:audio_out|cr[6], audio_out:audio_out|cr[7],                         ;
;                                                                                                    ;                           ; audio_out:audio_out|cr[8], audio_out:audio_out|cr[9], audio_out:audio_out|cr[10],                        ;
;                                                                                                    ;                           ; audio_out:audio_out|cr[11], audio_out:audio_out|cr[12], audio_out:audio_out|cr[13],                      ;
;                                                                                                    ;                           ; audio_out:audio_out|cr[14], audio_out:audio_out|IIR_filter:IIR_filter|inp_m[0],                          ;
;                                                                                                    ;                           ; audio_out:audio_out|IIR_filter:IIR_filter|inp_m[1],                                                      ;
;                                                                                                    ;                           ; audio_out:audio_out|IIR_filter:IIR_filter|inp_m[2],                                                      ;
;                                                                                                    ;                           ; audio_out:audio_out|IIR_filter:IIR_filter|inp_m[3],                                                      ;
;                                                                                                    ;                           ; audio_out:audio_out|IIR_filter:IIR_filter|inp_m[4],                                                      ;
;                                                                                                    ;                           ; audio_out:audio_out|IIR_filter:IIR_filter|inp_m[5],                                                      ;
;                                                                                                    ;                           ; audio_out:audio_out|IIR_filter:IIR_filter|inp_m[6],                                                      ;
;                                                                                                    ;                           ; audio_out:audio_out|IIR_filter:IIR_filter|inp_m[7],                                                      ;
;                                                                                                    ;                           ; audio_out:audio_out|IIR_filter:IIR_filter|inp_m[8],                                                      ;
;                                                                                                    ;                           ; audio_out:audio_out|IIR_filter:IIR_filter|inp_m[9],                                                      ;
;                                                                                                    ;                           ; audio_out:audio_out|IIR_filter:IIR_filter|inp_m[10],                                                     ;
;                                                                                                    ;                           ; audio_out:audio_out|IIR_filter:IIR_filter|inp_m[11],                                                     ;
;                                                                                                    ;                           ; audio_out:audio_out|IIR_filter:IIR_filter|inp_m[12],                                                     ;
;                                                                                                    ;                           ; audio_out:audio_out|IIR_filter:IIR_filter|inp_m[13],                                                     ;
;                                                                                                    ;                           ; audio_out:audio_out|IIR_filter:IIR_filter|inp_m[14],                                                     ;
;                                                                                                    ;                           ; audio_out:audio_out|IIR_filter:IIR_filter|inp_m[15]                                                      ;
; audio_out:audio_out|cl1[0]                                                                         ; Stuck at GND              ; audio_out:audio_out|cl[15], audio_out:audio_out|cl[0], audio_out:audio_out|cl[1],                        ;
;                                                                                                    ; due to stuck port data_in ; audio_out:audio_out|cl[2], audio_out:audio_out|cl[3], audio_out:audio_out|cl[4],                         ;
;                                                                                                    ;                           ; audio_out:audio_out|cl[5], audio_out:audio_out|cl[6], audio_out:audio_out|cl[7],                         ;
;                                                                                                    ;                           ; audio_out:audio_out|cl[8], audio_out:audio_out|cl[9], audio_out:audio_out|cl[10],                        ;
;                                                                                                    ;                           ; audio_out:audio_out|cl[11], audio_out:audio_out|cl[12], audio_out:audio_out|cl[13],                      ;
;                                                                                                    ;                           ; audio_out:audio_out|cl[14], audio_out:audio_out|IIR_filter:IIR_filter|inp[0],                            ;
;                                                                                                    ;                           ; audio_out:audio_out|IIR_filter:IIR_filter|inp[1],                                                        ;
;                                                                                                    ;                           ; audio_out:audio_out|IIR_filter:IIR_filter|inp[2],                                                        ;
;                                                                                                    ;                           ; audio_out:audio_out|IIR_filter:IIR_filter|inp[3],                                                        ;
;                                                                                                    ;                           ; audio_out:audio_out|IIR_filter:IIR_filter|inp[4],                                                        ;
;                                                                                                    ;                           ; audio_out:audio_out|IIR_filter:IIR_filter|inp[5],                                                        ;
;                                                                                                    ;                           ; audio_out:audio_out|IIR_filter:IIR_filter|inp[6],                                                        ;
;                                                                                                    ;                           ; audio_out:audio_out|IIR_filter:IIR_filter|inp[7],                                                        ;
;                                                                                                    ;                           ; audio_out:audio_out|IIR_filter:IIR_filter|inp[8],                                                        ;
;                                                                                                    ;                           ; audio_out:audio_out|IIR_filter:IIR_filter|inp[9],                                                        ;
;                                                                                                    ;                           ; audio_out:audio_out|IIR_filter:IIR_filter|inp[10],                                                       ;
;                                                                                                    ;                           ; audio_out:audio_out|IIR_filter:IIR_filter|inp[11],                                                       ;
;                                                                                                    ;                           ; audio_out:audio_out|IIR_filter:IIR_filter|inp[12],                                                       ;
;                                                                                                    ;                           ; audio_out:audio_out|IIR_filter:IIR_filter|inp[13],                                                       ;
;                                                                                                    ;                           ; audio_out:audio_out|IIR_filter:IIR_filter|inp[14],                                                       ;
;                                                                                                    ;                           ; audio_out:audio_out|IIR_filter:IIR_filter|inp[15]                                                        ;
; ascal:ascal|o_h_sbil_t.f[7]                                                                        ; Stuck at GND              ; ascal:ascal|o_hfrac[7][10], ascal:ascal|o_hfrac[7][9], ascal:ascal|o_hfrac[7][8],                        ;
;                                                                                                    ; due to stuck port data_in ; ascal:ascal|o_hfrac[7][7], ascal:ascal|o_hfrac[7][6], ascal:ascal|o_h_sbil_t.f[6],                       ;
;                                                                                                    ;                           ; ascal:ascal|o_h_sbil_t.f[5], ascal:ascal|o_h_sbil_t.f[4],                                                ;
;                                                                                                    ;                           ; ascal:ascal|o_h_sbil_t.f[3], ascal:ascal|o_h_sbil_t.f[2],                                                ;
;                                                                                                    ;                           ; ascal:ascal|o_h_sbil_t.f[1], ascal:ascal|o_h_sbil_t.f[0],                                                ;
;                                                                                                    ;                           ; ascal:ascal|o_h_sbil_t.s[7], ascal:ascal|o_hfrac[6][10], ascal:ascal|o_hfrac[5][10],                     ;
;                                                                                                    ;                           ; ascal:ascal|o_hfrac[4][10], ascal:ascal|o_hfrac[6][9], ascal:ascal|o_hfrac[5][9],                        ;
;                                                                                                    ;                           ; ascal:ascal|o_hfrac[4][9], ascal:ascal|o_hfrac[6][8], ascal:ascal|o_hfrac[5][8],                         ;
;                                                                                                    ;                           ; ascal:ascal|o_hfrac[4][8], ascal:ascal|o_hfrac[6][7], ascal:ascal|o_hfrac[5][7],                         ;
;                                                                                                    ;                           ; ascal:ascal|o_hfrac[4][7], ascal:ascal|o_hfrac[6][6], ascal:ascal|o_hfrac[5][6],                         ;
;                                                                                                    ;                           ; ascal:ascal|o_hfrac[4][6], ascal:ascal|o_hfrac[7][11], ascal:ascal|o_hfrac[6][11],                       ;
;                                                                                                    ;                           ; ascal:ascal|o_hfrac[5][11], ascal:ascal|o_hfrac[4][11]                                                   ;
; sysmem_lite:sysmem|f2sdram_safe_terminator:f2sdram_safe_terminator_ram2|state_write                ; Stuck at GND              ; sysmem_lite:sysmem|f2sdram_safe_terminator:f2sdram_safe_terminator_ram2|write_address_latch[28],         ;
;                                                                                                    ; due to stuck port data_in ; sysmem_lite:sysmem|f2sdram_safe_terminator:f2sdram_safe_terminator_ram2|write_address_latch[27],         ;
;                                                                                                    ;                           ; sysmem_lite:sysmem|f2sdram_safe_terminator:f2sdram_safe_terminator_ram2|write_address_latch[26],         ;
;                                                                                                    ;                           ; sysmem_lite:sysmem|f2sdram_safe_terminator:f2sdram_safe_terminator_ram2|write_address_latch[25],         ;
;                                                                                                    ;                           ; sysmem_lite:sysmem|f2sdram_safe_terminator:f2sdram_safe_terminator_ram2|write_address_latch[24],         ;
;                                                                                                    ;                           ; sysmem_lite:sysmem|f2sdram_safe_terminator:f2sdram_safe_terminator_ram2|write_address_latch[23],         ;
;                                                                                                    ;                           ; sysmem_lite:sysmem|f2sdram_safe_terminator:f2sdram_safe_terminator_ram2|write_address_latch[22],         ;
;                                                                                                    ;                           ; sysmem_lite:sysmem|f2sdram_safe_terminator:f2sdram_safe_terminator_ram2|write_address_latch[21],         ;
;                                                                                                    ;                           ; sysmem_lite:sysmem|f2sdram_safe_terminator:f2sdram_safe_terminator_ram2|write_address_latch[20],         ;
;                                                                                                    ;                           ; sysmem_lite:sysmem|f2sdram_safe_terminator:f2sdram_safe_terminator_ram2|write_address_latch[19],         ;
;                                                                                                    ;                           ; sysmem_lite:sysmem|f2sdram_safe_terminator:f2sdram_safe_terminator_ram2|write_address_latch[18],         ;
;                                                                                                    ;                           ; sysmem_lite:sysmem|f2sdram_safe_terminator:f2sdram_safe_terminator_ram2|write_address_latch[17],         ;
;                                                                                                    ;                           ; sysmem_lite:sysmem|f2sdram_safe_terminator:f2sdram_safe_terminator_ram2|write_address_latch[16],         ;
;                                                                                                    ;                           ; sysmem_lite:sysmem|f2sdram_safe_terminator:f2sdram_safe_terminator_ram2|write_address_latch[15],         ;
;                                                                                                    ;                           ; sysmem_lite:sysmem|f2sdram_safe_terminator:f2sdram_safe_terminator_ram2|write_address_latch[14],         ;
;                                                                                                    ;                           ; sysmem_lite:sysmem|f2sdram_safe_terminator:f2sdram_safe_terminator_ram2|write_address_latch[13],         ;
;                                                                                                    ;                           ; sysmem_lite:sysmem|f2sdram_safe_terminator:f2sdram_safe_terminator_ram2|write_address_latch[12],         ;
;                                                                                                    ;                           ; sysmem_lite:sysmem|f2sdram_safe_terminator:f2sdram_safe_terminator_ram2|write_address_latch[11],         ;
;                                                                                                    ;                           ; sysmem_lite:sysmem|f2sdram_safe_terminator:f2sdram_safe_terminator_ram2|write_address_latch[10],         ;
;                                                                                                    ;                           ; sysmem_lite:sysmem|f2sdram_safe_terminator:f2sdram_safe_terminator_ram2|write_address_latch[9],          ;
;                                                                                                    ;                           ; sysmem_lite:sysmem|f2sdram_safe_terminator:f2sdram_safe_terminator_ram2|write_address_latch[8],          ;
;                                                                                                    ;                           ; sysmem_lite:sysmem|f2sdram_safe_terminator:f2sdram_safe_terminator_ram2|write_address_latch[7],          ;
;                                                                                                    ;                           ; sysmem_lite:sysmem|f2sdram_safe_terminator:f2sdram_safe_terminator_ram2|write_address_latch[6],          ;
;                                                                                                    ;                           ; sysmem_lite:sysmem|f2sdram_safe_terminator:f2sdram_safe_terminator_ram2|write_address_latch[5],          ;
;                                                                                                    ;                           ; sysmem_lite:sysmem|f2sdram_safe_terminator:f2sdram_safe_terminator_ram2|write_address_latch[4],          ;
;                                                                                                    ;                           ; sysmem_lite:sysmem|f2sdram_safe_terminator:f2sdram_safe_terminator_ram2|write_address_latch[3],          ;
;                                                                                                    ;                           ; sysmem_lite:sysmem|f2sdram_safe_terminator:f2sdram_safe_terminator_ram2|write_address_latch[2],          ;
;                                                                                                    ;                           ; sysmem_lite:sysmem|f2sdram_safe_terminator:f2sdram_safe_terminator_ram2|write_address_latch[1],          ;
;                                                                                                    ;                           ; sysmem_lite:sysmem|f2sdram_safe_terminator:f2sdram_safe_terminator_ram2|write_address_latch[0]           ;
; sysmem_lite:sysmem|f2sdram_safe_terminator:f2sdram_safe_terminator_ram1|init_reset_deasserted      ; Stuck at GND              ; sysmem_lite:sysmem|f2sdram_safe_terminator:f2sdram_safe_terminator_ram1|write_address_latch[28],         ;
;                                                                                                    ; due to stuck port clock   ; sysmem_lite:sysmem|f2sdram_safe_terminator:f2sdram_safe_terminator_ram1|write_address_latch[27],         ;
;                                                                                                    ;                           ; sysmem_lite:sysmem|f2sdram_safe_terminator:f2sdram_safe_terminator_ram1|write_address_latch[26],         ;
;                                                                                                    ;                           ; sysmem_lite:sysmem|f2sdram_safe_terminator:f2sdram_safe_terminator_ram1|write_address_latch[25],         ;
;                                                                                                    ;                           ; sysmem_lite:sysmem|f2sdram_safe_terminator:f2sdram_safe_terminator_ram1|write_address_latch[24],         ;
;                                                                                                    ;                           ; sysmem_lite:sysmem|f2sdram_safe_terminator:f2sdram_safe_terminator_ram1|write_address_latch[23],         ;
;                                                                                                    ;                           ; sysmem_lite:sysmem|f2sdram_safe_terminator:f2sdram_safe_terminator_ram1|write_address_latch[22],         ;
;                                                                                                    ;                           ; sysmem_lite:sysmem|f2sdram_safe_terminator:f2sdram_safe_terminator_ram1|write_address_latch[21],         ;
;                                                                                                    ;                           ; sysmem_lite:sysmem|f2sdram_safe_terminator:f2sdram_safe_terminator_ram1|write_address_latch[20],         ;
;                                                                                                    ;                           ; sysmem_lite:sysmem|f2sdram_safe_terminator:f2sdram_safe_terminator_ram1|write_address_latch[19],         ;
;                                                                                                    ;                           ; sysmem_lite:sysmem|f2sdram_safe_terminator:f2sdram_safe_terminator_ram1|write_address_latch[18],         ;
;                                                                                                    ;                           ; sysmem_lite:sysmem|f2sdram_safe_terminator:f2sdram_safe_terminator_ram1|write_address_latch[17],         ;
;                                                                                                    ;                           ; sysmem_lite:sysmem|f2sdram_safe_terminator:f2sdram_safe_terminator_ram1|write_address_latch[16],         ;
;                                                                                                    ;                           ; sysmem_lite:sysmem|f2sdram_safe_terminator:f2sdram_safe_terminator_ram1|write_address_latch[15],         ;
;                                                                                                    ;                           ; sysmem_lite:sysmem|f2sdram_safe_terminator:f2sdram_safe_terminator_ram1|write_address_latch[14],         ;
;                                                                                                    ;                           ; sysmem_lite:sysmem|f2sdram_safe_terminator:f2sdram_safe_terminator_ram1|write_address_latch[13],         ;
;                                                                                                    ;                           ; sysmem_lite:sysmem|f2sdram_safe_terminator:f2sdram_safe_terminator_ram1|write_address_latch[12],         ;
;                                                                                                    ;                           ; sysmem_lite:sysmem|f2sdram_safe_terminator:f2sdram_safe_terminator_ram1|write_address_latch[11],         ;
;                                                                                                    ;                           ; sysmem_lite:sysmem|f2sdram_safe_terminator:f2sdram_safe_terminator_ram1|write_address_latch[10],         ;
;                                                                                                    ;                           ; sysmem_lite:sysmem|f2sdram_safe_terminator:f2sdram_safe_terminator_ram1|write_address_latch[9],          ;
;                                                                                                    ;                           ; sysmem_lite:sysmem|f2sdram_safe_terminator:f2sdram_safe_terminator_ram1|write_address_latch[8],          ;
;                                                                                                    ;                           ; sysmem_lite:sysmem|f2sdram_safe_terminator:f2sdram_safe_terminator_ram1|write_address_latch[7],          ;
;                                                                                                    ;                           ; sysmem_lite:sysmem|f2sdram_safe_terminator:f2sdram_safe_terminator_ram1|write_address_latch[6],          ;
;                                                                                                    ;                           ; sysmem_lite:sysmem|f2sdram_safe_terminator:f2sdram_safe_terminator_ram1|write_address_latch[5],          ;
;                                                                                                    ;                           ; sysmem_lite:sysmem|f2sdram_safe_terminator:f2sdram_safe_terminator_ram1|write_address_latch[4],          ;
;                                                                                                    ;                           ; sysmem_lite:sysmem|f2sdram_safe_terminator:f2sdram_safe_terminator_ram1|write_address_latch[3],          ;
;                                                                                                    ;                           ; sysmem_lite:sysmem|f2sdram_safe_terminator:f2sdram_safe_terminator_ram1|write_address_latch[2],          ;
;                                                                                                    ;                           ; sysmem_lite:sysmem|f2sdram_safe_terminator:f2sdram_safe_terminator_ram1|write_address_latch[1],          ;
;                                                                                                    ;                           ; sysmem_lite:sysmem|f2sdram_safe_terminator:f2sdram_safe_terminator_ram1|write_address_latch[0]           ;
; osd:hdmi_osd|infoy[12]                                                                             ; Stuck at GND              ; osd:hdmi_osd|v_info_start_4[14], osd:hdmi_osd|v_info_start_2[13],                                        ;
;                                                                                                    ; due to stuck port data_in ; osd:hdmi_osd|v_info_start_1[12], osd:hdmi_osd|v_info_start_h[12],                                        ;
;                                                                                                    ;                           ; osd:hdmi_osd|v_info_start_5[15], osd:hdmi_osd|v_info_start_5[16],                                        ;
;                                                                                                    ;                           ; osd:hdmi_osd|v_info_start_5[17], osd:hdmi_osd|v_info_start_5[18],                                        ;
;                                                                                                    ;                           ; osd:hdmi_osd|v_info_start_5[19], osd:hdmi_osd|v_info_start_5[20],                                        ;
;                                                                                                    ;                           ; osd:hdmi_osd|v_info_start_5[21], osd:hdmi_osd|v_info_start_3[14],                                        ;
;                                                                                                    ;                           ; osd:hdmi_osd|v_info_start_3[15], osd:hdmi_osd|v_info_start_3[16],                                        ;
;                                                                                                    ;                           ; osd:hdmi_osd|v_info_start_3[17], osd:hdmi_osd|v_info_start_3[18],                                        ;
;                                                                                                    ;                           ; osd:hdmi_osd|v_info_start_3[19], osd:hdmi_osd|v_info_start_3[20],                                        ;
;                                                                                                    ;                           ; osd:hdmi_osd|v_info_start_3[21]                                                                          ;
; osd:vga_osd|infoy[12]                                                                              ; Stuck at GND              ; osd:vga_osd|v_info_start_4[14], osd:vga_osd|v_info_start_2[13],                                          ;
;                                                                                                    ; due to stuck port data_in ; osd:vga_osd|v_info_start_1[12], osd:vga_osd|v_info_start_h[12],                                          ;
;                                                                                                    ;                           ; osd:vga_osd|v_info_start_5[15], osd:vga_osd|v_info_start_5[16],                                          ;
;                                                                                                    ;                           ; osd:vga_osd|v_info_start_5[17], osd:vga_osd|v_info_start_5[18],                                          ;
;                                                                                                    ;                           ; osd:vga_osd|v_info_start_5[19], osd:vga_osd|v_info_start_5[20],                                          ;
;                                                                                                    ;                           ; osd:vga_osd|v_info_start_5[21], osd:vga_osd|v_info_start_3[14],                                          ;
;                                                                                                    ;                           ; osd:vga_osd|v_info_start_3[15], osd:vga_osd|v_info_start_3[16],                                          ;
;                                                                                                    ;                           ; osd:vga_osd|v_info_start_3[17], osd:vga_osd|v_info_start_3[18],                                          ;
;                                                                                                    ;                           ; osd:vga_osd|v_info_start_3[19], osd:vga_osd|v_info_start_3[20],                                          ;
;                                                                                                    ;                           ; osd:vga_osd|v_info_start_3[21]                                                                           ;
; ddr_svc:ddr_svc|ram_write                                                                          ; Stuck at GND              ; sysmem_lite:sysmem|f2sdram_safe_terminator:f2sdram_safe_terminator_ram2|write_burstcount_latch[1],       ;
;                                                                                                    ; due to stuck port data_in ; sysmem_lite:sysmem|f2sdram_safe_terminator:f2sdram_safe_terminator_ram2|burstcount_latch[1],             ;
;                                                                                                    ;                           ; sysmem_lite:sysmem|f2sdram_safe_terminator:f2sdram_safe_terminator_ram2|write_burstcount_latch[0],       ;
;                                                                                                    ;                           ; sysmem_lite:sysmem|f2sdram_safe_terminator:f2sdram_safe_terminator_ram2|write_terminating,               ;
;                                                                                                    ;                           ; sysmem_lite:sysmem|f2sdram_safe_terminator:f2sdram_safe_terminator_ram2|write_terminate_counter[0],      ;
;                                                                                                    ;                           ; sysmem_lite:sysmem|f2sdram_safe_terminator:f2sdram_safe_terminator_ram2|write_terminate_counter[1],      ;
;                                                                                                    ;                           ; sysmem_lite:sysmem|f2sdram_safe_terminator:f2sdram_safe_terminator_ram2|write_terminate_counter[2],      ;
;                                                                                                    ;                           ; sysmem_lite:sysmem|f2sdram_safe_terminator:f2sdram_safe_terminator_ram2|write_terminate_counter[3],      ;
;                                                                                                    ;                           ; sysmem_lite:sysmem|f2sdram_safe_terminator:f2sdram_safe_terminator_ram2|write_terminate_counter[4],      ;
;                                                                                                    ;                           ; sysmem_lite:sysmem|f2sdram_safe_terminator:f2sdram_safe_terminator_ram2|write_terminate_counter[5],      ;
;                                                                                                    ;                           ; sysmem_lite:sysmem|f2sdram_safe_terminator:f2sdram_safe_terminator_ram2|write_terminate_counter[6],      ;
;                                                                                                    ;                           ; sysmem_lite:sysmem|f2sdram_safe_terminator:f2sdram_safe_terminator_ram2|write_terminate_counter[7]       ;
; ascal:ascal|o_mode[0]                                                                              ; Stuck at GND              ; ascal:ascal|o_hmode[0], ascal:ascal|o_vmode[0], ascal:ascal|o_hfrac[7][5],                               ;
;                                                                                                    ; due to stuck port data_in ; ascal:ascal|o_hfrac[7][4], ascal:ascal|o_hfrac[6][5], ascal:ascal|o_hfrac[5][5],                         ;
;                                                                                                    ;                           ; ascal:ascal|o_hfrac[4][5], ascal:ascal|o_hfrac[6][4], ascal:ascal|o_hfrac[5][4],                         ;
;                                                                                                    ;                           ; ascal:ascal|o_hfrac[4][4]                                                                                ;
; pll_cfg_hdmi:pll_cfg_hdmi|dyn_phase_shift:dyn_phase_shift_inst|dps_current_state.DPS_CHANGED       ; Stuck at GND              ; pll_cfg_hdmi:pll_cfg_hdmi|dyn_phase_shift:dyn_phase_shift_inst|dps_current_state.DPS_WAIT_DPRIO_WRITING, ;
;                                                                                                    ; due to stuck port data_in ; pll_cfg_hdmi:pll_cfg_hdmi|dyn_phase_shift:dyn_phase_shift_inst|dps_current_state.DPS_START,              ;
;                                                                                                    ;                           ; pll_cfg_hdmi:pll_cfg_hdmi|dyn_phase_shift:dyn_phase_shift_inst|phase_en_counter[14],                     ;
;                                                                                                    ;                           ; pll_cfg_hdmi:pll_cfg_hdmi|dyn_phase_shift:dyn_phase_shift_inst|phase_en_counter[13],                     ;
;                                                                                                    ;                           ; pll_cfg_hdmi:pll_cfg_hdmi|dyn_phase_shift:dyn_phase_shift_inst|phase_en_counter[12],                     ;
;                                                                                                    ;                           ; pll_cfg_hdmi:pll_cfg_hdmi|dyn_phase_shift:dyn_phase_shift_inst|phase_en_counter[11],                     ;
;                                                                                                    ;                           ; pll_cfg_hdmi:pll_cfg_hdmi|dyn_phase_shift:dyn_phase_shift_inst|phase_en_counter[10],                     ;
;                                                                                                    ;                           ; pll_cfg_hdmi:pll_cfg_hdmi|dyn_phase_shift:dyn_phase_shift_inst|phase_en_counter[9]                       ;
; ascal:ascal|i_adrsi[31]                                                                            ; Lost Fanouts              ; ascal:ascal|i_adrsi[30], ascal:ascal|i_adrsi[29], ascal:ascal|i_adrsi[28],                               ;
;                                                                                                    ;                           ; ascal:ascal|i_adrsi[27], ascal:ascal|i_adrsi[26], ascal:ascal|i_adrsi[25],                               ;
;                                                                                                    ;                           ; ascal:ascal|i_adrsi[24], ascal:ascal|i_adrsi[23]                                                         ;
; ascal:ascal|o_h_bic_tt2.b_dxxx[9]                                                                  ; Lost Fanouts              ; ascal:ascal|o_hfrac[8][11], ascal:ascal|o_hfrac[8][10], ascal:ascal|o_hfrac[8][9],                       ;
;                                                                                                    ;                           ; ascal:ascal|o_hfrac[8][8], ascal:ascal|o_hfrac[8][7], ascal:ascal|o_hfrac[8][6],                         ;
;                                                                                                    ;                           ; ascal:ascal|o_hfrac[8][5], ascal:ascal|o_hfrac[8][4]                                                     ;
; ascal:ascal|o_v_sbil_t.f[7]                                                                        ; Stuck at GND              ; ascal:ascal|o_v_sbil_t.f[6], ascal:ascal|o_v_sbil_t.f[5],                                                ;
;                                                                                                    ; due to stuck port data_in ; ascal:ascal|o_v_sbil_t.f[4], ascal:ascal|o_v_sbil_t.f[3],                                                ;
;                                                                                                    ;                           ; ascal:ascal|o_v_sbil_t.f[2], ascal:ascal|o_v_sbil_t.f[1],                                                ;
;                                                                                                    ;                           ; ascal:ascal|o_v_sbil_t.f[0], ascal:ascal|o_v_sbil_t.s[7]                                                 ;
; sysmem_lite:sysmem|f2sdram_safe_terminator:f2sdram_safe_terminator_ram1|write_burstcount_latch[0]  ; Stuck at GND              ; sysmem_lite:sysmem|f2sdram_safe_terminator:f2sdram_safe_terminator_ram1|write_burstcount_latch[1],       ;
;                                                                                                    ; due to stuck port clock   ; sysmem_lite:sysmem|f2sdram_safe_terminator:f2sdram_safe_terminator_ram1|write_burstcount_latch[2],       ;
;                                                                                                    ;                           ; sysmem_lite:sysmem|f2sdram_safe_terminator:f2sdram_safe_terminator_ram1|write_burstcount_latch[3],       ;
;                                                                                                    ;                           ; sysmem_lite:sysmem|f2sdram_safe_terminator:f2sdram_safe_terminator_ram1|write_burstcount_latch[4],       ;
;                                                                                                    ;                           ; sysmem_lite:sysmem|f2sdram_safe_terminator:f2sdram_safe_terminator_ram1|write_burstcount_latch[5],       ;
;                                                                                                    ;                           ; sysmem_lite:sysmem|f2sdram_safe_terminator:f2sdram_safe_terminator_ram1|write_burstcount_latch[6],       ;
;                                                                                                    ;                           ; sysmem_lite:sysmem|f2sdram_safe_terminator:f2sdram_safe_terminator_ram1|write_burstcount_latch[7]        ;
; emu:emu|hps_io:hps_io|fp_dout[15]                                                                  ; Stuck at GND              ; emu:emu|hps_io:hps_io|ioctl_download, emu:emu|hps_io:hps_io|fio_block.has_cmd,                           ;
;                                                                                                    ; due to stuck port data_in ; emu:emu|hps_io:hps_io|fio_block.cmd[6], emu:emu|hps_io:hps_io|fio_block.cmd[4],                          ;
;                                                                                                    ;                           ; emu:emu|hps_io:hps_io|fio_block.req_io[0]                                                                ;
; osd:vga_osd|infoy[14]                                                                              ; Stuck at GND              ; osd:vga_osd|v_info_start_4[16], osd:vga_osd|v_info_start_2[15],                                          ;
;                                                                                                    ; due to stuck port data_in ; osd:vga_osd|v_info_start_1[14], osd:vga_osd|v_info_start_h[14]                                           ;
; osd:vga_osd|infoy[13]                                                                              ; Stuck at GND              ; osd:vga_osd|v_info_start_4[15], osd:vga_osd|v_info_start_2[14],                                          ;
;                                                                                                    ; due to stuck port data_in ; osd:vga_osd|v_info_start_1[13], osd:vga_osd|v_info_start_h[13]                                           ;
; osd:hdmi_osd|infoy[13]                                                                             ; Stuck at GND              ; osd:hdmi_osd|v_info_start_4[15], osd:hdmi_osd|v_info_start_2[14],                                        ;
;                                                                                                    ; due to stuck port data_in ; osd:hdmi_osd|v_info_start_1[13], osd:hdmi_osd|v_info_start_h[13]                                         ;
; osd:hdmi_osd|infoy[14]                                                                             ; Stuck at GND              ; osd:hdmi_osd|v_info_start_4[16], osd:hdmi_osd|v_info_start_2[15],                                        ;
;                                                                                                    ; due to stuck port data_in ; osd:hdmi_osd|v_info_start_1[14], osd:hdmi_osd|v_info_start_h[14]                                         ;
; osd:hdmi_osd|infoy[15]                                                                             ; Stuck at GND              ; osd:hdmi_osd|v_info_start_4[17], osd:hdmi_osd|v_info_start_2[16],                                        ;
;                                                                                                    ; due to stuck port data_in ; osd:hdmi_osd|v_info_start_1[15], osd:hdmi_osd|v_info_start_h[15]                                         ;
; osd:hdmi_osd|infoy[16]                                                                             ; Stuck at GND              ; osd:hdmi_osd|v_info_start_4[18], osd:hdmi_osd|v_info_start_2[17],                                        ;
;                                                                                                    ; due to stuck port data_in ; osd:hdmi_osd|v_info_start_1[16], osd:hdmi_osd|v_info_start_h[16]                                         ;
; osd:hdmi_osd|infoy[17]                                                                             ; Stuck at GND              ; osd:hdmi_osd|v_info_start_4[19], osd:hdmi_osd|v_info_start_2[18],                                        ;
;                                                                                                    ; due to stuck port data_in ; osd:hdmi_osd|v_info_start_1[17], osd:hdmi_osd|v_info_start_h[17]                                         ;
; osd:hdmi_osd|infoy[18]                                                                             ; Stuck at GND              ; osd:hdmi_osd|v_info_start_4[20], osd:hdmi_osd|v_info_start_2[19],                                        ;
;                                                                                                    ; due to stuck port data_in ; osd:hdmi_osd|v_info_start_1[18], osd:hdmi_osd|v_info_start_h[18]                                         ;
; osd:hdmi_osd|infoy[19]                                                                             ; Stuck at GND              ; osd:hdmi_osd|v_info_start_4[21], osd:hdmi_osd|v_info_start_2[20],                                        ;
;                                                                                                    ; due to stuck port data_in ; osd:hdmi_osd|v_info_start_1[19], osd:hdmi_osd|v_info_start_h[19]                                         ;
; osd:vga_osd|infoy[15]                                                                              ; Stuck at GND              ; osd:vga_osd|v_info_start_4[17], osd:vga_osd|v_info_start_2[16],                                          ;
;                                                                                                    ; due to stuck port data_in ; osd:vga_osd|v_info_start_1[15], osd:vga_osd|v_info_start_h[15]                                           ;
; osd:vga_osd|infoy[16]                                                                              ; Stuck at GND              ; osd:vga_osd|v_info_start_4[18], osd:vga_osd|v_info_start_2[17],                                          ;
;                                                                                                    ; due to stuck port data_in ; osd:vga_osd|v_info_start_1[16], osd:vga_osd|v_info_start_h[16]                                           ;
; osd:vga_osd|infoy[17]                                                                              ; Stuck at GND              ; osd:vga_osd|v_info_start_4[19], osd:vga_osd|v_info_start_2[18],                                          ;
;                                                                                                    ; due to stuck port data_in ; osd:vga_osd|v_info_start_1[17], osd:vga_osd|v_info_start_h[17]                                           ;
; ascal:ascal|i_adrsi[7]                                                                             ; Stuck at GND              ; ascal:ascal|i_adrs[7], ascal:ascal|i_wadrs_mem[4], ascal:ascal|i_wadrs[4],                               ;
;                                                                                                    ; due to stuck port data_in ; ascal:ascal|avl_wadrs[4]                                                                                 ;
; audio_out:audio_out|spdif:toslink|parity_count_q[5]                                                ; Lost Fanouts              ; audio_out:audio_out|spdif:toslink|parity_count_q[4],                                                     ;
;                                                                                                    ;                           ; audio_out:audio_out|spdif:toslink|parity_count_q[3],                                                     ;
;                                                                                                    ;                           ; audio_out:audio_out|spdif:toslink|parity_count_q[2],                                                     ;
;                                                                                                    ;                           ; audio_out:audio_out|spdif:toslink|parity_count_q[1]                                                      ;
; ascal:ascal|o_bob_deint                                                                            ; Stuck at GND              ; ascal:ascal|o_iwfl[2], ascal:ascal|o_iwfl[1], ascal:ascal|i_wfl[2],                                      ;
;                                                                                                    ; due to stuck port data_in ; ascal:ascal|i_wfl[1]                                                                                     ;
; osd:vga_osd|infoy[18]                                                                              ; Stuck at GND              ; osd:vga_osd|v_info_start_4[20], osd:vga_osd|v_info_start_2[19],                                          ;
;                                                                                                    ; due to stuck port data_in ; osd:vga_osd|v_info_start_1[18], osd:vga_osd|v_info_start_h[18]                                           ;
; osd:vga_osd|infoy[19]                                                                              ; Stuck at GND              ; osd:vga_osd|v_info_start_4[21], osd:vga_osd|v_info_start_2[20],                                          ;
;                                                                                                    ; due to stuck port data_in ; osd:vga_osd|v_info_start_1[19], osd:vga_osd|v_info_start_h[19]                                           ;
; ary[10]                                                                                            ; Stuck at GND              ; ar_md_div[10], sys_umuldiv:ar_muldiv|sys_umul:umul|map[10],                                              ;
;                                                                                                    ; due to stuck port data_in ; sys_umuldiv:ar_muldiv|sys_umul:umul|map[9],                                                              ;
;                                                                                                    ;                           ; sys_umuldiv:ar_muldiv|sys_umul:umul|map[3]                                                               ;
; osd:vga_osd|infoy[20]                                                                              ; Stuck at GND              ; osd:vga_osd|v_info_start_2[21], osd:vga_osd|v_info_start_1[20],                                          ;
;                                                                                                    ; due to stuck port data_in ; osd:vga_osd|v_info_start_h[20]                                                                           ;
; osd:hdmi_osd|infoy[20]                                                                             ; Stuck at GND              ; osd:hdmi_osd|v_info_start_2[21], osd:hdmi_osd|v_info_start_1[20],                                        ;
;                                                                                                    ; due to stuck port data_in ; osd:hdmi_osd|v_info_start_h[20]                                                                          ;
; pll_cfg_hdmi:pll_cfg_hdmi|operation_address~3                                                      ; Lost Fanouts              ; pll_cfg_hdmi:pll_cfg_hdmi|operation_address.000000,                                                      ;
;                                                                                                    ;                           ; pll_cfg_hdmi:pll_cfg_hdmi|operation_address.M_REG,                                                       ;
;                                                                                                    ;                           ; pll_cfg_hdmi:pll_cfg_hdmi|operation_address.BWCTRL_REG                                                   ;
; osd:hdmi_osd|infoh[0]                                                                              ; Stuck at GND              ; osd:hdmi_osd|osd_w[0], osd:hdmi_osd|osd_h[0]                                                             ;
;                                                                                                    ; due to stuck port data_in ;                                                                                                          ;
; osd:hdmi_osd|infoh[1]                                                                              ; Stuck at GND              ; osd:hdmi_osd|osd_w[1], osd:hdmi_osd|osd_h[1]                                                             ;
;                                                                                                    ; due to stuck port data_in ;                                                                                                          ;
; osd:hdmi_osd|infoh[2]                                                                              ; Stuck at GND              ; osd:hdmi_osd|osd_w[2], osd:hdmi_osd|osd_h[2]                                                             ;
;                                                                                                    ; due to stuck port data_in ;                                                                                                          ;
; osd:hdmi_osd|infoy[21]                                                                             ; Stuck at GND              ; osd:hdmi_osd|v_info_start_1[21], osd:hdmi_osd|v_info_start_h[21]                                         ;
;                                                                                                    ; due to stuck port data_in ;                                                                                                          ;
; emu:emu|hps_io:hps_io|fio_block.cnt[2]                                                             ; Lost Fanouts              ; emu:emu|hps_io:hps_io|fio_block.cnt[1], emu:emu|hps_io:hps_io|fio_block.cnt[0]                           ;
; pll_cfg_hdmi:pll_cfg_hdmi|operation_address~4                                                      ; Lost Fanouts              ; pll_cfg_hdmi:pll_cfg_hdmi|operation_address.N_REG,                                                       ;
;                                                                                                    ;                           ; pll_cfg_hdmi:pll_cfg_hdmi|operation_address.DSM_REG                                                      ;
; osd:vga_osd|infoy[21]                                                                              ; Stuck at GND              ; osd:vga_osd|v_info_start_1[21], osd:vga_osd|v_info_start_h[21]                                           ;
;                                                                                                    ; due to stuck port data_in ;                                                                                                          ;
; pll_cfg_hdmi:pll_cfg_hdmi|dyn_phase_shift:dyn_phase_shift_inst|dps_current_state.DPS_WAIT_PHASE_EN ; Stuck at GND              ; pll_cfg_hdmi:pll_cfg_hdmi|dyn_phase_shift:dyn_phase_shift_inst|dps_current_state.DPS_WAIT_PHASE_DONE,    ;
;                                                                                                    ; due to stuck port data_in ; pll_cfg_hdmi:pll_cfg_hdmi|dyn_phase_shift:dyn_phase_shift_inst|phase_en_counter[4]                       ;
; ascal:ascal|o_div[0][1]                                                                            ; Stuck at GND              ; ascal:ascal|o_div[1][1], ascal:ascal|o_div[2][1]                                                         ;
;                                                                                                    ; due to stuck port data_in ;                                                                                                          ;
; osd:vga_osd|infoh[2]                                                                               ; Stuck at GND              ; osd:vga_osd|osd_w[2], osd:vga_osd|osd_h[2]                                                               ;
;                                                                                                    ; due to stuck port data_in ;                                                                                                          ;
; osd:vga_osd|infoh[1]                                                                               ; Stuck at GND              ; osd:vga_osd|osd_w[1], osd:vga_osd|osd_h[1]                                                               ;
;                                                                                                    ; due to stuck port data_in ;                                                                                                          ;
; ascal:ascal|o_div[0][2]                                                                            ; Stuck at GND              ; ascal:ascal|o_div[1][2], ascal:ascal|o_div[2][2]                                                         ;
;                                                                                                    ; due to stuck port data_in ;                                                                                                          ;
; osd:vga_osd|infoh[0]                                                                               ; Stuck at GND              ; osd:vga_osd|osd_w[0], osd:vga_osd|osd_h[0]                                                               ;
;                                                                                                    ; due to stuck port data_in ;                                                                                                          ;
; ascal:ascal|i_dir[4]                                                                               ; Stuck at GND              ; ascal:ascal|i_h_frac[4]                                                                                  ;
;                                                                                                    ; due to stuck port data_in ;                                                                                                          ;
; ascal:ascal|i_dir[5]                                                                               ; Stuck at GND              ; ascal:ascal|i_h_frac[5]                                                                                  ;
;                                                                                                    ; due to stuck port data_in ;                                                                                                          ;
; ascal:ascal|i_dir[7]                                                                               ; Stuck at GND              ; ascal:ascal|i_h_frac[7]                                                                                  ;
;                                                                                                    ; due to stuck port data_in ;                                                                                                          ;
; yc_out:yc_out|phase[3].v[8]                                                                        ; Lost Fanouts              ; yc_out:yc_out|phase[2].v[8]                                                                              ;
; sysmem_lite:sysmem|f2sdram_safe_terminator:f2sdram_safe_terminator_vbuf|write_burstcount_latch[1]  ; Stuck at GND              ; sysmem_lite:sysmem|f2sdram_safe_terminator:f2sdram_safe_terminator_vbuf|burstcount_latch[1]              ;
;                                                                                                    ; due to stuck port data_in ;                                                                                                          ;
; sysmem_lite:sysmem|f2sdram_safe_terminator:f2sdram_safe_terminator_vbuf|write_burstcount_latch[0]  ; Stuck at GND              ; sysmem_lite:sysmem|f2sdram_safe_terminator:f2sdram_safe_terminator_vbuf|burstcount_latch[0]              ;
;                                                                                                    ; due to stuck port data_in ;                                                                                                          ;
; audio_out:audio_out|cl1[15]                                                                        ; Stuck at GND              ; audio_out:audio_out|cl2[15]                                                                              ;
;                                                                                                    ; due to stuck port data_in ;                                                                                                          ;
; audio_out:audio_out|cr1[15]                                                                        ; Stuck at GND              ; audio_out:audio_out|cr2[15]                                                                              ;
;                                                                                                    ; due to stuck port data_in ;                                                                                                          ;
; pll_cfg_hdmi:pll_cfg_hdmi|usr_dprio_address[5]                                                     ; Stuck at GND              ; pll_cfg_hdmi:pll_cfg_hdmi|vco_done_q                                                                     ;
;                                                                                                    ; due to stuck port data_in ;                                                                                                          ;
; ascal:ascal|o_div[0][4]                                                                            ; Stuck at GND              ; ascal:ascal|o_div[1][4]                                                                                  ;
;                                                                                                    ; due to stuck port data_in ;                                                                                                          ;
; ascal:ascal|o_div[0][3]                                                                            ; Stuck at GND              ; ascal:ascal|o_div[1][3]                                                                                  ;
;                                                                                                    ; due to stuck port data_in ;                                                                                                          ;
; pll_cfg_hdmi:pll_cfg_hdmi|operation_address~6                                                      ; Lost Fanouts              ; pll_cfg_hdmi:pll_cfg_hdmi|operation_address.CP_CURRENT_REG                                               ;
; ascal:ascal|i_dir[6]                                                                               ; Stuck at GND              ; ascal:ascal|i_h_frac[6]                                                                                  ;
;                                                                                                    ; due to stuck port data_in ;                                                                                                          ;
; scanlines:VGA_scanlines|scanline[0]                                                                ; Stuck at GND              ; scanlines:VGA_scanlines|old_vs                                                                           ;
;                                                                                                    ; due to stuck port data_in ;                                                                                                          ;
; vga_out:vga_out|y_1b[15]                                                                           ; Stuck at GND              ; vga_out:vga_out|y_2[18]                                                                                  ;
;                                                                                                    ; due to stuck port data_in ;                                                                                                          ;
; sysmem_lite:sysmem|f2sdram_safe_terminator:f2sdram_safe_terminator_vbuf|write_burstcount_latch[2]  ; Stuck at GND              ; sysmem_lite:sysmem|f2sdram_safe_terminator:f2sdram_safe_terminator_vbuf|burstcount_latch[2]              ;
;                                                                                                    ; due to stuck port data_in ;                                                                                                          ;
; sysmem_lite:sysmem|f2sdram_safe_terminator:f2sdram_safe_terminator_vbuf|write_burstcount_latch[3]  ; Stuck at GND              ; sysmem_lite:sysmem|f2sdram_safe_terminator:f2sdram_safe_terminator_vbuf|burstcount_latch[3]              ;
;                                                                                                    ; due to stuck port data_in ;                                                                                                          ;
; sysmem_lite:sysmem|f2sdram_safe_terminator:f2sdram_safe_terminator_vbuf|write_burstcount_latch[5]  ; Stuck at GND              ; sysmem_lite:sysmem|f2sdram_safe_terminator:f2sdram_safe_terminator_vbuf|burstcount_latch[5]              ;
;                                                                                                    ; due to stuck port data_in ;                                                                                                          ;
; sysmem_lite:sysmem|f2sdram_safe_terminator:f2sdram_safe_terminator_vbuf|write_burstcount_latch[6]  ; Stuck at GND              ; sysmem_lite:sysmem|f2sdram_safe_terminator:f2sdram_safe_terminator_vbuf|burstcount_latch[6]              ;
;                                                                                                    ; due to stuck port data_in ;                                                                                                          ;
; sysmem_lite:sysmem|f2sdram_safe_terminator:f2sdram_safe_terminator_vbuf|write_burstcount_latch[7]  ; Stuck at GND              ; sysmem_lite:sysmem|f2sdram_safe_terminator:f2sdram_safe_terminator_vbuf|burstcount_latch[7]              ;
;                                                                                                    ; due to stuck port data_in ;                                                                                                          ;
; osd:hdmi_osd|v_osd_start_5[21]                                                                     ; Stuck at GND              ; osd:hdmi_osd|v_osd_start[21]                                                                             ;
;                                                                                                    ; due to stuck port data_in ;                                                                                                          ;
; ascal:ascal|o_iwfl[0]                                                                              ; Lost Fanouts              ; ascal:ascal|i_wfl[0]                                                                                     ;
; osd:vga_osd|v_osd_start_5[21]                                                                      ; Stuck at GND              ; osd:vga_osd|v_osd_start[21]                                                                              ;
;                                                                                                    ; due to stuck port data_in ;                                                                                                          ;
; vga_out:vga_scaler_out|y_1b[15]                                                                    ; Stuck at GND              ; vga_out:vga_scaler_out|y_2[18]                                                                           ;
;                                                                                                    ; due to stuck port data_in ;                                                                                                          ;
; yc_out:yc_out|yb[18]                                                                               ; Stuck at GND              ; yc_out:yc_out|yr[18]                                                                                     ;
;                                                                                                    ; due to stuck port data_in ;                                                                                                          ;
+----------------------------------------------------------------------------------------------------+---------------------------+----------------------------------------------------------------------------------------------------------+


+------------------------------------------------------+
; General Register Statistics                          ;
+----------------------------------------------+-------+
; Statistic                                    ; Value ;
+----------------------------------------------+-------+
; Total registers                              ; 12022 ;
; Number of registers using Synchronous Clear  ; 2096  ;
; Number of registers using Synchronous Load   ; 1586  ;
; Number of registers using Asynchronous Clear ; 412   ;
; Number of registers using Asynchronous Load  ; 0     ;
; Number of registers using Clock Enable       ; 7719  ;
; Number of registers using Preset             ; 0     ;
+----------------------------------------------+-------+


+-----------------------------------------------------------------------------------------+
; Inverted Register Statistics                                                            ;
+-------------------------------------------------------------------------------+---------+
; Inverted Register                                                             ; Fan out ;
+-------------------------------------------------------------------------------+---------+
; ascal:ascal|o_div[0][20]                                                      ; 15      ;
; sysmem_lite:sysmem|vbuf_reset_1                                               ; 5       ;
; sysmem_lite:sysmem|ram2_reset_1                                               ; 5       ;
; audio_out:audio_out|sigma_delta_dac:sd_l|DACout                               ; 1       ;
; audio_out:audio_out|sigma_delta_dac:sd_r|DACout                               ; 1       ;
; yc_out:yc_out|C[7]                                                            ; 2       ;
; mcp23009:mcp23009|i2c:i2c|SCLK                                                ; 3       ;
; mcp23009:mcp23009|i2c:i2c|SD_COUNTER[0]                                       ; 18      ;
; mcp23009:mcp23009|i2c:i2c|SD_COUNTER[2]                                       ; 14      ;
; mcp23009:mcp23009|i2c:i2c|SD_COUNTER[1]                                       ; 15      ;
; mcp23009:mcp23009|i2c:i2c|SD_COUNTER[3]                                       ; 9       ;
; mcp23009:mcp23009|i2c:i2c|SD_COUNTER[4]                                       ; 8       ;
; mcp23009:mcp23009|i2c:i2c|SD_COUNTER[5]                                       ; 5       ;
; mcp23009:mcp23009|i2c:i2c|SD[29]                                              ; 4       ;
; sysmem_lite:sysmem|vbuf_reset_0                                               ; 1       ;
; sysmem_lite:sysmem|ram2_reset_0                                               ; 1       ;
; mcp23009:mcp23009|i2c:i2c|SDO[3]                                              ; 1       ;
; audio_out:audio_out|spdif:toslink|load_subframe_q                             ; 33      ;
; mcp23009:mcp23009|i2c:i2c|SDO[2]                                              ; 1       ;
; pll_cfg_hdmi:pll_cfg_hdmi|self_reset:self_reset_inst|local_reset              ; 35      ;
; mcp23009:mcp23009|i2c:i2c|SDO[1]                                              ; 1       ;
; pll_cfg_hdmi:pll_cfg_hdmi|fpll_dprio_init:fpll_dprio_init_inst|mdio_dis       ; 1       ;
; pll_cfg_hdmi:pll_cfg_hdmi|fpll_dprio_init:fpll_dprio_init_inst|ser_shift_load ; 1       ;
; vol_att[0]                                                                    ; 32      ;
; vol_att[1]                                                                    ; 32      ;
; vol_att[4]                                                                    ; 34      ;
; vol_att[2]                                                                    ; 25      ;
; vol_att[3]                                                                    ; 25      ;
; audio_out:audio_out|sigma_delta_dac:sd_l|SigmaLatch[16]                       ; 1       ;
; audio_out:audio_out|sigma_delta_dac:sd_r|SigmaLatch[16]                       ; 1       ;
; mcp23009:mcp23009|i2c:i2c|SDO[0]                                              ; 2       ;
; mcp23009:mcp23009|i2c:i2c|SD[18]                                              ; 1       ;
; mcp23009:mcp23009|i2c:i2c|SD[20]                                              ; 1       ;
; mcp23009:mcp23009|i2c:i2c|SD[21]                                              ; 1       ;
; mcp23009:mcp23009|i2c:i2c|SD[22]                                              ; 1       ;
; mcp23009:mcp23009|i2c:i2c|SD[23]                                              ; 2       ;
; mcp23009:mcp23009|i2c:i2c|SD[16]                                              ; 1       ;
; mcp23009:mcp23009|i2c:i2c|SD[17]                                              ; 1       ;
; mcp23009:mcp23009|i2c:i2c|SD[25]                                              ; 1       ;
; mcp23009:mcp23009|i2c:i2c|SD[26]                                              ; 1       ;
; mcp23009:mcp23009|i2c:i2c|SD[27]                                              ; 1       ;
; HEIGHT[10]                                                                    ; 10      ;
; HEIGHT[4]                                                                     ; 9       ;
; HEIGHT[5]                                                                     ; 9       ;
; VFP[2]                                                                        ; 3       ;
; HEIGHT[3]                                                                     ; 9       ;
; VS[2]                                                                         ; 3       ;
; VS[0]                                                                         ; 3       ;
; WIDTH[10]                                                                     ; 9       ;
; WIDTH[9]                                                                      ; 9       ;
; WIDTH[8]                                                                      ; 9       ;
; HFP[3]                                                                        ; 3       ;
; WIDTH[7]                                                                      ; 9       ;
; HFP[6]                                                                        ; 3       ;
; HFP[4]                                                                        ; 3       ;
; HS[4]                                                                         ; 2       ;
; HS[5]                                                                         ; 2       ;
; VBP[5]                                                                        ; 2       ;
; VBP[2]                                                                        ; 2       ;
; HBP[4]                                                                        ; 1       ;
; HBP[7]                                                                        ; 1       ;
; HBP[2]                                                                        ; 1       ;
; aflt_rate[22]                                                                 ; 2       ;
; aflt_rate[19]                                                                 ; 2       ;
; aflt_rate[21]                                                                 ; 2       ;
; aflt_rate[15]                                                                 ; 2       ;
; aflt_rate[16]                                                                 ; 2       ;
; aflt_rate[17]                                                                 ; 2       ;
; acx0[0]                                                                       ; 104     ;
; acx0[1]                                                                       ; 70      ;
; acx[0]                                                                        ; 1       ;
; acx[3]                                                                        ; 4       ;
; acx[4]                                                                        ; 5       ;
; acx[7]                                                                        ; 5       ;
; acx[10]                                                                       ; 5       ;
; acx[11]                                                                       ; 5       ;
; acx[12]                                                                       ; 5       ;
; acx[13]                                                                       ; 5       ;
; acx[14]                                                                       ; 6       ;
; acx[15]                                                                       ; 5       ;
; acx[22]                                                                       ; 6       ;
; aflt_rate[13]                                                                 ; 2       ;
; acy0[0]                                                                       ; 3       ;
; acy0[3]                                                                       ; 3       ;
; acy0[6]                                                                       ; 3       ;
; acy0[7]                                                                       ; 3       ;
; acy0[8]                                                                       ; 3       ;
; acy0[9]                                                                       ; 3       ;
; acy0[13]                                                                      ; 3       ;
; acy0[16]                                                                      ; 3       ;
; acy0[21]                                                                      ; 3       ;
; acy0[23]                                                                      ; 3       ;
; aflt_rate[11]                                                                 ; 2       ;
; acx1[0]                                                                       ; 104     ;
; acx1[1]                                                                       ; 70      ;
; aflt_rate[9]                                                                  ; 2       ;
; acy1[1]                                                                       ; 3       ;
; acy1[3]                                                                       ; 3       ;
; acy1[4]                                                                       ; 3       ;
; acy1[7]                                                                       ; 3       ;
; Total number of inverted registers = 125*                                     ;         ;
+-------------------------------------------------------------------------------+---------+
* Table truncated at 100 items. To change the number of inverted registers reported, set the "Number of Inverted Registers Reported" option under Assignments->Settings->Analysis and Synthesis Settings->More Settings


+-------------------------------------------------------------------------------------------------------------------------------------------+
; Gated Clock Conversion Details                                                                                                            ;
+-------------+--------------------------------------------------------------------------+---------------------------+----------------------+
; Gated Clock ; Base Clock                                                               ; Converted to Clock Enable ; Reason not Converted ;
+-------------+--------------------------------------------------------------------------+---------------------------+----------------------+
; comb~synth  ; emu:emu|pll:pll|pll_0002:pll_inst|altera_pll:altera_pll_i|outclk_wire[0] ; Yes                       ;                      ;
+-------------+--------------------------------------------------------------------------+---------------------------+----------------------+


+----------------------------------------------------------------------------------------------------+
; Registers Packed Into Inferred Megafunctions                                                       ;
+-------------------------------------------+-------------------------------------------+------------+
; Register Name                             ; Megafunction                              ; Type       ;
+-------------------------------------------+-------------------------------------------+------------+
; osd:vga_osd|osd_byte[0..7]                ; osd:vga_osd|osd_buffer_rtl_0              ; RAM        ;
; osd:hdmi_osd|osd_byte[0..7]               ; osd:hdmi_osd|osd_buffer_rtl_0             ; RAM        ;
; shadowmask:HDMI_shadowmask|mask_idx[0..7] ; shadowmask:HDMI_shadowmask|mask_lut_rtl_0 ; RAM        ;
; ascal:ascal|avl_dr[0..127]                ; ascal:ascal|i_dpram_rtl_0                 ; RAM        ;
; ascal:ascal|o_fb_pal_dr_x2[0..47]         ; ascal:ascal|pal1_mem_rtl_0                ; RAM        ;
; ascal:ascal|o_dr[0..127]                  ; ascal:ascal|o_dpram_rtl_0                 ; RAM        ;
; ascal:ascal|o_ad3[0..4]                   ; ascal:ascal|o_dpram_rtl_0                 ; RAM        ;
; yc_out:yc_out|luma_d4[0..7]               ; yc_out:yc_out|luma_d0_rtl_0               ; SHIFT_TAPS ;
; yc_out:yc_out|luma_d3[0..7]               ; yc_out:yc_out|luma_d0_rtl_0               ; SHIFT_TAPS ;
; yc_out:yc_out|luma_d2[0..7]               ; yc_out:yc_out|luma_d0_rtl_0               ; SHIFT_TAPS ;
; yc_out:yc_out|luma_d1[0..7]               ; yc_out:yc_out|luma_d0_rtl_0               ; SHIFT_TAPS ;
; yc_out:yc_out|luma_d0[0..7]               ; yc_out:yc_out|luma_d0_rtl_0               ; SHIFT_TAPS ;
; shadowmask:HDMI_shadowmask|de_out         ; shadowmask:HDMI_shadowmask|vid_rtl_0      ; SHIFT_TAPS ;
; shadowmask:HDMI_shadowmask|vid[3,6,9]     ; shadowmask:HDMI_shadowmask|vid_rtl_0      ; SHIFT_TAPS ;
; ascal:ascal|o_v_poly_phase_a5.t3[0..9]    ; shadowmask:HDMI_shadowmask|vid_rtl_0      ; SHIFT_TAPS ;
; ascal:ascal|o_v_poly_phase_a4.t3[0..9]    ; shadowmask:HDMI_shadowmask|vid_rtl_0      ; SHIFT_TAPS ;
; ascal:ascal|o_v_poly_phase_a3.t3[0..9]    ; shadowmask:HDMI_shadowmask|vid_rtl_0      ; SHIFT_TAPS ;
; ascal:ascal|o_v_poly_phase_a2.t3[0..9]    ; shadowmask:HDMI_shadowmask|vid_rtl_0      ; SHIFT_TAPS ;
; ascal:ascal|o_v_poly_phase_a5.t2[0..9]    ; shadowmask:HDMI_shadowmask|vid_rtl_0      ; SHIFT_TAPS ;
; ascal:ascal|o_v_poly_phase_a4.t2[0..9]    ; shadowmask:HDMI_shadowmask|vid_rtl_0      ; SHIFT_TAPS ;
; ascal:ascal|o_v_poly_phase_a3.t2[0..9]    ; shadowmask:HDMI_shadowmask|vid_rtl_0      ; SHIFT_TAPS ;
; ascal:ascal|o_v_poly_phase_a2.t2[0..9]    ; shadowmask:HDMI_shadowmask|vid_rtl_0      ; SHIFT_TAPS ;
; ascal:ascal|o_v_poly_phase_a5.t1[0..9]    ; shadowmask:HDMI_shadowmask|vid_rtl_0      ; SHIFT_TAPS ;
; ascal:ascal|o_v_poly_phase_a4.t1[0..9]    ; shadowmask:HDMI_shadowmask|vid_rtl_0      ; SHIFT_TAPS ;
; ascal:ascal|o_v_poly_phase_a3.t1[0..9]    ; shadowmask:HDMI_shadowmask|vid_rtl_0      ; SHIFT_TAPS ;
; ascal:ascal|o_v_poly_phase_a2.t1[0..9]    ; shadowmask:HDMI_shadowmask|vid_rtl_0      ; SHIFT_TAPS ;
; ascal:ascal|o_v_poly_phase_a5.t0[0..9]    ; shadowmask:HDMI_shadowmask|vid_rtl_0      ; SHIFT_TAPS ;
; ascal:ascal|o_v_poly_phase_a4.t0[0..9]    ; shadowmask:HDMI_shadowmask|vid_rtl_0      ; SHIFT_TAPS ;
; ascal:ascal|o_v_poly_phase_a3.t0[0..9]    ; shadowmask:HDMI_shadowmask|vid_rtl_0      ; SHIFT_TAPS ;
; ascal:ascal|o_v_poly_phase_a2.t0[0..9]    ; shadowmask:HDMI_shadowmask|vid_rtl_0      ; SHIFT_TAPS ;
; ascal:ascal|o_h_poly_phase_a5.t3[0..9]    ; shadowmask:HDMI_shadowmask|vid_rtl_0      ; SHIFT_TAPS ;
; ascal:ascal|o_h_poly_phase_a4.t3[0..9]    ; shadowmask:HDMI_shadowmask|vid_rtl_0      ; SHIFT_TAPS ;
; ascal:ascal|o_h_poly_phase_a3.t3[0..9]    ; shadowmask:HDMI_shadowmask|vid_rtl_0      ; SHIFT_TAPS ;
; ascal:ascal|o_h_poly_phase_a2.t3[0..9]    ; shadowmask:HDMI_shadowmask|vid_rtl_0      ; SHIFT_TAPS ;
; ascal:ascal|o_h_poly_phase_a5.t2[0..9]    ; shadowmask:HDMI_shadowmask|vid_rtl_0      ; SHIFT_TAPS ;
; ascal:ascal|o_h_poly_phase_a4.t2[0..9]    ; shadowmask:HDMI_shadowmask|vid_rtl_0      ; SHIFT_TAPS ;
; ascal:ascal|o_h_poly_phase_a3.t2[0..9]    ; shadowmask:HDMI_shadowmask|vid_rtl_0      ; SHIFT_TAPS ;
; ascal:ascal|o_h_poly_phase_a2.t2[0..9]    ; shadowmask:HDMI_shadowmask|vid_rtl_0      ; SHIFT_TAPS ;
; ascal:ascal|o_h_poly_phase_a5.t1[0..9]    ; shadowmask:HDMI_shadowmask|vid_rtl_0      ; SHIFT_TAPS ;
; ascal:ascal|o_h_poly_phase_a4.t1[0..9]    ; shadowmask:HDMI_shadowmask|vid_rtl_0      ; SHIFT_TAPS ;
; ascal:ascal|o_h_poly_phase_a3.t1[0..9]    ; shadowmask:HDMI_shadowmask|vid_rtl_0      ; SHIFT_TAPS ;
; ascal:ascal|o_h_poly_phase_a2.t1[0..9]    ; shadowmask:HDMI_shadowmask|vid_rtl_0      ; SHIFT_TAPS ;
; ascal:ascal|o_h_poly_phase_a5.t0[0..9]    ; shadowmask:HDMI_shadowmask|vid_rtl_0      ; SHIFT_TAPS ;
; ascal:ascal|o_h_poly_phase_a4.t0[0..9]    ; shadowmask:HDMI_shadowmask|vid_rtl_0      ; SHIFT_TAPS ;
; ascal:ascal|o_h_poly_phase_a3.t0[0..9]    ; shadowmask:HDMI_shadowmask|vid_rtl_0      ; SHIFT_TAPS ;
; ascal:ascal|o_h_poly_phase_a2.t0[0..9]    ; shadowmask:HDMI_shadowmask|vid_rtl_0      ; SHIFT_TAPS ;
; ascal:ascal|o_vpix_inner[5].r[0..7]       ; ascal:ascal|o_vpix_inner[2].r_rtl_0       ; SHIFT_TAPS ;
; ascal:ascal|o_vpix_inner[4].r[0..7]       ; ascal:ascal|o_vpix_inner[2].r_rtl_0       ; SHIFT_TAPS ;
; ascal:ascal|o_vpix_inner[3].r[0..7]       ; ascal:ascal|o_vpix_inner[2].r_rtl_0       ; SHIFT_TAPS ;
; ascal:ascal|o_vpix_inner[2].r[0..7]       ; ascal:ascal|o_vpix_inner[2].r_rtl_0       ; SHIFT_TAPS ;
; ascal:ascal|o_vpix_inner[5].g[0..7]       ; ascal:ascal|o_vpix_inner[2].r_rtl_0       ; SHIFT_TAPS ;
; ascal:ascal|o_vpix_inner[4].g[0..7]       ; ascal:ascal|o_vpix_inner[2].r_rtl_0       ; SHIFT_TAPS ;
; ascal:ascal|o_vpix_inner[3].g[0..7]       ; ascal:ascal|o_vpix_inner[2].r_rtl_0       ; SHIFT_TAPS ;
; ascal:ascal|o_vpix_inner[2].g[0..7]       ; ascal:ascal|o_vpix_inner[2].r_rtl_0       ; SHIFT_TAPS ;
; ascal:ascal|o_vpix_inner[5].b[0..7]       ; ascal:ascal|o_vpix_inner[2].r_rtl_0       ; SHIFT_TAPS ;
; ascal:ascal|o_vpix_inner[4].b[0..7]       ; ascal:ascal|o_vpix_inner[2].r_rtl_0       ; SHIFT_TAPS ;
; ascal:ascal|o_vpix_inner[3].b[0..7]       ; ascal:ascal|o_vpix_inner[2].r_rtl_0       ; SHIFT_TAPS ;
; ascal:ascal|o_vpix_inner[2].b[0..7]       ; ascal:ascal|o_vpix_inner[2].r_rtl_0       ; SHIFT_TAPS ;
; dv_data[0..23]                            ; dv_d1_rtl_0                               ; SHIFT_TAPS ;
; dv_d2[0..23]                              ; dv_d1_rtl_0                               ; SHIFT_TAPS ;
; dv_d1[0..23]                              ; dv_d1_rtl_0                               ; SHIFT_TAPS ;
; dv_hs                                     ; dv_d1_rtl_0                               ; SHIFT_TAPS ;
; dv_hs2                                    ; dv_d1_rtl_0                               ; SHIFT_TAPS ;
; dv_hs1                                    ; dv_d1_rtl_0                               ; SHIFT_TAPS ;
; dv_vs                                     ; dv_d1_rtl_0                               ; SHIFT_TAPS ;
; dv_vs2                                    ; dv_d1_rtl_0                               ; SHIFT_TAPS ;
; dv_vs1                                    ; dv_d1_rtl_0                               ; SHIFT_TAPS ;
; vga_out:vga_out|rgb[10]                   ; dv_d1_rtl_0                               ; SHIFT_TAPS ;
; vga_out:vga_out|din2[10]                  ; dv_d1_rtl_0                               ; SHIFT_TAPS ;
; vga_out:vga_out|din1[10]                  ; dv_d1_rtl_0                               ; SHIFT_TAPS ;
; vga_out:vga_out|de_o                      ; dv_d1_rtl_0                               ; SHIFT_TAPS ;
; vga_out:vga_out|de2                       ; dv_d1_rtl_0                               ; SHIFT_TAPS ;
; vga_out:vga_out|de1                       ; dv_d1_rtl_0                               ; SHIFT_TAPS ;
; vga_out:vga_out|csync_o                   ; dv_d1_rtl_0                               ; SHIFT_TAPS ;
; vga_out:vga_out|csync2                    ; dv_d1_rtl_0                               ; SHIFT_TAPS ;
; vga_out:vga_out|csync1                    ; dv_d1_rtl_0                               ; SHIFT_TAPS ;
; vga_out:vga_out|vsync_o                   ; dv_d1_rtl_0                               ; SHIFT_TAPS ;
; vga_out:vga_out|vsync2                    ; dv_d1_rtl_0                               ; SHIFT_TAPS ;
; vga_out:vga_out|vsync1                    ; dv_d1_rtl_0                               ; SHIFT_TAPS ;
; vga_out:vga_out|hsync_o                   ; dv_d1_rtl_0                               ; SHIFT_TAPS ;
; vga_out:vga_out|hsync2                    ; dv_d1_rtl_0                               ; SHIFT_TAPS ;
; vga_out:vga_out|hsync1                    ; dv_d1_rtl_0                               ; SHIFT_TAPS ;
; osd:vga_osd|rdout[0..9,16..23]            ; dv_d1_rtl_0                               ; SHIFT_TAPS ;
; osd:vga_osd|rdout3[0..9,16..23]           ; dv_d1_rtl_0                               ; SHIFT_TAPS ;
; osd:vga_osd|rdout2[0..9,16..23]           ; dv_d1_rtl_0                               ; SHIFT_TAPS ;
; scanlines:VGA_scanlines|ce_out            ; dv_d1_rtl_0                               ; SHIFT_TAPS ;
; scanlines:VGA_scanlines|ce2               ; dv_d1_rtl_0                               ; SHIFT_TAPS ;
; scanlines:VGA_scanlines|ce1               ; dv_d1_rtl_0                               ; SHIFT_TAPS ;
; vga_out:vga_scaler_out|rgb[10..15]        ; vga_out:vga_scaler_out|din1_rtl_0         ; SHIFT_TAPS ;
; vga_out:vga_scaler_out|din2[10..15]       ; vga_out:vga_scaler_out|din1_rtl_0         ; SHIFT_TAPS ;
; vga_out:vga_scaler_out|din1[10..15]       ; vga_out:vga_scaler_out|din1_rtl_0         ; SHIFT_TAPS ;
; vga_out:vga_scaler_out|csync_o            ; vga_out:vga_scaler_out|din1_rtl_0         ; SHIFT_TAPS ;
; vga_out:vga_scaler_out|csync2             ; vga_out:vga_scaler_out|din1_rtl_0         ; SHIFT_TAPS ;
; vga_out:vga_scaler_out|csync1             ; vga_out:vga_scaler_out|din1_rtl_0         ; SHIFT_TAPS ;
; osd:hdmi_osd|rdout[0..23]                 ; vga_out:vga_scaler_out|din1_rtl_0         ; SHIFT_TAPS ;
; osd:hdmi_osd|rdout3[0..23]                ; vga_out:vga_scaler_out|din1_rtl_0         ; SHIFT_TAPS ;
; osd:hdmi_osd|rdout2[0..23]                ; vga_out:vga_scaler_out|din1_rtl_0         ; SHIFT_TAPS ;
+-------------------------------------------+-------------------------------------------+------------+


+---------------------------------------------------------------------------------------------------------------------------------------------------------------------------------------------------------------------------+
; Multiplexer Restructuring Statistics (Restructuring Performed)                                                                                                                                                            ;
+--------------------+-----------+---------------+----------------------+------------------------+------------+-------------------------------------------------------------------------------------------------------------+
; Multiplexer Inputs ; Bus Width ; Baseline Area ; Area if Restructured ; Saving if Restructured ; Registered ; Example Multiplexer Output                                                                                  ;
+--------------------+-----------+---------------+----------------------+------------------------+------------+-------------------------------------------------------------------------------------------------------------+
; 3:1                ; 4 bits    ; 8 LEs         ; 4 LEs                ; 4 LEs                  ; Yes        ; |sys_top|ascal:ascal|i_acpt[0]                                                                              ;
; 3:1                ; 12 bits   ; 24 LEs        ; 0 LEs                ; 24 LEs                 ; Yes        ; |sys_top|ascal:ascal|i_vcpt[3]                                                                              ;
; 3:1                ; 12 bits   ; 24 LEs        ; 24 LEs               ; 0 LEs                  ; Yes        ; |sys_top|ascal:ascal|o_vacc_next[1]                                                                         ;
; 3:1                ; 12 bits   ; 24 LEs        ; 12 LEs               ; 12 LEs                 ; Yes        ; |sys_top|ascal:ascal|o_vacpt[9]                                                                             ;
; 3:1                ; 2 bits    ; 4 LEs         ; 2 LEs                ; 2 LEs                  ; Yes        ; |sys_top|ascal:ascal|o_vacptl[0]                                                                            ;
; 3:1                ; 12 bits   ; 24 LEs        ; 24 LEs               ; 0 LEs                  ; Yes        ; |sys_top|ascal:ascal|i_vacc[12]                                                                             ;
; 3:1                ; 12 bits   ; 24 LEs        ; 0 LEs                ; 24 LEs                 ; Yes        ; |sys_top|ascal:ascal|i_lwad[9]                                                                              ;
; 3:1                ; 12 bits   ; 24 LEs        ; 0 LEs                ; 24 LEs                 ; Yes        ; |sys_top|ascal:ascal|i_lrad[3]                                                                              ;
; 3:1                ; 2 bits    ; 4 LEs         ; 2 LEs                ; 2 LEs                  ; Yes        ; |sys_top|ascal:ascal|i_intercnt[1]                                                                          ;
; 3:1                ; 24 bits   ; 48 LEs        ; 48 LEs               ; 0 LEs                  ; Yes        ; |sys_top|ascal:ascal|i_h_bil_t.b[9]                                                                         ;
; 4:1                ; 12 bits   ; 24 LEs        ; 24 LEs               ; 0 LEs                  ; Yes        ; |sys_top|ascal:ascal|i_hacc[10]                                                                             ;
; 4:1                ; 12 bits   ; 24 LEs        ; 24 LEs               ; 0 LEs                  ; Yes        ; |sys_top|ascal:ascal|o_vacc[12]                                                                             ;
; 4:1                ; 15 bits   ; 30 LEs        ; 0 LEs                ; 30 LEs                 ; Yes        ; |sys_top|ascal:ascal|i_adrs[14]                                                                             ;
; 4:1                ; 5 bits    ; 10 LEs        ; 5 LEs                ; 5 LEs                  ; Yes        ; |sys_top|ascal:ascal|i_hbcpt[2]                                                                             ;
; 5:1                ; 5 bits    ; 15 LEs        ; 10 LEs               ; 5 LEs                  ; Yes        ; |sys_top|ascal:ascal|i_wad[0]                                                                               ;
; 6:1                ; 3 bits    ; 12 LEs        ; 6 LEs                ; 6 LEs                  ; Yes        ; |sys_top|ascal:ascal|i_dw[112]                                                                              ;
; 6:1                ; 61 bits   ; 244 LEs       ; 122 LEs              ; 122 LEs                ; Yes        ; |sys_top|ascal:ascal|i_dw[86]                                                                               ;
; 6:1                ; 64 bits   ; 256 LEs       ; 128 LEs              ; 128 LEs                ; Yes        ; |sys_top|ascal:ascal|i_dw[15]                                                                               ;
; 6:1                ; 18 bits   ; 72 LEs        ; 36 LEs               ; 36 LEs                 ; Yes        ; |sys_top|ascal:ascal|i_adrsi[28]                                                                            ;
; 7:1                ; 6 bits    ; 24 LEs        ; 18 LEs               ; 6 LEs                  ; Yes        ; |sys_top|ascal:ascal|i_adrsi[13]                                                                            ;
; 3:1                ; 32 bits   ; 64 LEs        ; 0 LEs                ; 64 LEs                 ; Yes        ; |sys_top|emu:emu|hps_io:hps_io|ps2_key_raw[24]                                                              ;
; 3:1                ; 8 bits    ; 16 LEs        ; 0 LEs                ; 16 LEs                 ; Yes        ; |sys_top|cmd[3]                                                                                             ;
; 3:1                ; 16 bits   ; 32 LEs        ; 0 LEs                ; 32 LEs                 ; Yes        ; |sys_top|emu:emu|hps_io:hps_io|uio_block.cmd[0]                                                             ;
; 3:1                ; 5 bits    ; 10 LEs        ; 5 LEs                ; 5 LEs                  ; Yes        ; |sys_top|acx_att[1]                                                                                         ;
; 4:1                ; 7 bits    ; 14 LEs        ; 14 LEs               ; 0 LEs                  ; Yes        ; |sys_top|emu:emu|hps_io:hps_io|io_dout[8]                                                                   ;
; 4:1                ; 2 bits    ; 4 LEs         ; 4 LEs                ; 0 LEs                  ; Yes        ; |sys_top|emu:emu|hps_io:hps_io|io_dout[15]                                                                  ;
; 4:1                ; 8 bits    ; 16 LEs        ; 0 LEs                ; 16 LEs                 ; Yes        ; |sys_top|acx[30]                                                                                            ;
; 4:1                ; 7 bits    ; 14 LEs        ; 14 LEs               ; 0 LEs                  ; Yes        ; |sys_top|acx[23]                                                                                            ;
; 4:1                ; 8 bits    ; 16 LEs        ; 0 LEs                ; 16 LEs                 ; Yes        ; |sys_top|acx[34]                                                                                            ;
; 5:1                ; 10 bits   ; 30 LEs        ; 10 LEs               ; 20 LEs                 ; Yes        ; |sys_top|emu:emu|hps_io:hps_io|byte_cnt[8]                                                                  ;
; 7:1                ; 4 bits    ; 16 LEs        ; 16 LEs               ; 0 LEs                  ; Yes        ; |sys_top|acx[9]                                                                                             ;
; 10:1               ; 2 bits    ; 12 LEs        ; 10 LEs               ; 2 LEs                  ; Yes        ; |sys_top|acx[2]                                                                                             ;
; 20:1               ; 2 bits    ; 26 LEs        ; 12 LEs               ; 14 LEs                 ; Yes        ; |sys_top|io_dout_sys[14]                                                                                    ;
; 20:1               ; 2 bits    ; 26 LEs        ; 12 LEs               ; 14 LEs                 ; Yes        ; |sys_top|io_dout_sys[13]                                                                                    ;
; 20:1               ; 3 bits    ; 39 LEs        ; 21 LEs               ; 18 LEs                 ; Yes        ; |sys_top|io_dout_sys[9]                                                                                     ;
; 23:1               ; 5 bits    ; 75 LEs        ; 45 LEs               ; 30 LEs                 ; Yes        ; |sys_top|io_dout_sys[7]                                                                                     ;
; 25:1               ; 3 bits    ; 48 LEs        ; 33 LEs               ; 15 LEs                 ; Yes        ; |sys_top|io_dout_sys[2]                                                                                     ;
; 29:1               ; 2 bits    ; 38 LEs        ; 32 LEs               ; 6 LEs                  ; Yes        ; |sys_top|emu:emu|hps_io:hps_io|io_dout[6]                                                                   ;
; 29:1               ; 5 bits    ; 95 LEs        ; 80 LEs               ; 15 LEs                 ; Yes        ; |sys_top|emu:emu|hps_io:hps_io|io_dout[5]                                                                   ;
; 7:1                ; 7 bits    ; 28 LEs        ; 28 LEs               ; 0 LEs                  ; Yes        ; |sys_top|acx[7]                                                                                             ;
; 10:1               ; 2 bits    ; 12 LEs        ; 10 LEs               ; 2 LEs                  ; Yes        ; |sys_top|acx[3]                                                                                             ;
; 4:1                ; 33 bits   ; 66 LEs        ; 66 LEs               ; 0 LEs                  ; No         ; |sys_top|ShiftRight0                                                                                        ;
; 4:1                ; 4 bits    ; 8 LEs         ; 8 LEs                ; 0 LEs                  ; No         ; |sys_top|ShiftRight0                                                                                        ;
; 4:1                ; 4 bits    ; 8 LEs         ; 8 LEs                ; 0 LEs                  ; No         ; |sys_top|ShiftRight0                                                                                        ;
; 4:1                ; 12 bits   ; 24 LEs        ; 24 LEs               ; 0 LEs                  ; No         ; |sys_top|ShiftRight0                                                                                        ;
; 17:1               ; 9 bits    ; 99 LEs        ; 72 LEs               ; 27 LEs                 ; No         ; |sys_top|emu:emu|hps_io:hps_io|io_dout                                                                      ;
; 3:1                ; 32 bits   ; 64 LEs        ; 0 LEs                ; 64 LEs                 ; Yes        ; |sys_top|emu:emu|hps_io:hps_io|video_calc:video_calc|hcnt[10]~reg1                                          ;
; 3:1                ; 3 bits    ; 6 LEs         ; 3 LEs                ; 3 LEs                  ; Yes        ; |sys_top|emu:emu|hps_io:hps_io|video_calc:video_calc|resto[1]                                               ;
; 3:1                ; 24 bits   ; 48 LEs        ; 0 LEs                ; 48 LEs                 ; Yes        ; |sys_top|emu:emu|hps_io:hps_io|video_calc:video_calc|vid_fclks[21]                                          ;
; 3:1                ; 32 bits   ; 64 LEs        ; 0 LEs                ; 64 LEs                 ; Yes        ; |sys_top|emu:emu|hps_io:hps_io|video_calc:video_calc|hcnt[29]                                               ;
; 3:1                ; 32 bits   ; 64 LEs        ; 0 LEs                ; 64 LEs                 ; Yes        ; |sys_top|emu:emu|hps_io:hps_io|video_calc:video_calc|ccnt[0]                                                ;
; 3:1                ; 32 bits   ; 64 LEs        ; 0 LEs                ; 64 LEs                 ; Yes        ; |sys_top|emu:emu|hps_io:hps_io|video_calc:video_calc|vcnt[14]                                               ;
; 3:1                ; 8 bits    ; 16 LEs        ; 0 LEs                ; 16 LEs                 ; Yes        ; |sys_top|emu:emu|hps_io:hps_io|video_calc:video_calc|de_v[7]                                                ;
; 15:1               ; 2 bits    ; 20 LEs        ; 20 LEs               ; 0 LEs                  ; Yes        ; |sys_top|scanlines:VGA_scanlines|dout1[5]                                                                   ;
; 26:1               ; 2 bits    ; 34 LEs        ; 34 LEs               ; 0 LEs                  ; Yes        ; |sys_top|scanlines:VGA_scanlines|dout1[17]                                                                  ;
; 28:1               ; 3 bits    ; 54 LEs        ; 54 LEs               ; 0 LEs                  ; Yes        ; |sys_top|scanlines:VGA_scanlines|dout1[20]                                                                  ;
; 28:1               ; 4 bits    ; 72 LEs        ; 72 LEs               ; 0 LEs                  ; Yes        ; |sys_top|scanlines:VGA_scanlines|dout1[11]                                                                  ;
; 29:1               ; 3 bits    ; 57 LEs        ; 57 LEs               ; 0 LEs                  ; Yes        ; |sys_top|scanlines:VGA_scanlines|dout1[4]                                                                   ;
; 3:1                ; 8 bits    ; 16 LEs        ; 16 LEs               ; 0 LEs                  ; No         ; |sys_top|emu:emu|vtg9000_core:core|vtg_patterns:patterns|Mux1                                               ;
; 3:1                ; 2 bits    ; 4 LEs         ; 4 LEs                ; 0 LEs                  ; No         ; |sys_top|emu:emu|vtg9000_core:core|vtg_patterns:patterns|g                                                  ;
; 3:1                ; 3 bits    ; 6 LEs         ; 6 LEs                ; 0 LEs                  ; No         ; |sys_top|emu:emu|vtg9000_core:core|vtg_patterns:patterns|r                                                  ;
; 3:1                ; 2 bits    ; 4 LEs         ; 4 LEs                ; 0 LEs                  ; No         ; |sys_top|emu:emu|vtg9000_core:core|vtg_patterns:patterns|r                                                  ;
; 5:1                ; 4 bits    ; 12 LEs        ; 12 LEs               ; 0 LEs                  ; No         ; |sys_top|emu:emu|vtg9000_core:core|vtg_patterns:patterns|Mux1                                               ;
; 5:1                ; 4 bits    ; 12 LEs        ; 12 LEs               ; 0 LEs                  ; No         ; |sys_top|emu:emu|vtg9000_core:core|vtg_patterns:patterns|Mux1                                               ;
; 4:1                ; 3 bits    ; 6 LEs         ; 6 LEs                ; 0 LEs                  ; No         ; |sys_top|emu:emu|vtg9000_core:core|vtg_patterns:patterns|g                                                  ;
; 6:1                ; 2 bits    ; 8 LEs         ; 8 LEs                ; 0 LEs                  ; No         ; |sys_top|emu:emu|vtg9000_core:core|vtg_patterns:patterns|Mux1                                               ;
; 6:1                ; 2 bits    ; 8 LEs         ; 8 LEs                ; 0 LEs                  ; No         ; |sys_top|emu:emu|vtg9000_core:core|vtg_patterns:patterns|r                                                  ;
; 8:1                ; 2 bits    ; 10 LEs        ; 10 LEs               ; 0 LEs                  ; No         ; |sys_top|emu:emu|vtg9000_core:core|vtg_patterns:patterns|Mux1                                               ;
; 3:1                ; 2 bits    ; 4 LEs         ; 4 LEs                ; 0 LEs                  ; Yes        ; |sys_top|pll_cfg_hdmi:pll_cfg_hdmi|c_cnt_done_q[0]                                                          ;
; 3:1                ; 18 bits   ; 36 LEs        ; 0 LEs                ; 36 LEs                 ; Yes        ; |sys_top|pll_cfg_hdmi:pll_cfg_hdmi|usr_k_value[8]                                                           ;
; 3:1                ; 3 bits    ; 6 LEs         ; 3 LEs                ; 3 LEs                  ; Yes        ; |sys_top|pll_cfg_hdmi:pll_cfg_hdmi|usr_cp_current_value[0]                                                  ;
; 3:1                ; 4 bits    ; 8 LEs         ; 4 LEs                ; 4 LEs                  ; Yes        ; |sys_top|pll_cfg_hdmi:pll_cfg_hdmi|usr_bwctrl_value[0]                                                      ;
; 3:1                ; 2 bits    ; 4 LEs         ; 2 LEs                ; 2 LEs                  ; Yes        ; |sys_top|pll_cfg_hdmi:pll_cfg_hdmi|temp_c_cnt_bypass_en[5]                                                  ;
; 3:1                ; 18 bits   ; 36 LEs        ; 0 LEs                ; 36 LEs                 ; Yes        ; |sys_top|pll_cfg_hdmi:pll_cfg_hdmi|usr_c_cnt_hi[1]                                                          ;
; 3:1                ; 18 bits   ; 36 LEs        ; 0 LEs                ; 36 LEs                 ; Yes        ; |sys_top|pll_cfg_hdmi:pll_cfg_hdmi|usr_m_cnt_lo[1]                                                          ;
; 3:1                ; 18 bits   ; 36 LEs        ; 0 LEs                ; 36 LEs                 ; Yes        ; |sys_top|pll_cfg_hdmi:pll_cfg_hdmi|usr_n_cnt_lo[4]                                                          ;
; 4:1                ; 16 bits   ; 32 LEs        ; 0 LEs                ; 32 LEs                 ; Yes        ; |sys_top|pll_cfg_hdmi:pll_cfg_hdmi|dyn_phase_shift:dyn_phase_shift_inst|phase_en_counter[15]                ;
; 4:1                ; 14 bits   ; 28 LEs        ; 0 LEs                ; 28 LEs                 ; Yes        ; |sys_top|pll_cfg_hdmi:pll_cfg_hdmi|usr_k_value[21]                                                          ;
; 5:1                ; 16 bits   ; 48 LEs        ; 0 LEs                ; 48 LEs                 ; Yes        ; |sys_top|pll_cfg_hdmi:pll_cfg_hdmi|dprio_temp_m_n_c_readdata_1_q[2]                                         ;
; 5:1                ; 16 bits   ; 48 LEs        ; 0 LEs                ; 48 LEs                 ; Yes        ; |sys_top|pll_cfg_hdmi:pll_cfg_hdmi|dprio_temp_m_n_c_readdata_2_q[7]                                         ;
; 3:1                ; 5 bits    ; 10 LEs        ; 10 LEs               ; 0 LEs                  ; No         ; |sys_top|pll_cfg_hdmi:pll_cfg_hdmi|dprio_cur_state                                                          ;
; 3:1                ; 7 bits    ; 14 LEs        ; 14 LEs               ; 0 LEs                  ; No         ; |sys_top|pll_cfg_hdmi:pll_cfg_hdmi|c_cnt_done_d[5]                                                          ;
; 3:1                ; 3 bits    ; 6 LEs         ; 6 LEs                ; 0 LEs                  ; No         ; |sys_top|pll_cfg_hdmi:pll_cfg_hdmi|c_cnt_done_d                                                             ;
; 4:1                ; 2 bits    ; 4 LEs         ; 4 LEs                ; 0 LEs                  ; No         ; |sys_top|pll_cfg_hdmi:pll_cfg_hdmi|dprio_next_state                                                         ;
; 4:1                ; 2 bits    ; 4 LEs         ; 4 LEs                ; 0 LEs                  ; No         ; |sys_top|pll_cfg_hdmi:pll_cfg_hdmi|avmm_dprio_address                                                       ;
; 5:1                ; 3 bits    ; 9 LEs         ; 9 LEs                ; 0 LEs                  ; No         ; |sys_top|pll_cfg_hdmi:pll_cfg_hdmi|avmm_dprio_address                                                       ;
; 6:1                ; 2 bits    ; 8 LEs         ; 8 LEs                ; 0 LEs                  ; No         ; |sys_top|pll_cfg_hdmi:pll_cfg_hdmi|dprio_write_done                                                         ;
; 66:1               ; 6 bits    ; 264 LEs       ; 30 LEs               ; 234 LEs                ; No         ; |sys_top|pll_cfg_hdmi:pll_cfg_hdmi|operation_address                                                        ;
; 18:1               ; 8 bits    ; 96 LEs        ; 80 LEs               ; 16 LEs                 ; No         ; |sys_top|pll_cfg_hdmi:pll_cfg_hdmi|dprio_mux:dprio_mux_inst|dprio_writedata[9]                              ;
; 21:1               ; 3 bits    ; 42 LEs        ; 33 LEs               ; 9 LEs                  ; No         ; |sys_top|pll_cfg_hdmi:pll_cfg_hdmi|dprio_mux:dprio_mux_inst|dprio_writedata[2]                              ;
; 3:1                ; 5 bits    ; 10 LEs        ; 5 LEs                ; 5 LEs                  ; Yes        ; |sys_top|ascal:ascal|avl_wad[4]                                                                             ;
; 3:1                ; 24 bits   ; 48 LEs        ; 0 LEs                ; 48 LEs                 ; Yes        ; |sys_top|ascal:ascal|o_ihsize[7]                                                                            ;
; 3:1                ; 2 bits    ; 4 LEs         ; 2 LEs                ; 2 LEs                  ; Yes        ; |sys_top|ascal:ascal|o_hdown                                                                                ;
; 3:1                ; 56 bits   ; 112 LEs       ; 0 LEs                ; 112 LEs                ; Yes        ; |sys_top|ascal:ascal|avl_o_offset1[14]                                                                      ;
; 3:1                ; 4 bits    ; 8 LEs         ; 4 LEs                ; 4 LEs                  ; Yes        ; |sys_top|ascal:ascal|avl_o_offset0[29]                                                                      ;
; 3:1                ; 2 bits    ; 4 LEs         ; 2 LEs                ; 2 LEs                  ; Yes        ; |sys_top|ascal:ascal|avl_o_offset1[23]                                                                      ;
; 3:1                ; 7 bits    ; 14 LEs        ; 7 LEs                ; 7 LEs                  ; Yes        ; |sys_top|ascal:ascal|o_off[0][2]                                                                            ;
; 3:1                ; 7 bits    ; 14 LEs        ; 7 LEs                ; 7 LEs                  ; Yes        ; |sys_top|ascal:ascal|o_off[1][2]                                                                            ;
; 3:1                ; 2 bits    ; 4 LEs         ; 2 LEs                ; 2 LEs                  ; Yes        ; |sys_top|ascal:ascal|o_readlev[1]                                                                           ;
; 3:1                ; 2 bits    ; 4 LEs         ; 2 LEs                ; 2 LEs                  ; Yes        ; |sys_top|ascal:ascal|o_fload[0]                                                                             ;
; 3:1                ; 2 bits    ; 4 LEs         ; 2 LEs                ; 2 LEs                  ; Yes        ; |sys_top|ascal:ascal|o_copylev[1]                                                                           ;
; 3:1                ; 8 bits    ; 16 LEs        ; 0 LEs                ; 16 LEs                 ; Yes        ; |sys_top|ascal:ascal|i_hpix.r[3]                                                                            ;
; 3:1                ; 8 bits    ; 16 LEs        ; 0 LEs                ; 16 LEs                 ; Yes        ; |sys_top|ascal:ascal|i_hpix.g[7]                                                                            ;
; 3:1                ; 8 bits    ; 16 LEs        ; 0 LEs                ; 16 LEs                 ; Yes        ; |sys_top|ascal:ascal|i_hpix.b[7]                                                                            ;
; 3:1                ; 2 bits    ; 4 LEs         ; 2 LEs                ; 2 LEs                  ; Yes        ; |sys_top|ascal:ascal|o_ibuf0[1]                                                                             ;
; 4:1                ; 2 bits    ; 4 LEs         ; 4 LEs                ; 0 LEs                  ; Yes        ; |sys_top|ascal:ascal|o_ibuf1[0]                                                                             ;
; 4:1                ; 2 bits    ; 4 LEs         ; 4 LEs                ; 0 LEs                  ; Yes        ; |sys_top|ascal:ascal|o_obuf0[0]                                                                             ;
; 5:1                ; 2 bits    ; 6 LEs         ; 4 LEs                ; 2 LEs                  ; Yes        ; |sys_top|ascal:ascal|o_obuf1[0]                                                                             ;
; 5:1                ; 8 bits    ; 24 LEs        ; 16 LEs               ; 8 LEs                  ; Yes        ; |sys_top|ascal:ascal|i_pix.r[7]                                                                             ;
; 5:1                ; 8 bits    ; 24 LEs        ; 16 LEs               ; 8 LEs                  ; Yes        ; |sys_top|ascal:ascal|i_pix.g[0]                                                                             ;
; 5:1                ; 8 bits    ; 24 LEs        ; 16 LEs               ; 8 LEs                  ; Yes        ; |sys_top|ascal:ascal|i_pix.b[3]                                                                             ;
; 8:1                ; 2 bits    ; 10 LEs        ; 6 LEs                ; 4 LEs                  ; No         ; |sys_top|ascal:ascal|off_v                                                                                  ;
; 9:1                ; 2 bits    ; 12 LEs        ; 6 LEs                ; 6 LEs                  ; No         ; |sys_top|ascal:ascal|o_state                                                                                ;
; 9:1                ; 2 bits    ; 12 LEs        ; 6 LEs                ; 6 LEs                  ; No         ; |sys_top|ascal:ascal|o_state                                                                                ;
; 5:1                ; 32 bits   ; 96 LEs        ; 64 LEs               ; 32 LEs                 ; Yes        ; |sys_top|emu:emu|vtg_controls:controls|vertical_repeat[18]                                                  ;
; 5:1                ; 32 bits   ; 96 LEs        ; 64 LEs               ; 32 LEs                 ; Yes        ; |sys_top|emu:emu|vtg_controls:controls|horizontal_repeat[7]                                                 ;
; 5:1                ; 3 bits    ; 9 LEs         ; 6 LEs                ; 3 LEs                  ; Yes        ; |sys_top|emu:emu|vtg_controls:controls|pattern[3]                                                           ;
; 10:1               ; 6 bits    ; 36 LEs        ; 30 LEs               ; 6 LEs                  ; Yes        ; |sys_top|emu:emu|vtg_controls:controls|level[4]                                                             ;
; 4:1                ; 3 bits    ; 6 LEs         ; 6 LEs                ; 0 LEs                  ; No         ; |sys_top|emu:emu|vtg_controls:controls|vertical_d                                                           ;
; 4:1                ; 3 bits    ; 6 LEs         ; 6 LEs                ; 0 LEs                  ; No         ; |sys_top|emu:emu|vtg_controls:controls|horizontal_d                                                         ;
; 8:1                ; 8 bits    ; 40 LEs        ; 0 LEs                ; 40 LEs                 ; Yes        ; |sys_top|shadowmask:HDMI_shadowmask|idx[4]                                                                  ;
; 3:1                ; 12 bits   ; 24 LEs        ; 0 LEs                ; 24 LEs                 ; Yes        ; |sys_top|ascal:ascal|i_vdivr[4]                                                                             ;
; 3:1                ; 4 bits    ; 8 LEs         ; 8 LEs                ; 0 LEs                  ; Yes        ; |sys_top|ascal:ascal|o_alt[0]                                                                               ;
; 3:1                ; 5 bits    ; 10 LEs        ; 10 LEs               ; 0 LEs                  ; Yes        ; |sys_top|ascal:ascal|o_adrs[11]                                                                             ;
; 3:1                ; 10 bits   ; 20 LEs        ; 0 LEs                ; 20 LEs                 ; Yes        ; |sys_top|ascal:ascal|o_adrs[17]                                                                             ;
; 3:1                ; 10 bits   ; 20 LEs        ; 10 LEs               ; 10 LEs                 ; Yes        ; |sys_top|ascal:ascal|o_adrs[14]                                                                             ;
; 3:1                ; 7 bits    ; 14 LEs        ; 7 LEs                ; 7 LEs                  ; Yes        ; |sys_top|sysmem_lite:sysmem|f2sdram_safe_terminator:f2sdram_safe_terminator_vbuf|write_burstcounter[2]      ;
; 3:1                ; 22 bits   ; 44 LEs        ; 0 LEs                ; 44 LEs                 ; Yes        ; |sys_top|osd:hdmi_osd|pixcnt[12]                                                                            ;
; 3:1                ; 6 bits    ; 12 LEs        ; 6 LEs                ; 6 LEs                  ; Yes        ; |sys_top|ascal:ascal|i_divcpt[5]                                                                            ;
; 4:1                ; 7 bits    ; 14 LEs        ; 7 LEs                ; 7 LEs                  ; Yes        ; |sys_top|ascal:ascal|avl_address[22]                                                                        ;
; 4:1                ; 19 bits   ; 38 LEs        ; 0 LEs                ; 38 LEs                 ; Yes        ; |sys_top|ascal:ascal|avl_address[11]                                                                        ;
; 6:1                ; 7 bits    ; 28 LEs        ; 14 LEs               ; 14 LEs                 ; Yes        ; |sys_top|sysmem_lite:sysmem|f2sdram_safe_terminator:f2sdram_safe_terminator_vbuf|write_terminate_counter[3] ;
; 5:1                ; 2 bits    ; 6 LEs         ; 4 LEs                ; 2 LEs                  ; Yes        ; |sys_top|ascal:ascal|avl_address[19]                                                                        ;
; 7:1                ; 3 bits    ; 12 LEs        ; 6 LEs                ; 6 LEs                  ; No         ; |sys_top|ascal:ascal|Selector2                                                                              ;
; 3:1                ; 8 bits    ; 16 LEs        ; 8 LEs                ; 8 LEs                  ; Yes        ; |sys_top|vga_out:vga_out|pr[1]                                                                              ;
; 3:1                ; 8 bits    ; 16 LEs        ; 8 LEs                ; 8 LEs                  ; Yes        ; |sys_top|vga_out:vga_out|pb[0]                                                                              ;
; 3:1                ; 8 bits    ; 16 LEs        ; 8 LEs                ; 8 LEs                  ; Yes        ; |sys_top|vga_out:vga_scaler_out|pr[7]                                                                       ;
; 3:1                ; 8 bits    ; 16 LEs        ; 8 LEs                ; 8 LEs                  ; Yes        ; |sys_top|vga_out:vga_scaler_out|pb[0]                                                                       ;
; 4:1                ; 12 bits   ; 24 LEs        ; 0 LEs                ; 24 LEs                 ; Yes        ; |sys_top|emu:emu|vtg9000_core:core|vtg_raster:raster|v_count[6]                                             ;
; 4:1                ; 12 bits   ; 24 LEs        ; 0 LEs                ; 24 LEs                 ; Yes        ; |sys_top|emu:emu|vtg9000_core:core|vtg_raster:raster|h_count[6]                                             ;
; 5:1                ; 10 bits   ; 30 LEs        ; 20 LEs               ; 10 LEs                 ; No         ; |sys_top|emu:emu|vtg9000_core:core|vtg_raster:raster|y[10]                                                  ;
; 5:1                ; 2 bits    ; 6 LEs         ; 6 LEs                ; 0 LEs                  ; No         ; |sys_top|emu:emu|vtg9000_core:core|vtg_patterns:patterns|band                                               ;
; 3:1                ; 10 bits   ; 20 LEs        ; 0 LEs                ; 20 LEs                 ; Yes        ; |sys_top|ascal:ascal|o_poly_phase_a.t3[9]                                                                   ;
; 3:1                ; 28 bits   ; 56 LEs        ; 0 LEs                ; 56 LEs                 ; Yes        ; |sys_top|ascal:ascal|o_h_poly_phase.t2[5]                                                                   ;
; 3:1                ; 4 bits    ; 8 LEs         ; 8 LEs                ; 0 LEs                  ; Yes        ; |sys_top|shadowmask:HDMI_shadowmask|b_mul[0]                                                                ;
; 3:1                ; 4 bits    ; 8 LEs         ; 8 LEs                ; 0 LEs                  ; Yes        ; |sys_top|shadowmask:HDMI_shadowmask|g_mul[2]                                                                ;
; 3:1                ; 4 bits    ; 8 LEs         ; 8 LEs                ; 0 LEs                  ; Yes        ; |sys_top|shadowmask:HDMI_shadowmask|r_mul[0]                                                                ;
; 3:1                ; 8 bits    ; 16 LEs        ; 8 LEs                ; 8 LEs                  ; Yes        ; |sys_top|ascal:ascal|o_h_poly_pix.g[7]                                                                      ;
; 3:1                ; 8 bits    ; 16 LEs        ; 8 LEs                ; 8 LEs                  ; Yes        ; |sys_top|ascal:ascal|o_h_poly_pix.r[1]                                                                      ;
; 3:1                ; 8 bits    ; 16 LEs        ; 8 LEs                ; 8 LEs                  ; Yes        ; |sys_top|ascal:ascal|o_v_poly_pix.b[1]                                                                      ;
; 3:1                ; 8 bits    ; 16 LEs        ; 8 LEs                ; 8 LEs                  ; Yes        ; |sys_top|ascal:ascal|o_v_poly_pix.g[4]                                                                      ;
; 3:1                ; 8 bits    ; 16 LEs        ; 8 LEs                ; 8 LEs                  ; Yes        ; |sys_top|ascal:ascal|o_v_poly_pix.r[6]                                                                      ;
; 3:1                ; 5 bits    ; 10 LEs        ; 5 LEs                ; 5 LEs                  ; Yes        ; |sys_top|ascal:ascal|i_de_delay[4]                                                                          ;
; 3:1                ; 14 bits   ; 28 LEs        ; 0 LEs                ; 28 LEs                 ; Yes        ; |sys_top|pll_hdmi_adj:pll_hdmi_adj|i_delay[0]                                                               ;
; 3:1                ; 23 bits   ; 46 LEs        ; 0 LEs                ; 46 LEs                 ; Yes        ; |sys_top|pll_hdmi_adj:pll_hdmi_adj|ssh[17]                                                                  ;
; 3:1                ; 5 bits    ; 10 LEs        ; 5 LEs                ; 5 LEs                  ; Yes        ; |sys_top|pll_hdmi_adj:pll_hdmi_adj|logcpt[2]                                                                ;
; 3:1                ; 24 bits   ; 48 LEs        ; 0 LEs                ; 48 LEs                 ; Yes        ; |sys_top|pll_hdmi_adj:pll_hdmi_adj|offset[10]                                                               ;
; 3:1                ; 12 bits   ; 24 LEs        ; 0 LEs                ; 24 LEs                 ; Yes        ; |sys_top|ascal:ascal|o_vdivr[3]                                                                             ;
; 3:1                ; 6 bits    ; 12 LEs        ; 6 LEs                ; 6 LEs                  ; Yes        ; |sys_top|ascal:ascal|o_divcpt[5]                                                                            ;
; 4:1                ; 48 bits   ; 96 LEs        ; 96 LEs               ; 0 LEs                  ; Yes        ; |sys_top|ascal:ascal|o_vpix_outer[0].r[4]                                                                   ;
; 3:1                ; 24 bits   ; 48 LEs        ; 48 LEs               ; 0 LEs                  ; Yes        ; |sys_top|ascal:ascal|o_vpixq_pre[3].b[0]                                                                    ;
; 3:1                ; 8 bits    ; 16 LEs        ; 8 LEs                ; 8 LEs                  ; Yes        ; |sys_top|ascal:ascal|o_h_poly_pix.b[1]                                                                      ;
; 5:1                ; 8 bits    ; 24 LEs        ; 16 LEs               ; 8 LEs                  ; Yes        ; |sys_top|ascal:ascal|o_poly_lum[7]                                                                          ;
; 4:1                ; 48 bits   ; 96 LEs        ; 96 LEs               ; 0 LEs                  ; No         ; |sys_top|ascal:ascal|Mux798                                                                                 ;
; 3:1                ; 9 bits    ; 18 LEs        ; 9 LEs                ; 9 LEs                  ; Yes        ; |sys_top|mcp23009:mcp23009|din[11]                                                                          ;
; 3:1                ; 2 bits    ; 4 LEs         ; 2 LEs                ; 2 LEs                  ; Yes        ; |sys_top|mcp23009:mcp23009|din[0]                                                                           ;
; 3:1                ; 3 bits    ; 6 LEs         ; 3 LEs                ; 3 LEs                  ; Yes        ; |sys_top|mcp23009:mcp23009|btn[1]                                                                           ;
; 3:1                ; 2 bits    ; 4 LEs         ; 2 LEs                ; 2 LEs                  ; Yes        ; |sys_top|mcp23009:mcp23009|flg_sd_cd                                                                        ;
; 3:1                ; 7 bits    ; 14 LEs        ; 14 LEs               ; 0 LEs                  ; Yes        ; |sys_top|yc_out:yc_out|phase[4].c[3]                                                                        ;
; 3:1                ; 4 bits    ; 8 LEs         ; 4 LEs                ; 4 LEs                  ; Yes        ; |sys_top|mcp23009:mcp23009|idx[3]                                                                           ;
; 3:1                ; 21 bits   ; 42 LEs        ; 0 LEs                ; 42 LEs                 ; Yes        ; |sys_top|yc_out:yc_out|phase[2].v[9]                                                                        ;
; 3:1                ; 7 bits    ; 14 LEs        ; 14 LEs               ; 0 LEs                  ; Yes        ; |sys_top|yc_out:yc_out|phase[2].u[14]                                                                       ;
; 3:1                ; 11 bits   ; 22 LEs        ; 0 LEs                ; 22 LEs                 ; Yes        ; |sys_top|yc_out:yc_out|cburst_phase[5]                                                                      ;
; 3:1                ; 13 bits   ; 26 LEs        ; 0 LEs                ; 26 LEs                 ; Yes        ; |sys_top|vcnt[4]                                                                                            ;
; 4:1                ; 5 bits    ; 10 LEs        ; 10 LEs               ; 0 LEs                  ; Yes        ; |sys_top|yc_out:yc_out|phase[2].u[10]                                                                       ;
; 3:1                ; 2 bits    ; 4 LEs         ; 4 LEs                ; 0 LEs                  ; No         ; |sys_top|cs1                                                                                                ;
; 5:1                ; 8 bits    ; 24 LEs        ; 24 LEs               ; 0 LEs                  ; No         ; |sys_top|vga_b[1]                                                                                           ;
; 5:1                ; 13 bits   ; 39 LEs        ; 39 LEs               ; 0 LEs                  ; No         ; |sys_top|VGA_G                                                                                              ;
; 6:1                ; 3 bits    ; 12 LEs        ; 12 LEs               ; 0 LEs                  ; No         ; |sys_top|concat                                                                                             ;
; 3:1                ; 3 bits    ; 6 LEs         ; 3 LEs                ; 3 LEs                  ; Yes        ; |sys_top|ascal:ascal|i_wdelay[2]                                                                            ;
; 3:1                ; 22 bits   ; 44 LEs        ; 0 LEs                ; 44 LEs                 ; Yes        ; |sys_top|osd:vga_osd|pixcnt[14]                                                                             ;
; 32:1               ; 7 bits    ; 147 LEs       ; 91 LEs               ; 56 LEs                 ; Yes        ; |sys_top|emu:emu|hps_io:hps_io|video_calc:video_calc|dout[11]                                               ;
; 32:1               ; 8 bits    ; 168 LEs       ; 104 LEs              ; 64 LEs                 ; Yes        ; |sys_top|emu:emu|hps_io:hps_io|video_calc:video_calc|dout[0]                                                ;
; 3:1                ; 29 bits   ; 58 LEs        ; 0 LEs                ; 58 LEs                 ; Yes        ; |sys_top|ddr_svc:ddr_svc|ram_address[4]                                                                     ;
; 3:1                ; 8 bits    ; 16 LEs        ; 0 LEs                ; 16 LEs                 ; Yes        ; |sys_top|audio_out:audio_out|aud_mix_top:audmix_r|a4[14]                                                    ;
; 4:1                ; 2 bits    ; 4 LEs         ; 4 LEs                ; 0 LEs                  ; Yes        ; |sys_top|ddr_svc:ddr_svc|ready[1]                                                                           ;
; 5:1                ; 8 bits    ; 24 LEs        ; 16 LEs               ; 8 LEs                  ; Yes        ; |sys_top|audio_out:audio_out|aud_mix_top:audmix_r|a4[11]                                                    ;
; 5:1                ; 8 bits    ; 24 LEs        ; 16 LEs               ; 8 LEs                  ; Yes        ; |sys_top|audio_out:audio_out|aud_mix_top:audmix_r|a4[4]                                                     ;
; 5:1                ; 8 bits    ; 24 LEs        ; 16 LEs               ; 8 LEs                  ; Yes        ; |sys_top|ddr_svc:ddr_svc|ram_bcnt[7]                                                                        ;
; 8:1                ; 8 bits    ; 40 LEs        ; 32 LEs               ; 8 LEs                  ; Yes        ; |sys_top|audio_out:audio_out|aud_mix_top:audmix_l|a4[3]                                                     ;
; 4:1                ; 2 bits    ; 4 LEs         ; 4 LEs                ; 0 LEs                  ; No         ; |sys_top|audio_out:audio_out|aud_mix_top:audmix_l|ShiftRight1                                               ;
; 4:1                ; 20 bits   ; 40 LEs        ; 40 LEs               ; 0 LEs                  ; No         ; |sys_top|audio_out:audio_out|aud_mix_top:audmix_l|ShiftRight1                                               ;
; 3:1                ; 30 bits   ; 60 LEs        ; 0 LEs                ; 60 LEs                 ; Yes        ; |sys_top|ascal:ascal|o_poly_phase_a.t1[9]                                                                   ;
; 3:1                ; 16 bits   ; 32 LEs        ; 32 LEs               ; 0 LEs                  ; Yes        ; |sys_top|audio_out:audio_out|aud_mix_top:audmix_r|a1[9]                                                     ;
; 3:1                ; 13 bits   ; 26 LEs        ; 26 LEs               ; 0 LEs                  ; Yes        ; |sys_top|audio_out:audio_out|aud_mix_top:audmix_r|v1[14]                                                    ;
; 3:1                ; 13 bits   ; 26 LEs        ; 26 LEs               ; 0 LEs                  ; Yes        ; |sys_top|audio_out:audio_out|aud_mix_top:audmix_l|v1[4]                                                     ;
; 3:1                ; 16 bits   ; 32 LEs        ; 32 LEs               ; 0 LEs                  ; Yes        ; |sys_top|audio_out:audio_out|aud_mix_top:audmix_l|a1[8]                                                     ;
; 3:1                ; 8 bits    ; 16 LEs        ; 16 LEs               ; 0 LEs                  ; No         ; |sys_top|ascal:ascal|o_a_poly_addr                                                                          ;
; 3:1                ; 12 bits   ; 24 LEs        ; 0 LEs                ; 24 LEs                 ; Yes        ; |sys_top|ascal:ascal|o_vcpt_pre3[4]                                                                         ;
; 3:1                ; 12 bits   ; 24 LEs        ; 0 LEs                ; 24 LEs                 ; Yes        ; |sys_top|ascal:ascal|o_vcpt_sync[10]                                                                        ;
; 6:1                ; 10 bits   ; 40 LEs        ; 20 LEs               ; 20 LEs                 ; Yes        ; |sys_top|ascal:ascal|o_ihsize_temp[3]                                                                       ;
; 5:1                ; 12 bits   ; 36 LEs        ; 0 LEs                ; 36 LEs                 ; Yes        ; |sys_top|ascal:ascal|o_hacpt[0]                                                                             ;
; 5:1                ; 4 bits    ; 12 LEs        ; 4 LEs                ; 8 LEs                  ; Yes        ; |sys_top|ascal:ascal|o_acpt[2]                                                                              ;
; 5:1                ; 2 bits    ; 6 LEs         ; 2 LEs                ; 4 LEs                  ; Yes        ; |sys_top|ascal:ascal|o_dshi[0]                                                                              ;
; 6:1                ; 25 bits   ; 100 LEs       ; 50 LEs               ; 50 LEs                 ; Yes        ; |sys_top|ascal:ascal|o_hacc_next[1]                                                                         ;
; 8:1                ; 2 bits    ; 10 LEs        ; 4 LEs                ; 6 LEs                  ; No         ; |sys_top|ascal:ascal|Mux297                                                                                 ;
; 7:1                ; 2 bits    ; 8 LEs         ; 6 LEs                ; 2 LEs                  ; No         ; |sys_top|ascal:ascal|o_copy                                                                                 ;
; 4:1                ; 8 bits    ; 16 LEs        ; 16 LEs               ; 0 LEs                  ; Yes        ; |sys_top|osd:vga_osd|osd_w[8]                                                                               ;
; 4:1                ; 2 bits    ; 4 LEs         ; 4 LEs                ; 0 LEs                  ; Yes        ; |sys_top|osd:vga_osd|osd_w[7]                                                                               ;
; 4:1                ; 2 bits    ; 4 LEs         ; 4 LEs                ; 0 LEs                  ; Yes        ; |sys_top|osd:vga_osd|osd_h[6]                                                                               ;
; 4:1                ; 8 bits    ; 16 LEs        ; 16 LEs               ; 0 LEs                  ; Yes        ; |sys_top|osd:hdmi_osd|osd_h[8]                                                                              ;
; 4:1                ; 2 bits    ; 4 LEs         ; 4 LEs                ; 0 LEs                  ; Yes        ; |sys_top|osd:hdmi_osd|osd_w[6]                                                                              ;
; 4:1                ; 2 bits    ; 4 LEs         ; 4 LEs                ; 0 LEs                  ; Yes        ; |sys_top|osd:hdmi_osd|osd_h[7]                                                                              ;
; 3:1                ; 5 bits    ; 10 LEs        ; 5 LEs                ; 5 LEs                  ; Yes        ; |sys_top|osd:vga_osd|cmd[6]                                                                                 ;
; 3:1                ; 5 bits    ; 10 LEs        ; 5 LEs                ; 5 LEs                  ; Yes        ; |sys_top|osd:hdmi_osd|cmd[7]                                                                                ;
; 3:1                ; 2 bits    ; 4 LEs         ; 2 LEs                ; 2 LEs                  ; Yes        ; |sys_top|osd:hdmi_osd|highres                                                                               ;
; 6:1                ; 8 bits    ; 32 LEs        ; 0 LEs                ; 32 LEs                 ; Yes        ; |sys_top|osd:vga_osd|bcnt[0]                                                                                ;
; 6:1                ; 5 bits    ; 20 LEs        ; 10 LEs               ; 10 LEs                 ; Yes        ; |sys_top|osd:vga_osd|bcnt[12]                                                                               ;
; 6:1                ; 8 bits    ; 32 LEs        ; 0 LEs                ; 32 LEs                 ; Yes        ; |sys_top|osd:hdmi_osd|bcnt[4]                                                                               ;
; 6:1                ; 5 bits    ; 20 LEs        ; 10 LEs               ; 10 LEs                 ; Yes        ; |sys_top|osd:hdmi_osd|bcnt[12]                                                                              ;
; 3:1                ; 32 bits   ; 64 LEs        ; 0 LEs                ; 64 LEs                 ; Yes        ; |sys_top|alsa:alsa|readdata[8]                                                                              ;
; 4:1                ; 2 bits    ; 4 LEs         ; 4 LEs                ; 0 LEs                  ; Yes        ; |sys_top|alsa:alsa|ready[1]                                                                                 ;
; 4:1                ; 16 bits   ; 32 LEs        ; 32 LEs               ; 0 LEs                  ; Yes        ; |sys_top|alsa:alsa|buf_rptr[11]                                                                             ;
; 5:1                ; 8 bits    ; 24 LEs        ; 8 LEs                ; 16 LEs                 ; Yes        ; |sys_top|alsa:alsa|ce_cnt[7]                                                                                ;
; 6:1                ; 9 bits    ; 36 LEs        ; 9 LEs                ; 27 LEs                 ; Yes        ; |sys_top|alsa:alsa|len[11]                                                                                  ;
; 8:1                ; 3 bits    ; 15 LEs        ; 12 LEs               ; 3 LEs                  ; Yes        ; |sys_top|alsa:alsa|hurryup[2]                                                                               ;
; 3:1                ; 2 bits    ; 4 LEs         ; 4 LEs                ; 0 LEs                  ; No         ; |sys_top|alsa:alsa|state                                                                                    ;
; 3:1                ; 6 bits    ; 12 LEs        ; 6 LEs                ; 6 LEs                  ; Yes        ; |sys_top|audio_out:audio_out|spdif:toslink|parity_count_q[2]                                                ;
; 4:1                ; 7 bits    ; 14 LEs        ; 14 LEs               ; 0 LEs                  ; Yes        ; |sys_top|audio_out:audio_out|i2s:i2s|bit_cnt[6]                                                             ;
; 3:1                ; 2 bits    ; 4 LEs         ; 4 LEs                ; 0 LEs                  ; Yes        ; |sys_top|shadowmask:HDMI_shadowmask|hmax2[4]                                                                ;
; 4:1                ; 6 bits    ; 12 LEs        ; 12 LEs               ; 0 LEs                  ; Yes        ; |sys_top|shadowmask:HDMI_shadowmask|vmax2[2]                                                                ;
; 4:1                ; 7 bits    ; 14 LEs        ; 14 LEs               ; 0 LEs                  ; Yes        ; |sys_top|emu:emu|hps_io:hps_io|ps2_key[2]                                                                   ;
; 4:1                ; 2 bits    ; 4 LEs         ; 4 LEs                ; 0 LEs                  ; Yes        ; |sys_top|emu:emu|hps_io:hps_io|ps2_key[3]                                                                   ;
; 4:1                ; 5 bits    ; 10 LEs        ; 10 LEs               ; 0 LEs                  ; Yes        ; |sys_top|shadowmask:HDMI_shadowmask|vcount[3]                                                               ;
; 3:1                ; 6 bits    ; 12 LEs        ; 6 LEs                ; 6 LEs                  ; Yes        ; |sys_top|mcp23009:mcp23009|i2c:i2c|SD_COUNTER[1]                                                            ;
; 3:1                ; 2 bits    ; 4 LEs         ; 4 LEs                ; 0 LEs                  ; No         ; |sys_top|shadowmask:HDMI_shadowmask|ShiftLeft1                                                              ;
; 3:1                ; 3 bits    ; 6 LEs         ; 6 LEs                ; 0 LEs                  ; Yes        ; |sys_top|cnt[1]                                                                                             ;
; 3:1                ; 8 bits    ; 16 LEs        ; 8 LEs                ; 8 LEs                  ; Yes        ; |sys_top|yc_out:yc_out|Y[7]                                                                                 ;
; 3:1                ; 23 bits   ; 46 LEs        ; 0 LEs                ; 46 LEs                 ; Yes        ; |sys_top|sys_umuldiv:ar_muldiv|sys_udiv:udiv|rem[22]                                                        ;
; 3:1                ; 14 bits   ; 28 LEs        ; 0 LEs                ; 28 LEs                 ; Yes        ; |sys_top|sys_umuldiv:ar_muldiv|sys_udiv:udiv|rem[25]                                                        ;
; 4:1                ; 11 bits   ; 22 LEs        ; 22 LEs               ; 0 LEs                  ; Yes        ; |sys_top|videow[7]                                                                                          ;
; 4:1                ; 11 bits   ; 22 LEs        ; 22 LEs               ; 0 LEs                  ; Yes        ; |sys_top|hdmi_width[2]                                                                                      ;
; 3:1                ; 2 bits    ; 4 LEs         ; 2 LEs                ; 2 LEs                  ; Yes        ; |sys_top|sys_umuldiv:ar_muldiv|sys_umul:umul|add[0]                                                         ;
; 3:1                ; 13 bits   ; 26 LEs        ; 0 LEs                ; 26 LEs                 ; Yes        ; |sys_top|sys_umuldiv:ar_muldiv|sys_umul:umul|add[10]                                                        ;
; 3:1                ; 12 bits   ; 24 LEs        ; 0 LEs                ; 24 LEs                 ; Yes        ; |sys_top|sys_umuldiv:ar_muldiv|sys_umul:umul|add[13]                                                        ;
; 3:1                ; 24 bits   ; 48 LEs        ; 0 LEs                ; 48 LEs                 ; Yes        ; |sys_top|sys_umuldiv:ar_muldiv|sys_umul:umul|result[22]                                                     ;
; 8:1                ; 4 bits    ; 20 LEs        ; 4 LEs                ; 16 LEs                 ; Yes        ; |sys_top|ar_md_mul2[0]                                                                                      ;
; 8:1                ; 12 bits   ; 60 LEs        ; 0 LEs                ; 60 LEs                 ; Yes        ; |sys_top|ar_md_mul1[0]                                                                                      ;
; 9:1                ; 2 bits    ; 12 LEs        ; 2 LEs                ; 10 LEs                 ; Yes        ; |sys_top|hmini[11]                                                                                          ;
; 9:1                ; 46 bits   ; 276 LEs       ; 0 LEs                ; 276 LEs                ; Yes        ; |sys_top|vmini[7]                                                                                           ;
; 6:1                ; 12 bits   ; 48 LEs        ; 0 LEs                ; 48 LEs                 ; Yes        ; |sys_top|wcalc[2]                                                                                           ;
; 7:1                ; 12 bits   ; 48 LEs        ; 0 LEs                ; 48 LEs                 ; Yes        ; |sys_top|hcalc[11]                                                                                          ;
; 12:1               ; 2 bits    ; 16 LEs        ; 6 LEs                ; 10 LEs                 ; Yes        ; |sys_top|state[1]                                                                                           ;
; 5:1                ; 6 bits    ; 18 LEs        ; 6 LEs                ; 12 LEs                 ; Yes        ; |sys_top|ascal:ascal|o_hpixs.b[0]                                                                           ;
; 9:1                ; 10 bits   ; 60 LEs        ; 20 LEs               ; 40 LEs                 ; Yes        ; |sys_top|ascal:ascal|o_hpixs.g[7]                                                                           ;
; 10:1               ; 8 bits    ; 48 LEs        ; 16 LEs               ; 32 LEs                 ; Yes        ; |sys_top|ascal:ascal|o_shift[133]                                                                           ;
; 9:1                ; 8 bits    ; 48 LEs        ; 16 LEs               ; 32 LEs                 ; Yes        ; |sys_top|ascal:ascal|o_shift[126]                                                                           ;
; 10:1               ; 8 bits    ; 48 LEs        ; 32 LEs               ; 16 LEs                 ; Yes        ; |sys_top|ascal:ascal|o_shift[112]                                                                           ;
; 10:1               ; 88 bits   ; 528 LEs       ; 352 LEs              ; 176 LEs                ; Yes        ; |sys_top|ascal:ascal|o_shift[91]                                                                            ;
; 8:1                ; 8 bits    ; 40 LEs        ; 24 LEs               ; 16 LEs                 ; No         ; |sys_top|ascal:ascal|Mux305                                                                                 ;
; 9:1                ; 8 bits    ; 48 LEs        ; 32 LEs               ; 16 LEs                 ; No         ; |sys_top|ascal:ascal|Mux308                                                                                 ;
; 10:1               ; 8 bits    ; 48 LEs        ; 32 LEs               ; 16 LEs                 ; No         ; |sys_top|ascal:ascal|Mux315                                                                                 ;
; 3:1                ; 22 bits   ; 44 LEs        ; 44 LEs               ; 0 LEs                  ; Yes        ; |sys_top|osd:hdmi_osd|v_cnt[13]                                                                             ;
; 3:1                ; 10 bits   ; 20 LEs        ; 0 LEs                ; 20 LEs                 ; Yes        ; |sys_top|osd:hdmi_osd|h_osd_start[14]                                                                       ;
; 3:1                ; 22 bits   ; 44 LEs        ; 0 LEs                ; 44 LEs                 ; Yes        ; |sys_top|osd:hdmi_osd|osd_hcnt[4]                                                                           ;
; 3:1                ; 13 bits   ; 26 LEs        ; 26 LEs               ; 0 LEs                  ; Yes        ; |sys_top|osd:hdmi_osd|osd_hcnt2[21]                                                                         ;
; 3:1                ; 3 bits    ; 6 LEs         ; 6 LEs                ; 0 LEs                  ; Yes        ; |sys_top|osd:hdmi_osd|osd_hcnt2[2]                                                                          ;
; 3:1                ; 24 bits   ; 48 LEs        ; 0 LEs                ; 48 LEs                 ; Yes        ; |sys_top|osd:hdmi_osd|h_cnt[20]                                                                             ;
; 4:1                ; 12 bits   ; 24 LEs        ; 24 LEs               ; 0 LEs                  ; Yes        ; |sys_top|osd:hdmi_osd|h_osd_start[0]                                                                        ;
; 4:1                ; 3 bits    ; 6 LEs         ; 6 LEs                ; 0 LEs                  ; Yes        ; |sys_top|osd:hdmi_osd|osd_div[0]                                                                            ;
; 4:1                ; 6 bits    ; 12 LEs        ; 12 LEs               ; 0 LEs                  ; Yes        ; |sys_top|osd:hdmi_osd|osd_hcnt2[8]                                                                          ;
; 6:1                ; 3 bits    ; 12 LEs        ; 12 LEs               ; 0 LEs                  ; Yes        ; |sys_top|osd:hdmi_osd|multiscan[2]                                                                          ;
; 6:1                ; 3 bits    ; 12 LEs        ; 6 LEs                ; 6 LEs                  ; Yes        ; |sys_top|osd:hdmi_osd|osd_vcnt[0]                                                                           ;
; 6:1                ; 12 bits   ; 48 LEs        ; 24 LEs               ; 24 LEs                 ; Yes        ; |sys_top|osd:hdmi_osd|osd_vcnt[19]                                                                          ;
; 7:1                ; 6 bits    ; 24 LEs        ; 18 LEs               ; 6 LEs                  ; Yes        ; |sys_top|osd:hdmi_osd|osd_vcnt[8]                                                                           ;
; 13:1               ; 6 bits    ; 48 LEs        ; 48 LEs               ; 0 LEs                  ; Yes        ; |sys_top|osd:hdmi_osd|v_osd_start[19]                                                                       ;
; 13:1               ; 10 bits   ; 80 LEs        ; 80 LEs               ; 0 LEs                  ; Yes        ; |sys_top|osd:hdmi_osd|v_osd_start[11]                                                                       ;
; 3:1                ; 37 bits   ; 74 LEs        ; 0 LEs                ; 74 LEs                 ; Yes        ; |sys_top|adj_data[25]                                                                                       ;
; 3:1                ; 16 bits   ; 32 LEs        ; 0 LEs                ; 32 LEs                 ; Yes        ; |sys_top|pll_hdmi_adj:pll_hdmi_adj|mul[13]                                                                  ;
; 4:1                ; 10 bits   ; 20 LEs        ; 0 LEs                ; 20 LEs                 ; Yes        ; |sys_top|pll_cfg_hdmi:pll_cfg_hdmi|self_reset:self_reset_inst|counter[3]                                    ;
; 4:1                ; 9 bits    ; 18 LEs        ; 18 LEs               ; 0 LEs                  ; Yes        ; |sys_top|pll_hdmi_adj:pll_hdmi_adj|mfrac[32]                                                                ;
; 4:1                ; 9 bits    ; 18 LEs        ; 18 LEs               ; 0 LEs                  ; Yes        ; |sys_top|pll_hdmi_adj:pll_hdmi_adj|mfrac_ref[32]                                                            ;
; 4:1                ; 32 bits   ; 64 LEs        ; 64 LEs               ; 0 LEs                  ; Yes        ; |sys_top|pll_hdmi_adj:pll_hdmi_adj|mfrac[11]                                                                ;
; 4:1                ; 32 bits   ; 64 LEs        ; 64 LEs               ; 0 LEs                  ; Yes        ; |sys_top|pll_hdmi_adj:pll_hdmi_adj|mfrac_ref[14]                                                            ;
; 4:1                ; 16 bits   ; 32 LEs        ; 32 LEs               ; 0 LEs                  ; Yes        ; |sys_top|pll_hdmi_adj:pll_hdmi_adj|pdata[0]                                                                 ;
; 7:1                ; 4 bits    ; 16 LEs        ; 8 LEs                ; 8 LEs                  ; Yes        ; |sys_top|pll_hdmi_adj:pll_hdmi_adj|col[3]                                                                   ;
; 4:1                ; 34 bits   ; 68 LEs        ; 68 LEs               ; 0 LEs                  ; No         ; |sys_top|pll_hdmi_adj:pll_hdmi_adj|ShiftRight0                                                              ;
; 4:1                ; 4 bits    ; 8 LEs         ; 8 LEs                ; 0 LEs                  ; No         ; |sys_top|pll_hdmi_adj:pll_hdmi_adj|ShiftRight0                                                              ;
; 4:1                ; 4 bits    ; 8 LEs         ; 8 LEs                ; 0 LEs                  ; No         ; |sys_top|pll_hdmi_adj:pll_hdmi_adj|ShiftRight0                                                              ;
; 4:1                ; 13 bits   ; 26 LEs        ; 26 LEs               ; 0 LEs                  ; No         ; |sys_top|pll_hdmi_adj:pll_hdmi_adj|ShiftRight0                                                              ;
; 4:1                ; 9 bits    ; 18 LEs        ; 18 LEs               ; 0 LEs                  ; No         ; |sys_top|pll_hdmi_adj:pll_hdmi_adj|ShiftRight0                                                              ;
; 5:1                ; 2 bits    ; 6 LEs         ; 6 LEs                ; 0 LEs                  ; No         ; |sys_top|pll_hdmi_adj:pll_hdmi_adj|off_v                                                                    ;
; 7:1                ; 5 bits    ; 20 LEs        ; 20 LEs               ; 0 LEs                  ; No         ; |sys_top|pll_hdmi_adj:pll_hdmi_adj|ShiftRight0                                                              ;
; 7:1                ; 7 bits    ; 28 LEs        ; 28 LEs               ; 0 LEs                  ; No         ; |sys_top|pll_hdmi_adj:pll_hdmi_adj|ShiftRight0                                                              ;
; 6:1                ; 3 bits    ; 12 LEs        ; 12 LEs               ; 0 LEs                  ; No         ; |sys_top|pll_hdmi_adj:pll_hdmi_adj|off_v                                                                    ;
; 10:1               ; 4 bits    ; 24 LEs        ; 24 LEs               ; 0 LEs                  ; No         ; |sys_top|pll_hdmi_adj:pll_hdmi_adj|ShiftRight0                                                              ;
; 3:1                ; 15 bits   ; 30 LEs        ; 30 LEs               ; 0 LEs                  ; No         ; |sys_top|audio_out:audio_out|IIR_filter:IIR_filter|y_clamp[0]                                               ;
; 4:1                ; 35 bits   ; 70 LEs        ; 70 LEs               ; 0 LEs                  ; No         ; |sys_top|audio_out:audio_out|IIR_filter:IIR_filter|iir_filter_tap:iir_tap_0|x_mul                           ;
; 4:1                ; 35 bits   ; 70 LEs        ; 70 LEs               ; 0 LEs                  ; No         ; |sys_top|audio_out:audio_out|IIR_filter:IIR_filter|iir_filter_tap:iir_tap_1|x_mul                           ;
; 4:1                ; 35 bits   ; 70 LEs        ; 70 LEs               ; 0 LEs                  ; No         ; |sys_top|audio_out:audio_out|IIR_filter:IIR_filter|iir_filter_tap:iir_tap_2|x_mul                           ;
; 4:1                ; 8 bits    ; 16 LEs        ; 16 LEs               ; 0 LEs                  ; No         ; |sys_top|ascal:ascal|hpix_v                                                                                 ;
; 5:1                ; 16 bits   ; 48 LEs        ; 48 LEs               ; 0 LEs                  ; No         ; |sys_top|ascal:ascal|hpix_v                                                                                 ;
; 3:1                ; 10 bits   ; 20 LEs        ; 0 LEs                ; 20 LEs                 ; Yes        ; |sys_top|osd:vga_osd|h_osd_start[21]                                                                        ;
; 3:1                ; 22 bits   ; 44 LEs        ; 44 LEs               ; 0 LEs                  ; Yes        ; |sys_top|osd:vga_osd|v_cnt[14]                                                                              ;
; 3:1                ; 13 bits   ; 26 LEs        ; 26 LEs               ; 0 LEs                  ; Yes        ; |sys_top|osd:vga_osd|osd_hcnt2[21]                                                                          ;
; 3:1                ; 3 bits    ; 6 LEs         ; 6 LEs                ; 0 LEs                  ; Yes        ; |sys_top|osd:vga_osd|osd_hcnt2[0]                                                                           ;
; 3:1                ; 22 bits   ; 44 LEs        ; 0 LEs                ; 44 LEs                 ; Yes        ; |sys_top|osd:vga_osd|osd_hcnt[14]                                                                           ;
; 3:1                ; 24 bits   ; 48 LEs        ; 0 LEs                ; 48 LEs                 ; Yes        ; |sys_top|osd:vga_osd|h_cnt[12]                                                                              ;
; 4:1                ; 12 bits   ; 24 LEs        ; 24 LEs               ; 0 LEs                  ; Yes        ; |sys_top|osd:vga_osd|h_osd_start[11]                                                                        ;
; 4:1                ; 3 bits    ; 6 LEs         ; 6 LEs                ; 0 LEs                  ; Yes        ; |sys_top|osd:vga_osd|osd_div[0]                                                                             ;
; 4:1                ; 6 bits    ; 12 LEs        ; 12 LEs               ; 0 LEs                  ; Yes        ; |sys_top|osd:vga_osd|osd_hcnt2[7]                                                                           ;
; 6:1                ; 3 bits    ; 12 LEs        ; 12 LEs               ; 0 LEs                  ; Yes        ; |sys_top|osd:vga_osd|multiscan[0]                                                                           ;
; 6:1                ; 3 bits    ; 12 LEs        ; 6 LEs                ; 6 LEs                  ; Yes        ; |sys_top|osd:vga_osd|osd_vcnt[0]                                                                            ;
; 6:1                ; 12 bits   ; 48 LEs        ; 24 LEs               ; 24 LEs                 ; Yes        ; |sys_top|osd:vga_osd|osd_vcnt[19]                                                                           ;
; 7:1                ; 6 bits    ; 24 LEs        ; 18 LEs               ; 6 LEs                  ; Yes        ; |sys_top|osd:vga_osd|osd_vcnt[6]                                                                            ;
; 13:1               ; 6 bits    ; 48 LEs        ; 48 LEs               ; 0 LEs                  ; Yes        ; |sys_top|osd:vga_osd|v_osd_start[16]                                                                        ;
; 13:1               ; 10 bits   ; 80 LEs        ; 80 LEs               ; 0 LEs                  ; Yes        ; |sys_top|osd:vga_osd|v_osd_start[3]                                                                         ;
+--------------------+-----------+---------------+----------------------+------------------------+------------+-------------------------------------------------------------------------------------------------------------+


+----------------------------------------------------------------------------+
; Source assignments for sysmem_lite:sysmem                                  ;
+-----------------------------+------------------------+------+--------------+
; Assignment                  ; Value                  ; From ; To           ;
+-----------------------------+------------------------+------+--------------+
; SYNCHRONIZER_IDENTIFICATION ; FORCED_IF_ASYNCHRONOUS ; -    ; ram1_reset_1 ;
; SYNCHRONIZER_IDENTIFICATION ; FORCED_IF_ASYNCHRONOUS ; -    ; ram2_reset_1 ;
; SYNCHRONIZER_IDENTIFICATION ; FORCED_IF_ASYNCHRONOUS ; -    ; vbuf_reset_1 ;
; SYNCHRONIZER_IDENTIFICATION ; FORCED_IF_ASYNCHRONOUS ; -    ; vbuf_reset_0 ;
; SYNCHRONIZER_IDENTIFICATION ; FORCED_IF_ASYNCHRONOUS ; -    ; ram2_reset_0 ;
; SYNCHRONIZER_IDENTIFICATION ; FORCED_IF_ASYNCHRONOUS ; -    ; ram1_reset_0 ;
+-----------------------------+------------------------+------+--------------+


+-----------------------------------------------------------------------------------------------+
; Source assignments for ascal:ascal|altsyncram:i_mem[0].r[7]__1|altsyncram_89q1:auto_generated ;
+---------------------------------+--------------------+------+---------------------------------+
; Assignment                      ; Value              ; From ; To                              ;
+---------------------------------+--------------------+------+---------------------------------+
; OPTIMIZE_POWER_DURING_SYNTHESIS ; NORMAL_COMPILATION ; -    ; -                               ;
+---------------------------------+--------------------+------+---------------------------------+


+-------------------------------------------------------------------------------------------------+
; Source assignments for ascal:ascal|altsyncram:o_line0[0].r[7]__2|altsyncram_ccn1:auto_generated ;
+---------------------------------+--------------------+------+-----------------------------------+
; Assignment                      ; Value              ; From ; To                                ;
+---------------------------------+--------------------+------+-----------------------------------+
; OPTIMIZE_POWER_DURING_SYNTHESIS ; NORMAL_COMPILATION ; -    ; -                                 ;
+---------------------------------+--------------------+------+-----------------------------------+


+-------------------------------------------------------------------------------------------------+
; Source assignments for ascal:ascal|altsyncram:o_line1[0].r[7]__3|altsyncram_ccn1:auto_generated ;
+---------------------------------+--------------------+------+-----------------------------------+
; Assignment                      ; Value              ; From ; To                                ;
+---------------------------------+--------------------+------+-----------------------------------+
; OPTIMIZE_POWER_DURING_SYNTHESIS ; NORMAL_COMPILATION ; -    ; -                                 ;
+---------------------------------+--------------------+------+-----------------------------------+


+-------------------------------------------------------------------------------------------------+
; Source assignments for ascal:ascal|altsyncram:o_line2[0].r[7]__4|altsyncram_ccn1:auto_generated ;
+---------------------------------+--------------------+------+-----------------------------------+
; Assignment                      ; Value              ; From ; To                                ;
+---------------------------------+--------------------+------+-----------------------------------+
; OPTIMIZE_POWER_DURING_SYNTHESIS ; NORMAL_COMPILATION ; -    ; -                                 ;
+---------------------------------+--------------------+------+-----------------------------------+


+-------------------------------------------------------------------------------------------------+
; Source assignments for ascal:ascal|altsyncram:o_line3[0].r[7]__5|altsyncram_ccn1:auto_generated ;
+---------------------------------+--------------------+------+-----------------------------------+
; Assignment                      ; Value              ; From ; To                                ;
+---------------------------------+--------------------+------+-----------------------------------+
; OPTIMIZE_POWER_DURING_SYNTHESIS ; NORMAL_COMPILATION ; -    ; -                                 ;
+---------------------------------+--------------------+------+-----------------------------------+


+-------------------------------------------------------------------------------------------------+
; Source assignments for ascal:ascal|altsyncram:o_linf0[0].r[7]__6|altsyncram_m6n1:auto_generated ;
+---------------------------------+--------------------+------+-----------------------------------+
; Assignment                      ; Value              ; From ; To                                ;
+---------------------------------+--------------------+------+-----------------------------------+
; OPTIMIZE_POWER_DURING_SYNTHESIS ; NORMAL_COMPILATION ; -    ; -                                 ;
+---------------------------------+--------------------+------+-----------------------------------+


+-------------------------------------------------------------------------------------------------+
; Source assignments for ascal:ascal|altsyncram:o_linf1[0].r[7]__7|altsyncram_m6n1:auto_generated ;
+---------------------------------+--------------------+------+-----------------------------------+
; Assignment                      ; Value              ; From ; To                                ;
+---------------------------------+--------------------+------+-----------------------------------+
; OPTIMIZE_POWER_DURING_SYNTHESIS ; NORMAL_COMPILATION ; -    ; -                                 ;
+---------------------------------+--------------------+------+-----------------------------------+


+-------------------------------------------------------------------------------------------------+
; Source assignments for ascal:ascal|altsyncram:o_linf2[0].r[7]__8|altsyncram_m6n1:auto_generated ;
+---------------------------------+--------------------+------+-----------------------------------+
; Assignment                      ; Value              ; From ; To                                ;
+---------------------------------+--------------------+------+-----------------------------------+
; OPTIMIZE_POWER_DURING_SYNTHESIS ; NORMAL_COMPILATION ; -    ; -                                 ;
+---------------------------------+--------------------+------+-----------------------------------+


+-------------------------------------------------------------------------------------------------+
; Source assignments for ascal:ascal|altsyncram:o_linf3[0].r[7]__9|altsyncram_m6n1:auto_generated ;
+---------------------------------+--------------------+------+-----------------------------------+
; Assignment                      ; Value              ; From ; To                                ;
+---------------------------------+--------------------+------+-----------------------------------+
; OPTIMIZE_POWER_DURING_SYNTHESIS ; NORMAL_COMPILATION ; -    ; -                                 ;
+---------------------------------+--------------------+------+-----------------------------------+


+----------------------------------------------------------------------------------------------+
; Source assignments for pll_hdmi:pll_hdmi|pll_hdmi_0002:pll_hdmi_inst|altera_pll:altera_pll_i ;
+------------------------------+-------+------+------------------------------------------------+
; Assignment                   ; Value ; From ; To                                             ;
+------------------------------+-------+------+------------------------------------------------+
; IGNORE_LCELL_BUFFERS         ; off   ; -    ; cntsel_temp[4]                                 ;
; REMOVE_REDUNDANT_LOGIC_CELLS ; off   ; -    ; cntsel_temp[4]                                 ;
; IGNORE_LCELL_BUFFERS         ; off   ; -    ; cntsel_temp[3]                                 ;
; REMOVE_REDUNDANT_LOGIC_CELLS ; off   ; -    ; cntsel_temp[3]                                 ;
; IGNORE_LCELL_BUFFERS         ; off   ; -    ; cntsel_temp[2]                                 ;
; REMOVE_REDUNDANT_LOGIC_CELLS ; off   ; -    ; cntsel_temp[2]                                 ;
; IGNORE_LCELL_BUFFERS         ; off   ; -    ; cntsel_temp[1]                                 ;
; REMOVE_REDUNDANT_LOGIC_CELLS ; off   ; -    ; cntsel_temp[1]                                 ;
; IGNORE_LCELL_BUFFERS         ; off   ; -    ; cntsel_temp[0]                                 ;
; REMOVE_REDUNDANT_LOGIC_CELLS ; off   ; -    ; cntsel_temp[0]                                 ;
; IGNORE_LCELL_BUFFERS         ; off   ; -    ; gnd                                            ;
; REMOVE_REDUNDANT_LOGIC_CELLS ; off   ; -    ; gnd                                            ;
+------------------------------+-------+------+------------------------------------------------+


+-------------------------------------------------------------------------------------------------------------------------------------------+
; Source assignments for pll_hdmi:pll_hdmi|pll_hdmi_0002:pll_hdmi_inst|altera_pll:altera_pll_i|altera_pll_dps_lcell_comb:lcell_cntsel_int_0 ;
+--------------------------------------+-------+------+-------------------------------------------------------------------------------------+
; Assignment                           ; Value ; From ; To                                                                                  ;
+--------------------------------------+-------+------+-------------------------------------------------------------------------------------+
; PHYSICAL_SYNTHESIS_COMBO_LOGIC       ; OFF   ; -    ; -                                                                                   ;
; PHYSICAL_SYNTHESIS_REGISTER_RETIMING ; OFF   ; -    ; -                                                                                   ;
; ADV_NETLIST_OPT_SYNTH_WYSIWYG_REMAP  ; OFF   ; -    ; -                                                                                   ;
; REMOVE_REDUNDANT_LOGIC_CELLS         ; OFF   ; -    ; -                                                                                   ;
+--------------------------------------+-------+------+-------------------------------------------------------------------------------------+


+-------------------------------------------------------------------------------------------------------------------------------------------+
; Source assignments for pll_hdmi:pll_hdmi|pll_hdmi_0002:pll_hdmi_inst|altera_pll:altera_pll_i|altera_pll_dps_lcell_comb:lcell_cntsel_int_1 ;
+--------------------------------------+-------+------+-------------------------------------------------------------------------------------+
; Assignment                           ; Value ; From ; To                                                                                  ;
+--------------------------------------+-------+------+-------------------------------------------------------------------------------------+
; PHYSICAL_SYNTHESIS_COMBO_LOGIC       ; OFF   ; -    ; -                                                                                   ;
; PHYSICAL_SYNTHESIS_REGISTER_RETIMING ; OFF   ; -    ; -                                                                                   ;
; ADV_NETLIST_OPT_SYNTH_WYSIWYG_REMAP  ; OFF   ; -    ; -                                                                                   ;
; REMOVE_REDUNDANT_LOGIC_CELLS         ; OFF   ; -    ; -                                                                                   ;
+--------------------------------------+-------+------+-------------------------------------------------------------------------------------+


+-------------------------------------------------------------------------------------------------------------------------------------------+
; Source assignments for pll_hdmi:pll_hdmi|pll_hdmi_0002:pll_hdmi_inst|altera_pll:altera_pll_i|altera_pll_dps_lcell_comb:lcell_cntsel_int_2 ;
+--------------------------------------+-------+------+-------------------------------------------------------------------------------------+
; Assignment                           ; Value ; From ; To                                                                                  ;
+--------------------------------------+-------+------+-------------------------------------------------------------------------------------+
; PHYSICAL_SYNTHESIS_COMBO_LOGIC       ; OFF   ; -    ; -                                                                                   ;
; PHYSICAL_SYNTHESIS_REGISTER_RETIMING ; OFF   ; -    ; -                                                                                   ;
; ADV_NETLIST_OPT_SYNTH_WYSIWYG_REMAP  ; OFF   ; -    ; -                                                                                   ;
; REMOVE_REDUNDANT_LOGIC_CELLS         ; OFF   ; -    ; -                                                                                   ;
+--------------------------------------+-------+------+-------------------------------------------------------------------------------------+


+-------------------------------------------------------------------------------------------------------------------------------------------+
; Source assignments for pll_hdmi:pll_hdmi|pll_hdmi_0002:pll_hdmi_inst|altera_pll:altera_pll_i|altera_pll_dps_lcell_comb:lcell_cntsel_int_3 ;
+--------------------------------------+-------+------+-------------------------------------------------------------------------------------+
; Assignment                           ; Value ; From ; To                                                                                  ;
+--------------------------------------+-------+------+-------------------------------------------------------------------------------------+
; PHYSICAL_SYNTHESIS_COMBO_LOGIC       ; OFF   ; -    ; -                                                                                   ;
; PHYSICAL_SYNTHESIS_REGISTER_RETIMING ; OFF   ; -    ; -                                                                                   ;
; ADV_NETLIST_OPT_SYNTH_WYSIWYG_REMAP  ; OFF   ; -    ; -                                                                                   ;
; REMOVE_REDUNDANT_LOGIC_CELLS         ; OFF   ; -    ; -                                                                                   ;
+--------------------------------------+-------+------+-------------------------------------------------------------------------------------+


+-------------------------------------------------------------------------------------------------------------------------------------------+
; Source assignments for pll_hdmi:pll_hdmi|pll_hdmi_0002:pll_hdmi_inst|altera_pll:altera_pll_i|altera_pll_dps_lcell_comb:lcell_cntsel_int_4 ;
+--------------------------------------+-------+------+-------------------------------------------------------------------------------------+
; Assignment                           ; Value ; From ; To                                                                                  ;
+--------------------------------------+-------+------+-------------------------------------------------------------------------------------+
; PHYSICAL_SYNTHESIS_COMBO_LOGIC       ; OFF   ; -    ; -                                                                                   ;
; PHYSICAL_SYNTHESIS_REGISTER_RETIMING ; OFF   ; -    ; -                                                                                   ;
; ADV_NETLIST_OPT_SYNTH_WYSIWYG_REMAP  ; OFF   ; -    ; -                                                                                   ;
; REMOVE_REDUNDANT_LOGIC_CELLS         ; OFF   ; -    ; -                                                                                   ;
+--------------------------------------+-------+------+-------------------------------------------------------------------------------------+


+--------------------------------------------------------------------+
; Source assignments for pll_cfg_hdmi:pll_cfg_hdmi                   ;
+------------------------------+-------+------+----------------------+
; Assignment                   ; Value ; From ; To                   ;
+------------------------------+-------+------+----------------------+
; PRESERVE_REGISTER            ; on    ; -    ; usr_cnt_sel[0]       ;
; PRESERVE_REGISTER            ; on    ; -    ; usr_cnt_sel[1]       ;
; PRESERVE_REGISTER            ; on    ; -    ; usr_cnt_sel[2]       ;
; PRESERVE_REGISTER            ; on    ; -    ; usr_cnt_sel[3]       ;
; PRESERVE_REGISTER            ; on    ; -    ; usr_cnt_sel[4]       ;
; IGNORE_LCELL_BUFFERS         ; off   ; -    ; phase_done           ;
; REMOVE_REDUNDANT_LOGIC_CELLS ; off   ; -    ; phase_done           ;
; IGNORE_LCELL_BUFFERS         ; off   ; -    ; dprio_address[5]     ;
; REMOVE_REDUNDANT_LOGIC_CELLS ; off   ; -    ; dprio_address[5]     ;
; IGNORE_LCELL_BUFFERS         ; off   ; -    ; dprio_address[4]     ;
; REMOVE_REDUNDANT_LOGIC_CELLS ; off   ; -    ; dprio_address[4]     ;
; IGNORE_LCELL_BUFFERS         ; off   ; -    ; dprio_address[3]     ;
; REMOVE_REDUNDANT_LOGIC_CELLS ; off   ; -    ; dprio_address[3]     ;
; IGNORE_LCELL_BUFFERS         ; off   ; -    ; dprio_address[2]     ;
; REMOVE_REDUNDANT_LOGIC_CELLS ; off   ; -    ; dprio_address[2]     ;
; IGNORE_LCELL_BUFFERS         ; off   ; -    ; dprio_address[1]     ;
; REMOVE_REDUNDANT_LOGIC_CELLS ; off   ; -    ; dprio_address[1]     ;
; IGNORE_LCELL_BUFFERS         ; off   ; -    ; dprio_address[0]     ;
; REMOVE_REDUNDANT_LOGIC_CELLS ; off   ; -    ; dprio_address[0]     ;
; IGNORE_LCELL_BUFFERS         ; off   ; -    ; dprio_read           ;
; REMOVE_REDUNDANT_LOGIC_CELLS ; off   ; -    ; dprio_read           ;
; IGNORE_LCELL_BUFFERS         ; off   ; -    ; dprio_byteen[1]      ;
; REMOVE_REDUNDANT_LOGIC_CELLS ; off   ; -    ; dprio_byteen[1]      ;
; IGNORE_LCELL_BUFFERS         ; off   ; -    ; dprio_byteen[0]      ;
; REMOVE_REDUNDANT_LOGIC_CELLS ; off   ; -    ; dprio_byteen[0]      ;
; IGNORE_LCELL_BUFFERS         ; off   ; -    ; dprio_write          ;
; REMOVE_REDUNDANT_LOGIC_CELLS ; off   ; -    ; dprio_write          ;
; IGNORE_LCELL_BUFFERS         ; off   ; -    ; dprio_writedata[15]  ;
; REMOVE_REDUNDANT_LOGIC_CELLS ; off   ; -    ; dprio_writedata[15]  ;
; IGNORE_LCELL_BUFFERS         ; off   ; -    ; dprio_writedata[14]  ;
; REMOVE_REDUNDANT_LOGIC_CELLS ; off   ; -    ; dprio_writedata[14]  ;
; IGNORE_LCELL_BUFFERS         ; off   ; -    ; dprio_writedata[13]  ;
; REMOVE_REDUNDANT_LOGIC_CELLS ; off   ; -    ; dprio_writedata[13]  ;
; IGNORE_LCELL_BUFFERS         ; off   ; -    ; dprio_writedata[12]  ;
; REMOVE_REDUNDANT_LOGIC_CELLS ; off   ; -    ; dprio_writedata[12]  ;
; IGNORE_LCELL_BUFFERS         ; off   ; -    ; dprio_writedata[11]  ;
; REMOVE_REDUNDANT_LOGIC_CELLS ; off   ; -    ; dprio_writedata[11]  ;
; IGNORE_LCELL_BUFFERS         ; off   ; -    ; dprio_writedata[10]  ;
; REMOVE_REDUNDANT_LOGIC_CELLS ; off   ; -    ; dprio_writedata[10]  ;
; IGNORE_LCELL_BUFFERS         ; off   ; -    ; dprio_writedata[9]   ;
; REMOVE_REDUNDANT_LOGIC_CELLS ; off   ; -    ; dprio_writedata[9]   ;
; IGNORE_LCELL_BUFFERS         ; off   ; -    ; dprio_writedata[8]   ;
; REMOVE_REDUNDANT_LOGIC_CELLS ; off   ; -    ; dprio_writedata[8]   ;
; IGNORE_LCELL_BUFFERS         ; off   ; -    ; dprio_writedata[7]   ;
; REMOVE_REDUNDANT_LOGIC_CELLS ; off   ; -    ; dprio_writedata[7]   ;
; IGNORE_LCELL_BUFFERS         ; off   ; -    ; dprio_writedata[6]   ;
; REMOVE_REDUNDANT_LOGIC_CELLS ; off   ; -    ; dprio_writedata[6]   ;
; IGNORE_LCELL_BUFFERS         ; off   ; -    ; dprio_writedata[5]   ;
; REMOVE_REDUNDANT_LOGIC_CELLS ; off   ; -    ; dprio_writedata[5]   ;
; IGNORE_LCELL_BUFFERS         ; off   ; -    ; dprio_writedata[4]   ;
; REMOVE_REDUNDANT_LOGIC_CELLS ; off   ; -    ; dprio_writedata[4]   ;
; IGNORE_LCELL_BUFFERS         ; off   ; -    ; dprio_writedata[3]   ;
; REMOVE_REDUNDANT_LOGIC_CELLS ; off   ; -    ; dprio_writedata[3]   ;
; IGNORE_LCELL_BUFFERS         ; off   ; -    ; dprio_writedata[2]   ;
; REMOVE_REDUNDANT_LOGIC_CELLS ; off   ; -    ; dprio_writedata[2]   ;
; IGNORE_LCELL_BUFFERS         ; off   ; -    ; dprio_writedata[1]   ;
; REMOVE_REDUNDANT_LOGIC_CELLS ; off   ; -    ; dprio_writedata[1]   ;
; IGNORE_LCELL_BUFFERS         ; off   ; -    ; dprio_writedata[0]   ;
; REMOVE_REDUNDANT_LOGIC_CELLS ; off   ; -    ; dprio_writedata[0]   ;
; IGNORE_LCELL_BUFFERS         ; off   ; -    ; dprio_mdio_dis       ;
; REMOVE_REDUNDANT_LOGIC_CELLS ; off   ; -    ; dprio_mdio_dis       ;
; IGNORE_LCELL_BUFFERS         ; off   ; -    ; dprio_ser_shift_load ;
; REMOVE_REDUNDANT_LOGIC_CELLS ; off   ; -    ; dprio_ser_shift_load ;
; IGNORE_LCELL_BUFFERS         ; off   ; -    ; dprio_atpgmode       ;
; REMOVE_REDUNDANT_LOGIC_CELLS ; off   ; -    ; dprio_atpgmode       ;
; IGNORE_LCELL_BUFFERS         ; off   ; -    ; dprio_scanen         ;
; REMOVE_REDUNDANT_LOGIC_CELLS ; off   ; -    ; dprio_scanen         ;
; IGNORE_LCELL_BUFFERS         ; off   ; -    ; phase_en             ;
; REMOVE_REDUNDANT_LOGIC_CELLS ; off   ; -    ; phase_en             ;
; IGNORE_LCELL_BUFFERS         ; off   ; -    ; up_dn                ;
; REMOVE_REDUNDANT_LOGIC_CELLS ; off   ; -    ; up_dn                ;
+------------------------------+-------+------+----------------------+


+-------------------------------------------------------------------------------------------------------+
; Source assignments for pll_cfg_hdmi:pll_cfg_hdmi|altera_std_synchronizer:altera_std_synchronizer_inst ;
+-----------------------------+------------------------+------+-----------------------------------------+
; Assignment                  ; Value                  ; From ; To                                      ;
+-----------------------------+------------------------+------+-----------------------------------------+
; ADV_NETLIST_OPT_ALLOWED     ; NEVER_ALLOW            ; -    ; dreg[0]                                 ;
; SYNCHRONIZER_IDENTIFICATION ; FORCED_IF_ASYNCHRONOUS ; -    ; dreg[0]                                 ;
; DONT_MERGE_REGISTER         ; ON                     ; -    ; dreg[0]                                 ;
; PRESERVE_REGISTER           ; ON                     ; -    ; dreg[0]                                 ;
; ADV_NETLIST_OPT_ALLOWED     ; NEVER_ALLOW            ; -    ; din_s1                                  ;
; SYNCHRONIZER_IDENTIFICATION ; FORCED_IF_ASYNCHRONOUS ; -    ; din_s1                                  ;
; DONT_MERGE_REGISTER         ; ON                     ; -    ; din_s1                                  ;
; PRESERVE_REGISTER           ; ON                     ; -    ; din_s1                                  ;
; ADV_NETLIST_OPT_ALLOWED     ; NEVER_ALLOW            ; -    ; dreg[1]                                 ;
; SYNCHRONIZER_IDENTIFICATION ; FORCED_IF_ASYNCHRONOUS ; -    ; dreg[1]                                 ;
; DONT_MERGE_REGISTER         ; ON                     ; -    ; dreg[1]                                 ;
; PRESERVE_REGISTER           ; ON                     ; -    ; dreg[1]                                 ;
+-----------------------------+------------------------+------+-----------------------------------------+


+---------------------------------------------------------------------------------------+
; Source assignments for pll_cfg_hdmi:pll_cfg_hdmi|dyn_phase_shift:dyn_phase_shift_inst ;
+------------------------------+-------+------+-----------------------------------------+
; Assignment                   ; Value ; From ; To                                      ;
+------------------------------+-------+------+-----------------------------------------+
; IGNORE_LCELL_BUFFERS         ; off   ; -    ; gnd                                     ;
; REMOVE_REDUNDANT_LOGIC_CELLS ; off   ; -    ; gnd                                     ;
+------------------------------+-------+------+-----------------------------------------+


+---------------------------------------------------------------------------------------+
; Source assignments for pll_cfg_hdmi:pll_cfg_hdmi|fpll_dprio_init:fpll_dprio_init_inst ;
+------------------------------+-------+------+-----------------------------------------+
; Assignment                   ; Value ; From ; To                                      ;
+------------------------------+-------+------+-----------------------------------------+
; IGNORE_LCELL_BUFFERS         ; off   ; -    ; int_atpgmode                            ;
; REMOVE_REDUNDANT_LOGIC_CELLS ; off   ; -    ; int_atpgmode                            ;
; IGNORE_LCELL_BUFFERS         ; off   ; -    ; int_scanen                              ;
; REMOVE_REDUNDANT_LOGIC_CELLS ; off   ; -    ; int_scanen                              ;
+------------------------------+-------+------+-----------------------------------------+


+---------------------------------------------------+
; Source assignments for osd:hdmi_osd               ;
+---------------------------+-------+------+--------+
; Assignment                ; Value ; From ; To     ;
+---------------------------+-------+------+--------+
; PRESERVE_REGISTER         ; on    ; -    ; ce_pix ;
; IMPLEMENT_AS_CLOCK_ENABLE ; on    ; -    ; ce_pix ;
+---------------------------+-------+------+--------+


+--------------------------------------------------------------+
; Source assignments for altddio_out:hdmiclk_ddr               ;
+-------------------------+-------------+------+---------------+
; Assignment              ; Value       ; From ; To            ;
+-------------------------+-------------+------+---------------+
; ADV_NETLIST_OPT_ALLOWED ; NEVER_ALLOW ; -    ; -             ;
; PRESERVE_REGISTER       ; ON          ; -    ; output_cell_L ;
; DDIO_OUTPUT_REGISTER    ; LOW         ; -    ; output_cell_L ;
; DDIO_OUTPUT_REGISTER    ; HIGH        ; -    ; mux           ;
+-------------------------+-------------+------+---------------+


+----------------------------------------------------------------------------+
; Source assignments for altddio_out:hdmiclk_ddr|ddio_out_b2j:auto_generated ;
+-----------------------------+---------+------+-----------------------------+
; Assignment                  ; Value   ; From ; To                          ;
+-----------------------------+---------+------+-----------------------------+
; SYNCHRONIZER_IDENTIFICATION ; OFF     ; -    ; -                           ;
; ADV_NETLIST_OPT_ALLOWED     ; DEFAULT ; -    ; -                           ;
+-----------------------------+---------+------+-----------------------------+


+--------------------------------------------------------------+
; Source assignments for altddio_out:vgaclk_ddr                ;
+-------------------------+-------------+------+---------------+
; Assignment              ; Value       ; From ; To            ;
+-------------------------+-------------+------+---------------+
; ADV_NETLIST_OPT_ALLOWED ; NEVER_ALLOW ; -    ; -             ;
; PRESERVE_REGISTER       ; ON          ; -    ; output_cell_L ;
; DDIO_OUTPUT_REGISTER    ; LOW         ; -    ; output_cell_L ;
; DDIO_OUTPUT_REGISTER    ; HIGH        ; -    ; mux           ;
+-------------------------+-------------+------+---------------+


+---------------------------------------------------------------------------+
; Source assignments for altddio_out:vgaclk_ddr|ddio_out_1oj:auto_generated ;
+-----------------------------+---------+------+----------------------------+
; Assignment                  ; Value   ; From ; To                         ;
+-----------------------------+---------+------+----------------------------+
; SYNCHRONIZER_IDENTIFICATION ; OFF     ; -    ; -                          ;
; ADV_NETLIST_OPT_ALLOWED     ; DEFAULT ; -    ; -                          ;
+-----------------------------+---------+------+----------------------------+


+---------------------------------------------------+
; Source assignments for osd:vga_osd                ;
+---------------------------+-------+------+--------+
; Assignment                ; Value ; From ; To     ;
+---------------------------+-------+------+--------+
; PRESERVE_REGISTER         ; on    ; -    ; ce_pix ;
; IMPLEMENT_AS_CLOCK_ENABLE ; on    ; -    ; ce_pix ;
+---------------------------+-------+------+--------+


+-----------------------------------------------------------------------------------------------+
; Source assignments for osd:vga_osd|altsyncram:osd_buffer_rtl_0|altsyncram_0nl1:auto_generated ;
+---------------------------------+--------------------+------+---------------------------------+
; Assignment                      ; Value              ; From ; To                              ;
+---------------------------------+--------------------+------+---------------------------------+
; OPTIMIZE_POWER_DURING_SYNTHESIS ; NORMAL_COMPILATION ; -    ; -                               ;
+---------------------------------+--------------------+------+---------------------------------+


+------------------------------------------------------------------------------------------------+
; Source assignments for osd:hdmi_osd|altsyncram:osd_buffer_rtl_0|altsyncram_i6k1:auto_generated ;
+---------------------------------+--------------------+------+----------------------------------+
; Assignment                      ; Value              ; From ; To                               ;
+---------------------------------+--------------------+------+----------------------------------+
; OPTIMIZE_POWER_DURING_SYNTHESIS ; NORMAL_COMPILATION ; -    ; -                                ;
+---------------------------------+--------------------+------+----------------------------------+


+------------------------------------------------------------------------------------------------------------+
; Source assignments for shadowmask:HDMI_shadowmask|altsyncram:mask_lut_rtl_0|altsyncram_k9j1:auto_generated ;
+---------------------------------+--------------------+------+----------------------------------------------+
; Assignment                      ; Value              ; From ; To                                           ;
+---------------------------------+--------------------+------+----------------------------------------------+
; OPTIMIZE_POWER_DURING_SYNTHESIS ; NORMAL_COMPILATION ; -    ; -                                            ;
+---------------------------------+--------------------+------+----------------------------------------------+


+--------------------------------------------------------------------------------------------+
; Source assignments for ascal:ascal|altsyncram:o_dpram_rtl_0|altsyncram_32k1:auto_generated ;
+---------------------------------+--------------------+------+------------------------------+
; Assignment                      ; Value              ; From ; To                           ;
+---------------------------------+--------------------+------+------------------------------+
; OPTIMIZE_POWER_DURING_SYNTHESIS ; NORMAL_COMPILATION ; -    ; -                            ;
+---------------------------------+--------------------+------+------------------------------+


+----------------------------------------------------------------------------------------------------------------------------+
; Source assignments for yc_out:yc_out|altshift_taps:luma_d0_rtl_0|shift_taps_gtu:auto_generated|altsyncram_ro91:altsyncram5 ;
+---------------------------------+--------------------+------+--------------------------------------------------------------+
; Assignment                      ; Value              ; From ; To                                                           ;
+---------------------------------+--------------------+------+--------------------------------------------------------------+
; OPTIMIZE_POWER_DURING_SYNTHESIS ; NORMAL_COMPILATION ; -    ; -                                                            ;
+---------------------------------+--------------------+------+--------------------------------------------------------------+


+-------------------------------------------------------------------------------------------------------------------------------------+
; Source assignments for shadowmask:HDMI_shadowmask|altshift_taps:vid_rtl_0|shift_taps_0vu:auto_generated|altsyncram_pr91:altsyncram4 ;
+---------------------------------+--------------------+------+-----------------------------------------------------------------------+
; Assignment                      ; Value              ; From ; To                                                                    ;
+---------------------------------+--------------------+------+-----------------------------------------------------------------------+
; OPTIMIZE_POWER_DURING_SYNTHESIS ; NORMAL_COMPILATION ; -    ; -                                                                     ;
+---------------------------------+--------------------+------+-----------------------------------------------------------------------+


+------------------------------------------------------------------------------------------------------------+
; Source assignments for altshift_taps:dv_d1_rtl_0|shift_taps_ruu:auto_generated|altsyncram_fr91:altsyncram4 ;
+---------------------------------+--------------------+------+----------------------------------------------+
; Assignment                      ; Value              ; From ; To                                           ;
+---------------------------------+--------------------+------+----------------------------------------------+
; OPTIMIZE_POWER_DURING_SYNTHESIS ; NORMAL_COMPILATION ; -    ; -                                            ;
+---------------------------------+--------------------+------+----------------------------------------------+


+--------------------------------------------------------------------------------------------+
; Source assignments for ascal:ascal|altsyncram:i_dpram_rtl_0|altsyncram_g9j1:auto_generated ;
+---------------------------------+--------------------+------+------------------------------+
; Assignment                      ; Value              ; From ; To                           ;
+---------------------------------+--------------------+------+------------------------------+
; OPTIMIZE_POWER_DURING_SYNTHESIS ; NORMAL_COMPILATION ; -    ; -                            ;
+---------------------------------+--------------------+------+------------------------------+


+-------------------------------------------------------------------------------------------------+
; Source assignments for ascal:ascal|altsyncram:o_v_poly_mem_rtl_0|altsyncram_o9j1:auto_generated ;
+---------------------------------+--------------------+------+-----------------------------------+
; Assignment                      ; Value              ; From ; To                                ;
+---------------------------------+--------------------+------+-----------------------------------+
; OPTIMIZE_POWER_DURING_SYNTHESIS ; NORMAL_COMPILATION ; -    ; -                                 ;
+---------------------------------+--------------------+------+-----------------------------------+


+-------------------------------------------------------------------------------------------------+
; Source assignments for ascal:ascal|altsyncram:o_h_poly_mem_rtl_0|altsyncram_o9j1:auto_generated ;
+---------------------------------+--------------------+------+-----------------------------------+
; Assignment                      ; Value              ; From ; To                                ;
+---------------------------------+--------------------+------+-----------------------------------+
; OPTIMIZE_POWER_DURING_SYNTHESIS ; NORMAL_COMPILATION ; -    ; -                                 ;
+---------------------------------+--------------------+------+-----------------------------------+


+-------------------------------------------------------------------------------------------------+
; Source assignments for ascal:ascal|altsyncram:o_a_poly_mem_rtl_0|altsyncram_o9j1:auto_generated ;
+---------------------------------+--------------------+------+-----------------------------------+
; Assignment                      ; Value              ; From ; To                                ;
+---------------------------------+--------------------+------+-----------------------------------+
; OPTIMIZE_POWER_DURING_SYNTHESIS ; NORMAL_COMPILATION ; -    ; -                                 ;
+---------------------------------+--------------------+------+-----------------------------------+


+---------------------------------------------------------------------------------------------+
; Source assignments for ascal:ascal|altsyncram:pal1_mem_rtl_0|altsyncram_2aj1:auto_generated ;
+---------------------------------+--------------------+------+-------------------------------+
; Assignment                      ; Value              ; From ; To                            ;
+---------------------------------+--------------------+------+-------------------------------+
; OPTIMIZE_POWER_DURING_SYNTHESIS ; NORMAL_COMPILATION ; -    ; -                             ;
+---------------------------------+--------------------+------+-------------------------------+


+----------------------------------------------------------------------------------------------------------------------------------+
; Source assignments for vga_out:vga_scaler_out|altshift_taps:din1_rtl_0|shift_taps_quu:auto_generated|altsyncram_dr91:altsyncram4 ;
+---------------------------------+--------------------+------+--------------------------------------------------------------------+
; Assignment                      ; Value              ; From ; To                                                                 ;
+---------------------------------+--------------------+------+--------------------------------------------------------------------+
; OPTIMIZE_POWER_DURING_SYNTHESIS ; NORMAL_COMPILATION ; -    ; -                                                                  ;
+---------------------------------+--------------------+------+--------------------------------------------------------------------+


+------------------------------------------------------------------------------------------------------------------------------------+
; Source assignments for ascal:ascal|altshift_taps:o_vpix_inner[2].r_rtl_0|shift_taps_agv:auto_generated|altsyncram_jr91:altsyncram4 ;
+---------------------------------+--------------------+------+----------------------------------------------------------------------+
; Assignment                      ; Value              ; From ; To                                                                   ;
+---------------------------------+--------------------+------+----------------------------------------------------------------------+
; OPTIMIZE_POWER_DURING_SYNTHESIS ; NORMAL_COMPILATION ; -    ; -                                                                    ;
+---------------------------------+--------------------+------+----------------------------------------------------------------------+


+------------------------------------------------------------------------+
; Parameter Settings for User Entity Instance: mcp23009:mcp23009|i2c:i2c ;
+----------------+----------+--------------------------------------------+
; Parameter Name ; Value    ; Type                                       ;
+----------------+----------+--------------------------------------------+
; CLK_Freq       ; 50000000 ; Signed Integer                             ;
; I2C_Freq       ; 500000   ; Signed Integer                             ;
+----------------+----------+--------------------------------------------+
Note: In order to hide this table in the UI and the text report file, please set the "Show Parameter Settings in Synthesis Report" option in "Analysis and Synthesis Settings -> More Settings" to "Off".


+----------------------------------------------------------------------------------------------------------------------+
; Parameter Settings for User Entity Instance: sysmem_lite:sysmem|f2sdram_safe_terminator:f2sdram_safe_terminator_ram1 ;
+------------------+-------+-------------------------------------------------------------------------------------------+
; Parameter Name   ; Value ; Type                                                                                      ;
+------------------+-------+-------------------------------------------------------------------------------------------+
; DATA_WIDTH       ; 64    ; Signed Integer                                                                            ;
; BURSTCOUNT_WIDTH ; 8     ; Signed Integer                                                                            ;
+------------------+-------+-------------------------------------------------------------------------------------------+
Note: In order to hide this table in the UI and the text report file, please set the "Show Parameter Settings in Synthesis Report" option in "Analysis and Synthesis Settings -> More Settings" to "Off".


+----------------------------------------------------------------------------------------------------------------------+
; Parameter Settings for User Entity Instance: sysmem_lite:sysmem|f2sdram_safe_terminator:f2sdram_safe_terminator_ram2 ;
+------------------+-------+-------------------------------------------------------------------------------------------+
; Parameter Name   ; Value ; Type                                                                                      ;
+------------------+-------+-------------------------------------------------------------------------------------------+
; DATA_WIDTH       ; 64    ; Signed Integer                                                                            ;
; BURSTCOUNT_WIDTH ; 8     ; Signed Integer                                                                            ;
+------------------+-------+-------------------------------------------------------------------------------------------+
Note: In order to hide this table in the UI and the text report file, please set the "Show Parameter Settings in Synthesis Report" option in "Analysis and Synthesis Settings -> More Settings" to "Off".


+----------------------------------------------------------------------------------------------------------------------+
; Parameter Settings for User Entity Instance: sysmem_lite:sysmem|f2sdram_safe_terminator:f2sdram_safe_terminator_vbuf ;
+------------------+-------+-------------------------------------------------------------------------------------------+
; Parameter Name   ; Value ; Type                                                                                      ;
+------------------+-------+-------------------------------------------------------------------------------------------+
; DATA_WIDTH       ; 128   ; Signed Integer                                                                            ;
; BURSTCOUNT_WIDTH ; 8     ; Signed Integer                                                                            ;
+------------------+-------+-------------------------------------------------------------------------------------------+
Note: In order to hide this table in the UI and the text report file, please set the "Show Parameter Settings in Synthesis Report" option in "Analysis and Synthesis Settings -> More Settings" to "Off".


+---------------------------------------------------------------------+
; Parameter Settings for User Entity Instance: ascal:ascal            ;
+----------------+----------------------------------+-----------------+
; Parameter Name ; Value                            ; Type            ;
+----------------+----------------------------------+-----------------+
; MASK           ; 11111111                         ; Unsigned Binary ;
; rambase        ; 00100000000000000000000000000000 ; Unsigned Binary ;
; ramsize        ; 00000000100000000000000000000000 ; Unsigned Binary ;
; INTER          ; true                             ; Enumerated      ;
; HEADER         ; true                             ; Enumerated      ;
; DOWNSCALE      ; true                             ; Enumerated      ;
; BYTESWAP       ; true                             ; Enumerated      ;
; PALETTE        ; true                             ; Enumerated      ;
; palette2       ; false                            ; String          ;
; ADAPTIVE       ; true                             ; Enumerated      ;
; DOWNSCALE_NN   ; false                            ; Enumerated      ;
; frac           ; 8                                ; Signed Integer  ;
; OHRES          ; 2304                             ; Signed Integer  ;
; IHRES          ; 2048                             ; Signed Integer  ;
; n_dw           ; 128                              ; Signed Integer  ;
; n_aw           ; 28                               ; Signed Integer  ;
; N_BURST        ; 256                              ; Signed Integer  ;
+----------------+----------------------------------+-----------------+
Note: In order to hide this table in the UI and the text report file, please set the "Show Parameter Settings in Synthesis Report" option in "Analysis and Synthesis Settings -> More Settings" to "Off".


+--------------------------------------------------------------------------------------+
; Parameter Settings for User Entity Instance: ascal:ascal|altsyncram:i_mem[0].r[7]__1 ;
+------------------------------------+----------------------+--------------------------+
; Parameter Name                     ; Value                ; Type                     ;
+------------------------------------+----------------------+--------------------------+
; BYTE_SIZE_BLOCK                    ; 8                    ; Untyped                  ;
; AUTO_CARRY_CHAINS                  ; ON                   ; AUTO_CARRY               ;
; IGNORE_CARRY_BUFFERS               ; OFF                  ; IGNORE_CARRY             ;
; AUTO_CASCADE_CHAINS                ; ON                   ; AUTO_CASCADE             ;
; IGNORE_CASCADE_BUFFERS             ; OFF                  ; IGNORE_CASCADE           ;
; WIDTH_BYTEENA                      ; 1                    ; Untyped                  ;
; OPERATION_MODE                     ; DUAL_PORT            ; Untyped                  ;
; WIDTH_A                            ; 24                   ; Untyped                  ;
; WIDTHAD_A                          ; 11                   ; Untyped                  ;
; NUMWORDS_A                         ; 2048                 ; Untyped                  ;
; OUTDATA_REG_A                      ; UNREGISTERED         ; Untyped                  ;
; ADDRESS_ACLR_A                     ; NONE                 ; Untyped                  ;
; OUTDATA_ACLR_A                     ; NONE                 ; Untyped                  ;
; WRCONTROL_ACLR_A                   ; NONE                 ; Untyped                  ;
; INDATA_ACLR_A                      ; NONE                 ; Untyped                  ;
; BYTEENA_ACLR_A                     ; NONE                 ; Untyped                  ;
; WIDTH_B                            ; 24                   ; Untyped                  ;
; WIDTHAD_B                          ; 11                   ; Untyped                  ;
; NUMWORDS_B                         ; 2048                 ; Untyped                  ;
; INDATA_REG_B                       ; CLOCK1               ; Untyped                  ;
; WRCONTROL_WRADDRESS_REG_B          ; CLOCK1               ; Untyped                  ;
; RDCONTROL_REG_B                    ; CLOCK0               ; Untyped                  ;
; ADDRESS_REG_B                      ; CLOCK0               ; Untyped                  ;
; OUTDATA_REG_B                      ; UNREGISTERED         ; Untyped                  ;
; BYTEENA_REG_B                      ; CLOCK1               ; Untyped                  ;
; INDATA_ACLR_B                      ; NONE                 ; Untyped                  ;
; WRCONTROL_ACLR_B                   ; NONE                 ; Untyped                  ;
; ADDRESS_ACLR_B                     ; NONE                 ; Untyped                  ;
; OUTDATA_ACLR_B                     ; NONE                 ; Untyped                  ;
; RDCONTROL_ACLR_B                   ; NONE                 ; Untyped                  ;
; BYTEENA_ACLR_B                     ; NONE                 ; Untyped                  ;
; WIDTH_BYTEENA_A                    ; 1                    ; Untyped                  ;
; WIDTH_BYTEENA_B                    ; 1                    ; Untyped                  ;
; RAM_BLOCK_TYPE                     ; AUTO                 ; Untyped                  ;
; BYTE_SIZE                          ; 8                    ; Untyped                  ;
; READ_DURING_WRITE_MODE_MIXED_PORTS ; OLD_DATA             ; Untyped                  ;
; READ_DURING_WRITE_MODE_PORT_A      ; NEW_DATA_NO_NBE_READ ; Untyped                  ;
; READ_DURING_WRITE_MODE_PORT_B      ; NEW_DATA_NO_NBE_READ ; Untyped                  ;
; INIT_FILE                          ; UNUSED               ; Untyped                  ;
; INIT_FILE_LAYOUT                   ; PORT_A               ; Untyped                  ;
; MAXIMUM_DEPTH                      ; 0                    ; Untyped                  ;
; CLOCK_ENABLE_INPUT_A               ; NORMAL               ; Untyped                  ;
; CLOCK_ENABLE_INPUT_B               ; NORMAL               ; Untyped                  ;
; CLOCK_ENABLE_OUTPUT_A              ; NORMAL               ; Untyped                  ;
; CLOCK_ENABLE_OUTPUT_B              ; NORMAL               ; Untyped                  ;
; CLOCK_ENABLE_CORE_A                ; USE_INPUT_CLKEN      ; Untyped                  ;
; CLOCK_ENABLE_CORE_B                ; USE_INPUT_CLKEN      ; Untyped                  ;
; ENABLE_ECC                         ; FALSE                ; Untyped                  ;
; ECC_PIPELINE_STAGE_ENABLED         ; FALSE                ; Untyped                  ;
; WIDTH_ECCSTATUS                    ; 3                    ; Untyped                  ;
; DEVICE_FAMILY                      ; Cyclone V            ; Untyped                  ;
; CBXI_PARAMETER                     ; altsyncram_89q1      ; Untyped                  ;
+------------------------------------+----------------------+--------------------------+
Note: In order to hide this table in the UI and the text report file, please set the "Show Parameter Settings in Synthesis Report" option in "Analysis and Synthesis Settings -> More Settings" to "Off".


+----------------------------------------------------------------------------------------+
; Parameter Settings for User Entity Instance: ascal:ascal|altsyncram:o_line0[0].r[7]__2 ;
+------------------------------------+----------------------+----------------------------+
; Parameter Name                     ; Value                ; Type                       ;
+------------------------------------+----------------------+----------------------------+
; BYTE_SIZE_BLOCK                    ; 8                    ; Untyped                    ;
; AUTO_CARRY_CHAINS                  ; ON                   ; AUTO_CARRY                 ;
; IGNORE_CARRY_BUFFERS               ; OFF                  ; IGNORE_CARRY               ;
; AUTO_CASCADE_CHAINS                ; ON                   ; AUTO_CASCADE               ;
; IGNORE_CASCADE_BUFFERS             ; OFF                  ; IGNORE_CASCADE             ;
; WIDTH_BYTEENA                      ; 1                    ; Untyped                    ;
; OPERATION_MODE                     ; DUAL_PORT            ; Untyped                    ;
; WIDTH_A                            ; 24                   ; Untyped                    ;
; WIDTHAD_A                          ; 11                   ; Untyped                    ;
; NUMWORDS_A                         ; 2048                 ; Untyped                    ;
; OUTDATA_REG_A                      ; UNREGISTERED         ; Untyped                    ;
; ADDRESS_ACLR_A                     ; NONE                 ; Untyped                    ;
; OUTDATA_ACLR_A                     ; NONE                 ; Untyped                    ;
; WRCONTROL_ACLR_A                   ; NONE                 ; Untyped                    ;
; INDATA_ACLR_A                      ; NONE                 ; Untyped                    ;
; BYTEENA_ACLR_A                     ; NONE                 ; Untyped                    ;
; WIDTH_B                            ; 24                   ; Untyped                    ;
; WIDTHAD_B                          ; 11                   ; Untyped                    ;
; NUMWORDS_B                         ; 2048                 ; Untyped                    ;
; INDATA_REG_B                       ; CLOCK1               ; Untyped                    ;
; WRCONTROL_WRADDRESS_REG_B          ; CLOCK1               ; Untyped                    ;
; RDCONTROL_REG_B                    ; CLOCK1               ; Untyped                    ;
; ADDRESS_REG_B                      ; CLOCK0               ; Untyped                    ;
; OUTDATA_REG_B                      ; UNREGISTERED         ; Untyped                    ;
; BYTEENA_REG_B                      ; CLOCK1               ; Untyped                    ;
; INDATA_ACLR_B                      ; NONE                 ; Untyped                    ;
; WRCONTROL_ACLR_B                   ; NONE                 ; Untyped                    ;
; ADDRESS_ACLR_B                     ; NONE                 ; Untyped                    ;
; OUTDATA_ACLR_B                     ; NONE                 ; Untyped                    ;
; RDCONTROL_ACLR_B                   ; NONE                 ; Untyped                    ;
; BYTEENA_ACLR_B                     ; NONE                 ; Untyped                    ;
; WIDTH_BYTEENA_A                    ; 1                    ; Untyped                    ;
; WIDTH_BYTEENA_B                    ; 1                    ; Untyped                    ;
; RAM_BLOCK_TYPE                     ; AUTO                 ; Untyped                    ;
; BYTE_SIZE                          ; 8                    ; Untyped                    ;
; READ_DURING_WRITE_MODE_MIXED_PORTS ; OLD_DATA             ; Untyped                    ;
; READ_DURING_WRITE_MODE_PORT_A      ; NEW_DATA_NO_NBE_READ ; Untyped                    ;
; READ_DURING_WRITE_MODE_PORT_B      ; NEW_DATA_NO_NBE_READ ; Untyped                    ;
; INIT_FILE                          ; UNUSED               ; Untyped                    ;
; INIT_FILE_LAYOUT                   ; PORT_A               ; Untyped                    ;
; MAXIMUM_DEPTH                      ; 0                    ; Untyped                    ;
; CLOCK_ENABLE_INPUT_A               ; NORMAL               ; Untyped                    ;
; CLOCK_ENABLE_INPUT_B               ; NORMAL               ; Untyped                    ;
; CLOCK_ENABLE_OUTPUT_A              ; NORMAL               ; Untyped                    ;
; CLOCK_ENABLE_OUTPUT_B              ; NORMAL               ; Untyped                    ;
; CLOCK_ENABLE_CORE_A                ; USE_INPUT_CLKEN      ; Untyped                    ;
; CLOCK_ENABLE_CORE_B                ; USE_INPUT_CLKEN      ; Untyped                    ;
; ENABLE_ECC                         ; FALSE                ; Untyped                    ;
; ECC_PIPELINE_STAGE_ENABLED         ; FALSE                ; Untyped                    ;
; WIDTH_ECCSTATUS                    ; 3                    ; Untyped                    ;
; DEVICE_FAMILY                      ; Cyclone V            ; Untyped                    ;
; CBXI_PARAMETER                     ; altsyncram_ccn1      ; Untyped                    ;
+------------------------------------+----------------------+----------------------------+
Note: In order to hide this table in the UI and the text report file, please set the "Show Parameter Settings in Synthesis Report" option in "Analysis and Synthesis Settings -> More Settings" to "Off".


+----------------------------------------------------------------------------------------+
; Parameter Settings for User Entity Instance: ascal:ascal|altsyncram:o_line1[0].r[7]__3 ;
+------------------------------------+----------------------+----------------------------+
; Parameter Name                     ; Value                ; Type                       ;
+------------------------------------+----------------------+----------------------------+
; BYTE_SIZE_BLOCK                    ; 8                    ; Untyped                    ;
; AUTO_CARRY_CHAINS                  ; ON                   ; AUTO_CARRY                 ;
; IGNORE_CARRY_BUFFERS               ; OFF                  ; IGNORE_CARRY               ;
; AUTO_CASCADE_CHAINS                ; ON                   ; AUTO_CASCADE               ;
; IGNORE_CASCADE_BUFFERS             ; OFF                  ; IGNORE_CASCADE             ;
; WIDTH_BYTEENA                      ; 1                    ; Untyped                    ;
; OPERATION_MODE                     ; DUAL_PORT            ; Untyped                    ;
; WIDTH_A                            ; 24                   ; Untyped                    ;
; WIDTHAD_A                          ; 11                   ; Untyped                    ;
; NUMWORDS_A                         ; 2048                 ; Untyped                    ;
; OUTDATA_REG_A                      ; UNREGISTERED         ; Untyped                    ;
; ADDRESS_ACLR_A                     ; NONE                 ; Untyped                    ;
; OUTDATA_ACLR_A                     ; NONE                 ; Untyped                    ;
; WRCONTROL_ACLR_A                   ; NONE                 ; Untyped                    ;
; INDATA_ACLR_A                      ; NONE                 ; Untyped                    ;
; BYTEENA_ACLR_A                     ; NONE                 ; Untyped                    ;
; WIDTH_B                            ; 24                   ; Untyped                    ;
; WIDTHAD_B                          ; 11                   ; Untyped                    ;
; NUMWORDS_B                         ; 2048                 ; Untyped                    ;
; INDATA_REG_B                       ; CLOCK1               ; Untyped                    ;
; WRCONTROL_WRADDRESS_REG_B          ; CLOCK1               ; Untyped                    ;
; RDCONTROL_REG_B                    ; CLOCK1               ; Untyped                    ;
; ADDRESS_REG_B                      ; CLOCK0               ; Untyped                    ;
; OUTDATA_REG_B                      ; UNREGISTERED         ; Untyped                    ;
; BYTEENA_REG_B                      ; CLOCK1               ; Untyped                    ;
; INDATA_ACLR_B                      ; NONE                 ; Untyped                    ;
; WRCONTROL_ACLR_B                   ; NONE                 ; Untyped                    ;
; ADDRESS_ACLR_B                     ; NONE                 ; Untyped                    ;
; OUTDATA_ACLR_B                     ; NONE                 ; Untyped                    ;
; RDCONTROL_ACLR_B                   ; NONE                 ; Untyped                    ;
; BYTEENA_ACLR_B                     ; NONE                 ; Untyped                    ;
; WIDTH_BYTEENA_A                    ; 1                    ; Untyped                    ;
; WIDTH_BYTEENA_B                    ; 1                    ; Untyped                    ;
; RAM_BLOCK_TYPE                     ; AUTO                 ; Untyped                    ;
; BYTE_SIZE                          ; 8                    ; Untyped                    ;
; READ_DURING_WRITE_MODE_MIXED_PORTS ; OLD_DATA             ; Untyped                    ;
; READ_DURING_WRITE_MODE_PORT_A      ; NEW_DATA_NO_NBE_READ ; Untyped                    ;
; READ_DURING_WRITE_MODE_PORT_B      ; NEW_DATA_NO_NBE_READ ; Untyped                    ;
; INIT_FILE                          ; UNUSED               ; Untyped                    ;
; INIT_FILE_LAYOUT                   ; PORT_A               ; Untyped                    ;
; MAXIMUM_DEPTH                      ; 0                    ; Untyped                    ;
; CLOCK_ENABLE_INPUT_A               ; NORMAL               ; Untyped                    ;
; CLOCK_ENABLE_INPUT_B               ; NORMAL               ; Untyped                    ;
; CLOCK_ENABLE_OUTPUT_A              ; NORMAL               ; Untyped                    ;
; CLOCK_ENABLE_OUTPUT_B              ; NORMAL               ; Untyped                    ;
; CLOCK_ENABLE_CORE_A                ; USE_INPUT_CLKEN      ; Untyped                    ;
; CLOCK_ENABLE_CORE_B                ; USE_INPUT_CLKEN      ; Untyped                    ;
; ENABLE_ECC                         ; FALSE                ; Untyped                    ;
; ECC_PIPELINE_STAGE_ENABLED         ; FALSE                ; Untyped                    ;
; WIDTH_ECCSTATUS                    ; 3                    ; Untyped                    ;
; DEVICE_FAMILY                      ; Cyclone V            ; Untyped                    ;
; CBXI_PARAMETER                     ; altsyncram_ccn1      ; Untyped                    ;
+------------------------------------+----------------------+----------------------------+
Note: In order to hide this table in the UI and the text report file, please set the "Show Parameter Settings in Synthesis Report" option in "Analysis and Synthesis Settings -> More Settings" to "Off".


+----------------------------------------------------------------------------------------+
; Parameter Settings for User Entity Instance: ascal:ascal|altsyncram:o_line2[0].r[7]__4 ;
+------------------------------------+----------------------+----------------------------+
; Parameter Name                     ; Value                ; Type                       ;
+------------------------------------+----------------------+----------------------------+
; BYTE_SIZE_BLOCK                    ; 8                    ; Untyped                    ;
; AUTO_CARRY_CHAINS                  ; ON                   ; AUTO_CARRY                 ;
; IGNORE_CARRY_BUFFERS               ; OFF                  ; IGNORE_CARRY               ;
; AUTO_CASCADE_CHAINS                ; ON                   ; AUTO_CASCADE               ;
; IGNORE_CASCADE_BUFFERS             ; OFF                  ; IGNORE_CASCADE             ;
; WIDTH_BYTEENA                      ; 1                    ; Untyped                    ;
; OPERATION_MODE                     ; DUAL_PORT            ; Untyped                    ;
; WIDTH_A                            ; 24                   ; Untyped                    ;
; WIDTHAD_A                          ; 11                   ; Untyped                    ;
; NUMWORDS_A                         ; 2048                 ; Untyped                    ;
; OUTDATA_REG_A                      ; UNREGISTERED         ; Untyped                    ;
; ADDRESS_ACLR_A                     ; NONE                 ; Untyped                    ;
; OUTDATA_ACLR_A                     ; NONE                 ; Untyped                    ;
; WRCONTROL_ACLR_A                   ; NONE                 ; Untyped                    ;
; INDATA_ACLR_A                      ; NONE                 ; Untyped                    ;
; BYTEENA_ACLR_A                     ; NONE                 ; Untyped                    ;
; WIDTH_B                            ; 24                   ; Untyped                    ;
; WIDTHAD_B                          ; 11                   ; Untyped                    ;
; NUMWORDS_B                         ; 2048                 ; Untyped                    ;
; INDATA_REG_B                       ; CLOCK1               ; Untyped                    ;
; WRCONTROL_WRADDRESS_REG_B          ; CLOCK1               ; Untyped                    ;
; RDCONTROL_REG_B                    ; CLOCK1               ; Untyped                    ;
; ADDRESS_REG_B                      ; CLOCK0               ; Untyped                    ;
; OUTDATA_REG_B                      ; UNREGISTERED         ; Untyped                    ;
; BYTEENA_REG_B                      ; CLOCK1               ; Untyped                    ;
; INDATA_ACLR_B                      ; NONE                 ; Untyped                    ;
; WRCONTROL_ACLR_B                   ; NONE                 ; Untyped                    ;
; ADDRESS_ACLR_B                     ; NONE                 ; Untyped                    ;
; OUTDATA_ACLR_B                     ; NONE                 ; Untyped                    ;
; RDCONTROL_ACLR_B                   ; NONE                 ; Untyped                    ;
; BYTEENA_ACLR_B                     ; NONE                 ; Untyped                    ;
; WIDTH_BYTEENA_A                    ; 1                    ; Untyped                    ;
; WIDTH_BYTEENA_B                    ; 1                    ; Untyped                    ;
; RAM_BLOCK_TYPE                     ; AUTO                 ; Untyped                    ;
; BYTE_SIZE                          ; 8                    ; Untyped                    ;
; READ_DURING_WRITE_MODE_MIXED_PORTS ; OLD_DATA             ; Untyped                    ;
; READ_DURING_WRITE_MODE_PORT_A      ; NEW_DATA_NO_NBE_READ ; Untyped                    ;
; READ_DURING_WRITE_MODE_PORT_B      ; NEW_DATA_NO_NBE_READ ; Untyped                    ;
; INIT_FILE                          ; UNUSED               ; Untyped                    ;
; INIT_FILE_LAYOUT                   ; PORT_A               ; Untyped                    ;
; MAXIMUM_DEPTH                      ; 0                    ; Untyped                    ;
; CLOCK_ENABLE_INPUT_A               ; NORMAL               ; Untyped                    ;
; CLOCK_ENABLE_INPUT_B               ; NORMAL               ; Untyped                    ;
; CLOCK_ENABLE_OUTPUT_A              ; NORMAL               ; Untyped                    ;
; CLOCK_ENABLE_OUTPUT_B              ; NORMAL               ; Untyped                    ;
; CLOCK_ENABLE_CORE_A                ; USE_INPUT_CLKEN      ; Untyped                    ;
; CLOCK_ENABLE_CORE_B                ; USE_INPUT_CLKEN      ; Untyped                    ;
; ENABLE_ECC                         ; FALSE                ; Untyped                    ;
; ECC_PIPELINE_STAGE_ENABLED         ; FALSE                ; Untyped                    ;
; WIDTH_ECCSTATUS                    ; 3                    ; Untyped                    ;
; DEVICE_FAMILY                      ; Cyclone V            ; Untyped                    ;
; CBXI_PARAMETER                     ; altsyncram_ccn1      ; Untyped                    ;
+------------------------------------+----------------------+----------------------------+
Note: In order to hide this table in the UI and the text report file, please set the "Show Parameter Settings in Synthesis Report" option in "Analysis and Synthesis Settings -> More Settings" to "Off".


+----------------------------------------------------------------------------------------+
; Parameter Settings for User Entity Instance: ascal:ascal|altsyncram:o_line3[0].r[7]__5 ;
+------------------------------------+----------------------+----------------------------+
; Parameter Name                     ; Value                ; Type                       ;
+------------------------------------+----------------------+----------------------------+
; BYTE_SIZE_BLOCK                    ; 8                    ; Untyped                    ;
; AUTO_CARRY_CHAINS                  ; ON                   ; AUTO_CARRY                 ;
; IGNORE_CARRY_BUFFERS               ; OFF                  ; IGNORE_CARRY               ;
; AUTO_CASCADE_CHAINS                ; ON                   ; AUTO_CASCADE               ;
; IGNORE_CASCADE_BUFFERS             ; OFF                  ; IGNORE_CASCADE             ;
; WIDTH_BYTEENA                      ; 1                    ; Untyped                    ;
; OPERATION_MODE                     ; DUAL_PORT            ; Untyped                    ;
; WIDTH_A                            ; 24                   ; Untyped                    ;
; WIDTHAD_A                          ; 11                   ; Untyped                    ;
; NUMWORDS_A                         ; 2048                 ; Untyped                    ;
; OUTDATA_REG_A                      ; UNREGISTERED         ; Untyped                    ;
; ADDRESS_ACLR_A                     ; NONE                 ; Untyped                    ;
; OUTDATA_ACLR_A                     ; NONE                 ; Untyped                    ;
; WRCONTROL_ACLR_A                   ; NONE                 ; Untyped                    ;
; INDATA_ACLR_A                      ; NONE                 ; Untyped                    ;
; BYTEENA_ACLR_A                     ; NONE                 ; Untyped                    ;
; WIDTH_B                            ; 24                   ; Untyped                    ;
; WIDTHAD_B                          ; 11                   ; Untyped                    ;
; NUMWORDS_B                         ; 2048                 ; Untyped                    ;
; INDATA_REG_B                       ; CLOCK1               ; Untyped                    ;
; WRCONTROL_WRADDRESS_REG_B          ; CLOCK1               ; Untyped                    ;
; RDCONTROL_REG_B                    ; CLOCK1               ; Untyped                    ;
; ADDRESS_REG_B                      ; CLOCK0               ; Untyped                    ;
; OUTDATA_REG_B                      ; UNREGISTERED         ; Untyped                    ;
; BYTEENA_REG_B                      ; CLOCK1               ; Untyped                    ;
; INDATA_ACLR_B                      ; NONE                 ; Untyped                    ;
; WRCONTROL_ACLR_B                   ; NONE                 ; Untyped                    ;
; ADDRESS_ACLR_B                     ; NONE                 ; Untyped                    ;
; OUTDATA_ACLR_B                     ; NONE                 ; Untyped                    ;
; RDCONTROL_ACLR_B                   ; NONE                 ; Untyped                    ;
; BYTEENA_ACLR_B                     ; NONE                 ; Untyped                    ;
; WIDTH_BYTEENA_A                    ; 1                    ; Untyped                    ;
; WIDTH_BYTEENA_B                    ; 1                    ; Untyped                    ;
; RAM_BLOCK_TYPE                     ; AUTO                 ; Untyped                    ;
; BYTE_SIZE                          ; 8                    ; Untyped                    ;
; READ_DURING_WRITE_MODE_MIXED_PORTS ; OLD_DATA             ; Untyped                    ;
; READ_DURING_WRITE_MODE_PORT_A      ; NEW_DATA_NO_NBE_READ ; Untyped                    ;
; READ_DURING_WRITE_MODE_PORT_B      ; NEW_DATA_NO_NBE_READ ; Untyped                    ;
; INIT_FILE                          ; UNUSED               ; Untyped                    ;
; INIT_FILE_LAYOUT                   ; PORT_A               ; Untyped                    ;
; MAXIMUM_DEPTH                      ; 0                    ; Untyped                    ;
; CLOCK_ENABLE_INPUT_A               ; NORMAL               ; Untyped                    ;
; CLOCK_ENABLE_INPUT_B               ; NORMAL               ; Untyped                    ;
; CLOCK_ENABLE_OUTPUT_A              ; NORMAL               ; Untyped                    ;
; CLOCK_ENABLE_OUTPUT_B              ; NORMAL               ; Untyped                    ;
; CLOCK_ENABLE_CORE_A                ; USE_INPUT_CLKEN      ; Untyped                    ;
; CLOCK_ENABLE_CORE_B                ; USE_INPUT_CLKEN      ; Untyped                    ;
; ENABLE_ECC                         ; FALSE                ; Untyped                    ;
; ECC_PIPELINE_STAGE_ENABLED         ; FALSE                ; Untyped                    ;
; WIDTH_ECCSTATUS                    ; 3                    ; Untyped                    ;
; DEVICE_FAMILY                      ; Cyclone V            ; Untyped                    ;
; CBXI_PARAMETER                     ; altsyncram_ccn1      ; Untyped                    ;
+------------------------------------+----------------------+----------------------------+
Note: In order to hide this table in the UI and the text report file, please set the "Show Parameter Settings in Synthesis Report" option in "Analysis and Synthesis Settings -> More Settings" to "Off".


+----------------------------------------------------------------------------------------+
; Parameter Settings for User Entity Instance: ascal:ascal|altsyncram:o_linf0[0].r[7]__6 ;
+------------------------------------+----------------------+----------------------------+
; Parameter Name                     ; Value                ; Type                       ;
+------------------------------------+----------------------+----------------------------+
; BYTE_SIZE_BLOCK                    ; 8                    ; Untyped                    ;
; AUTO_CARRY_CHAINS                  ; ON                   ; AUTO_CARRY                 ;
; IGNORE_CARRY_BUFFERS               ; OFF                  ; IGNORE_CARRY               ;
; AUTO_CASCADE_CHAINS                ; ON                   ; AUTO_CASCADE               ;
; IGNORE_CASCADE_BUFFERS             ; OFF                  ; IGNORE_CASCADE             ;
; WIDTH_BYTEENA                      ; 1                    ; Untyped                    ;
; OPERATION_MODE                     ; DUAL_PORT            ; Untyped                    ;
; WIDTH_A                            ; 24                   ; Untyped                    ;
; WIDTHAD_A                          ; 8                    ; Untyped                    ;
; NUMWORDS_A                         ; 256                  ; Untyped                    ;
; OUTDATA_REG_A                      ; UNREGISTERED         ; Untyped                    ;
; ADDRESS_ACLR_A                     ; NONE                 ; Untyped                    ;
; OUTDATA_ACLR_A                     ; NONE                 ; Untyped                    ;
; WRCONTROL_ACLR_A                   ; NONE                 ; Untyped                    ;
; INDATA_ACLR_A                      ; NONE                 ; Untyped                    ;
; BYTEENA_ACLR_A                     ; NONE                 ; Untyped                    ;
; WIDTH_B                            ; 24                   ; Untyped                    ;
; WIDTHAD_B                          ; 8                    ; Untyped                    ;
; NUMWORDS_B                         ; 256                  ; Untyped                    ;
; INDATA_REG_B                       ; CLOCK1               ; Untyped                    ;
; WRCONTROL_WRADDRESS_REG_B          ; CLOCK1               ; Untyped                    ;
; RDCONTROL_REG_B                    ; CLOCK1               ; Untyped                    ;
; ADDRESS_REG_B                      ; CLOCK0               ; Untyped                    ;
; OUTDATA_REG_B                      ; UNREGISTERED         ; Untyped                    ;
; BYTEENA_REG_B                      ; CLOCK1               ; Untyped                    ;
; INDATA_ACLR_B                      ; NONE                 ; Untyped                    ;
; WRCONTROL_ACLR_B                   ; NONE                 ; Untyped                    ;
; ADDRESS_ACLR_B                     ; NONE                 ; Untyped                    ;
; OUTDATA_ACLR_B                     ; NONE                 ; Untyped                    ;
; RDCONTROL_ACLR_B                   ; NONE                 ; Untyped                    ;
; BYTEENA_ACLR_B                     ; NONE                 ; Untyped                    ;
; WIDTH_BYTEENA_A                    ; 1                    ; Untyped                    ;
; WIDTH_BYTEENA_B                    ; 1                    ; Untyped                    ;
; RAM_BLOCK_TYPE                     ; AUTO                 ; Untyped                    ;
; BYTE_SIZE                          ; 8                    ; Untyped                    ;
; READ_DURING_WRITE_MODE_MIXED_PORTS ; OLD_DATA             ; Untyped                    ;
; READ_DURING_WRITE_MODE_PORT_A      ; NEW_DATA_NO_NBE_READ ; Untyped                    ;
; READ_DURING_WRITE_MODE_PORT_B      ; NEW_DATA_NO_NBE_READ ; Untyped                    ;
; INIT_FILE                          ; UNUSED               ; Untyped                    ;
; INIT_FILE_LAYOUT                   ; PORT_A               ; Untyped                    ;
; MAXIMUM_DEPTH                      ; 0                    ; Untyped                    ;
; CLOCK_ENABLE_INPUT_A               ; NORMAL               ; Untyped                    ;
; CLOCK_ENABLE_INPUT_B               ; NORMAL               ; Untyped                    ;
; CLOCK_ENABLE_OUTPUT_A              ; NORMAL               ; Untyped                    ;
; CLOCK_ENABLE_OUTPUT_B              ; NORMAL               ; Untyped                    ;
; CLOCK_ENABLE_CORE_A                ; USE_INPUT_CLKEN      ; Untyped                    ;
; CLOCK_ENABLE_CORE_B                ; USE_INPUT_CLKEN      ; Untyped                    ;
; ENABLE_ECC                         ; FALSE                ; Untyped                    ;
; ECC_PIPELINE_STAGE_ENABLED         ; FALSE                ; Untyped                    ;
; WIDTH_ECCSTATUS                    ; 3                    ; Untyped                    ;
; DEVICE_FAMILY                      ; Cyclone V            ; Untyped                    ;
; CBXI_PARAMETER                     ; altsyncram_m6n1      ; Untyped                    ;
+------------------------------------+----------------------+----------------------------+
Note: In order to hide this table in the UI and the text report file, please set the "Show Parameter Settings in Synthesis Report" option in "Analysis and Synthesis Settings -> More Settings" to "Off".


+----------------------------------------------------------------------------------------+
; Parameter Settings for User Entity Instance: ascal:ascal|altsyncram:o_linf1[0].r[7]__7 ;
+------------------------------------+----------------------+----------------------------+
; Parameter Name                     ; Value                ; Type                       ;
+------------------------------------+----------------------+----------------------------+
; BYTE_SIZE_BLOCK                    ; 8                    ; Untyped                    ;
; AUTO_CARRY_CHAINS                  ; ON                   ; AUTO_CARRY                 ;
; IGNORE_CARRY_BUFFERS               ; OFF                  ; IGNORE_CARRY               ;
; AUTO_CASCADE_CHAINS                ; ON                   ; AUTO_CASCADE               ;
; IGNORE_CASCADE_BUFFERS             ; OFF                  ; IGNORE_CASCADE             ;
; WIDTH_BYTEENA                      ; 1                    ; Untyped                    ;
; OPERATION_MODE                     ; DUAL_PORT            ; Untyped                    ;
; WIDTH_A                            ; 24                   ; Untyped                    ;
; WIDTHAD_A                          ; 8                    ; Untyped                    ;
; NUMWORDS_A                         ; 256                  ; Untyped                    ;
; OUTDATA_REG_A                      ; UNREGISTERED         ; Untyped                    ;
; ADDRESS_ACLR_A                     ; NONE                 ; Untyped                    ;
; OUTDATA_ACLR_A                     ; NONE                 ; Untyped                    ;
; WRCONTROL_ACLR_A                   ; NONE                 ; Untyped                    ;
; INDATA_ACLR_A                      ; NONE                 ; Untyped                    ;
; BYTEENA_ACLR_A                     ; NONE                 ; Untyped                    ;
; WIDTH_B                            ; 24                   ; Untyped                    ;
; WIDTHAD_B                          ; 8                    ; Untyped                    ;
; NUMWORDS_B                         ; 256                  ; Untyped                    ;
; INDATA_REG_B                       ; CLOCK1               ; Untyped                    ;
; WRCONTROL_WRADDRESS_REG_B          ; CLOCK1               ; Untyped                    ;
; RDCONTROL_REG_B                    ; CLOCK1               ; Untyped                    ;
; ADDRESS_REG_B                      ; CLOCK0               ; Untyped                    ;
; OUTDATA_REG_B                      ; UNREGISTERED         ; Untyped                    ;
; BYTEENA_REG_B                      ; CLOCK1               ; Untyped                    ;
; INDATA_ACLR_B                      ; NONE                 ; Untyped                    ;
; WRCONTROL_ACLR_B                   ; NONE                 ; Untyped                    ;
; ADDRESS_ACLR_B                     ; NONE                 ; Untyped                    ;
; OUTDATA_ACLR_B                     ; NONE                 ; Untyped                    ;
; RDCONTROL_ACLR_B                   ; NONE                 ; Untyped                    ;
; BYTEENA_ACLR_B                     ; NONE                 ; Untyped                    ;
; WIDTH_BYTEENA_A                    ; 1                    ; Untyped                    ;
; WIDTH_BYTEENA_B                    ; 1                    ; Untyped                    ;
; RAM_BLOCK_TYPE                     ; AUTO                 ; Untyped                    ;
; BYTE_SIZE                          ; 8                    ; Untyped                    ;
; READ_DURING_WRITE_MODE_MIXED_PORTS ; OLD_DATA             ; Untyped                    ;
; READ_DURING_WRITE_MODE_PORT_A      ; NEW_DATA_NO_NBE_READ ; Untyped                    ;
; READ_DURING_WRITE_MODE_PORT_B      ; NEW_DATA_NO_NBE_READ ; Untyped                    ;
; INIT_FILE                          ; UNUSED               ; Untyped                    ;
; INIT_FILE_LAYOUT                   ; PORT_A               ; Untyped                    ;
; MAXIMUM_DEPTH                      ; 0                    ; Untyped                    ;
; CLOCK_ENABLE_INPUT_A               ; NORMAL               ; Untyped                    ;
; CLOCK_ENABLE_INPUT_B               ; NORMAL               ; Untyped                    ;
; CLOCK_ENABLE_OUTPUT_A              ; NORMAL               ; Untyped                    ;
; CLOCK_ENABLE_OUTPUT_B              ; NORMAL               ; Untyped                    ;
; CLOCK_ENABLE_CORE_A                ; USE_INPUT_CLKEN      ; Untyped                    ;
; CLOCK_ENABLE_CORE_B                ; USE_INPUT_CLKEN      ; Untyped                    ;
; ENABLE_ECC                         ; FALSE                ; Untyped                    ;
; ECC_PIPELINE_STAGE_ENABLED         ; FALSE                ; Untyped                    ;
; WIDTH_ECCSTATUS                    ; 3                    ; Untyped                    ;
; DEVICE_FAMILY                      ; Cyclone V            ; Untyped                    ;
; CBXI_PARAMETER                     ; altsyncram_m6n1      ; Untyped                    ;
+------------------------------------+----------------------+----------------------------+
Note: In order to hide this table in the UI and the text report file, please set the "Show Parameter Settings in Synthesis Report" option in "Analysis and Synthesis Settings -> More Settings" to "Off".


+----------------------------------------------------------------------------------------+
; Parameter Settings for User Entity Instance: ascal:ascal|altsyncram:o_linf2[0].r[7]__8 ;
+------------------------------------+----------------------+----------------------------+
; Parameter Name                     ; Value                ; Type                       ;
+------------------------------------+----------------------+----------------------------+
; BYTE_SIZE_BLOCK                    ; 8                    ; Untyped                    ;
; AUTO_CARRY_CHAINS                  ; ON                   ; AUTO_CARRY                 ;
; IGNORE_CARRY_BUFFERS               ; OFF                  ; IGNORE_CARRY               ;
; AUTO_CASCADE_CHAINS                ; ON                   ; AUTO_CASCADE               ;
; IGNORE_CASCADE_BUFFERS             ; OFF                  ; IGNORE_CASCADE             ;
; WIDTH_BYTEENA                      ; 1                    ; Untyped                    ;
; OPERATION_MODE                     ; DUAL_PORT            ; Untyped                    ;
; WIDTH_A                            ; 24                   ; Untyped                    ;
; WIDTHAD_A                          ; 8                    ; Untyped                    ;
; NUMWORDS_A                         ; 256                  ; Untyped                    ;
; OUTDATA_REG_A                      ; UNREGISTERED         ; Untyped                    ;
; ADDRESS_ACLR_A                     ; NONE                 ; Untyped                    ;
; OUTDATA_ACLR_A                     ; NONE                 ; Untyped                    ;
; WRCONTROL_ACLR_A                   ; NONE                 ; Untyped                    ;
; INDATA_ACLR_A                      ; NONE                 ; Untyped                    ;
; BYTEENA_ACLR_A                     ; NONE                 ; Untyped                    ;
; WIDTH_B                            ; 24                   ; Untyped                    ;
; WIDTHAD_B                          ; 8                    ; Untyped                    ;
; NUMWORDS_B                         ; 256                  ; Untyped                    ;
; INDATA_REG_B                       ; CLOCK1               ; Untyped                    ;
; WRCONTROL_WRADDRESS_REG_B          ; CLOCK1               ; Untyped                    ;
; RDCONTROL_REG_B                    ; CLOCK1               ; Untyped                    ;
; ADDRESS_REG_B                      ; CLOCK0               ; Untyped                    ;
; OUTDATA_REG_B                      ; UNREGISTERED         ; Untyped                    ;
; BYTEENA_REG_B                      ; CLOCK1               ; Untyped                    ;
; INDATA_ACLR_B                      ; NONE                 ; Untyped                    ;
; WRCONTROL_ACLR_B                   ; NONE                 ; Untyped                    ;
; ADDRESS_ACLR_B                     ; NONE                 ; Untyped                    ;
; OUTDATA_ACLR_B                     ; NONE                 ; Untyped                    ;
; RDCONTROL_ACLR_B                   ; NONE                 ; Untyped                    ;
; BYTEENA_ACLR_B                     ; NONE                 ; Untyped                    ;
; WIDTH_BYTEENA_A                    ; 1                    ; Untyped                    ;
; WIDTH_BYTEENA_B                    ; 1                    ; Untyped                    ;
; RAM_BLOCK_TYPE                     ; AUTO                 ; Untyped                    ;
; BYTE_SIZE                          ; 8                    ; Untyped                    ;
; READ_DURING_WRITE_MODE_MIXED_PORTS ; OLD_DATA             ; Untyped                    ;
; READ_DURING_WRITE_MODE_PORT_A      ; NEW_DATA_NO_NBE_READ ; Untyped                    ;
; READ_DURING_WRITE_MODE_PORT_B      ; NEW_DATA_NO_NBE_READ ; Untyped                    ;
; INIT_FILE                          ; UNUSED               ; Untyped                    ;
; INIT_FILE_LAYOUT                   ; PORT_A               ; Untyped                    ;
; MAXIMUM_DEPTH                      ; 0                    ; Untyped                    ;
; CLOCK_ENABLE_INPUT_A               ; NORMAL               ; Untyped                    ;
; CLOCK_ENABLE_INPUT_B               ; NORMAL               ; Untyped                    ;
; CLOCK_ENABLE_OUTPUT_A              ; NORMAL               ; Untyped                    ;
; CLOCK_ENABLE_OUTPUT_B              ; NORMAL               ; Untyped                    ;
; CLOCK_ENABLE_CORE_A                ; USE_INPUT_CLKEN      ; Untyped                    ;
; CLOCK_ENABLE_CORE_B                ; USE_INPUT_CLKEN      ; Untyped                    ;
; ENABLE_ECC                         ; FALSE                ; Untyped                    ;
; ECC_PIPELINE_STAGE_ENABLED         ; FALSE                ; Untyped                    ;
; WIDTH_ECCSTATUS                    ; 3                    ; Untyped                    ;
; DEVICE_FAMILY                      ; Cyclone V            ; Untyped                    ;
; CBXI_PARAMETER                     ; altsyncram_m6n1      ; Untyped                    ;
+------------------------------------+----------------------+----------------------------+
Note: In order to hide this table in the UI and the text report file, please set the "Show Parameter Settings in Synthesis Report" option in "Analysis and Synthesis Settings -> More Settings" to "Off".


+----------------------------------------------------------------------------------------+
; Parameter Settings for User Entity Instance: ascal:ascal|altsyncram:o_linf3[0].r[7]__9 ;
+------------------------------------+----------------------+----------------------------+
; Parameter Name                     ; Value                ; Type                       ;
+------------------------------------+----------------------+----------------------------+
; BYTE_SIZE_BLOCK                    ; 8                    ; Untyped                    ;
; AUTO_CARRY_CHAINS                  ; ON                   ; AUTO_CARRY                 ;
; IGNORE_CARRY_BUFFERS               ; OFF                  ; IGNORE_CARRY               ;
; AUTO_CASCADE_CHAINS                ; ON                   ; AUTO_CASCADE               ;
; IGNORE_CASCADE_BUFFERS             ; OFF                  ; IGNORE_CASCADE             ;
; WIDTH_BYTEENA                      ; 1                    ; Untyped                    ;
; OPERATION_MODE                     ; DUAL_PORT            ; Untyped                    ;
; WIDTH_A                            ; 24                   ; Untyped                    ;
; WIDTHAD_A                          ; 8                    ; Untyped                    ;
; NUMWORDS_A                         ; 256                  ; Untyped                    ;
; OUTDATA_REG_A                      ; UNREGISTERED         ; Untyped                    ;
; ADDRESS_ACLR_A                     ; NONE                 ; Untyped                    ;
; OUTDATA_ACLR_A                     ; NONE                 ; Untyped                    ;
; WRCONTROL_ACLR_A                   ; NONE                 ; Untyped                    ;
; INDATA_ACLR_A                      ; NONE                 ; Untyped                    ;
; BYTEENA_ACLR_A                     ; NONE                 ; Untyped                    ;
; WIDTH_B                            ; 24                   ; Untyped                    ;
; WIDTHAD_B                          ; 8                    ; Untyped                    ;
; NUMWORDS_B                         ; 256                  ; Untyped                    ;
; INDATA_REG_B                       ; CLOCK1               ; Untyped                    ;
; WRCONTROL_WRADDRESS_REG_B          ; CLOCK1               ; Untyped                    ;
; RDCONTROL_REG_B                    ; CLOCK1               ; Untyped                    ;
; ADDRESS_REG_B                      ; CLOCK0               ; Untyped                    ;
; OUTDATA_REG_B                      ; UNREGISTERED         ; Untyped                    ;
; BYTEENA_REG_B                      ; CLOCK1               ; Untyped                    ;
; INDATA_ACLR_B                      ; NONE                 ; Untyped                    ;
; WRCONTROL_ACLR_B                   ; NONE                 ; Untyped                    ;
; ADDRESS_ACLR_B                     ; NONE                 ; Untyped                    ;
; OUTDATA_ACLR_B                     ; NONE                 ; Untyped                    ;
; RDCONTROL_ACLR_B                   ; NONE                 ; Untyped                    ;
; BYTEENA_ACLR_B                     ; NONE                 ; Untyped                    ;
; WIDTH_BYTEENA_A                    ; 1                    ; Untyped                    ;
; WIDTH_BYTEENA_B                    ; 1                    ; Untyped                    ;
; RAM_BLOCK_TYPE                     ; AUTO                 ; Untyped                    ;
; BYTE_SIZE                          ; 8                    ; Untyped                    ;
; READ_DURING_WRITE_MODE_MIXED_PORTS ; OLD_DATA             ; Untyped                    ;
; READ_DURING_WRITE_MODE_PORT_A      ; NEW_DATA_NO_NBE_READ ; Untyped                    ;
; READ_DURING_WRITE_MODE_PORT_B      ; NEW_DATA_NO_NBE_READ ; Untyped                    ;
; INIT_FILE                          ; UNUSED               ; Untyped                    ;
; INIT_FILE_LAYOUT                   ; PORT_A               ; Untyped                    ;
; MAXIMUM_DEPTH                      ; 0                    ; Untyped                    ;
; CLOCK_ENABLE_INPUT_A               ; NORMAL               ; Untyped                    ;
; CLOCK_ENABLE_INPUT_B               ; NORMAL               ; Untyped                    ;
; CLOCK_ENABLE_OUTPUT_A              ; NORMAL               ; Untyped                    ;
; CLOCK_ENABLE_OUTPUT_B              ; NORMAL               ; Untyped                    ;
; CLOCK_ENABLE_CORE_A                ; USE_INPUT_CLKEN      ; Untyped                    ;
; CLOCK_ENABLE_CORE_B                ; USE_INPUT_CLKEN      ; Untyped                    ;
; ENABLE_ECC                         ; FALSE                ; Untyped                    ;
; ECC_PIPELINE_STAGE_ENABLED         ; FALSE                ; Untyped                    ;
; WIDTH_ECCSTATUS                    ; 3                    ; Untyped                    ;
; DEVICE_FAMILY                      ; Cyclone V            ; Untyped                    ;
; CBXI_PARAMETER                     ; altsyncram_m6n1      ; Untyped                    ;
+------------------------------------+----------------------+----------------------------+
Note: In order to hide this table in the UI and the text report file, please set the "Show Parameter Settings in Synthesis Report" option in "Analysis and Synthesis Settings -> More Settings" to "Off".


+--------------------------------------------------------------------+
; Parameter Settings for User Entity Instance: sys_umuldiv:ar_muldiv ;
+----------------+-------+-------------------------------------------+
; Parameter Name ; Value ; Type                                      ;
+----------------+-------+-------------------------------------------+
; NB_MUL1        ; 12    ; Signed Integer                            ;
; NB_MUL2        ; 12    ; Signed Integer                            ;
; NB_DIV         ; 12    ; Signed Integer                            ;
+----------------+-------+-------------------------------------------+
Note: In order to hide this table in the UI and the text report file, please set the "Show Parameter Settings in Synthesis Report" option in "Analysis and Synthesis Settings -> More Settings" to "Off".


+----------------------------------------------------------------------------------+
; Parameter Settings for User Entity Instance: sys_umuldiv:ar_muldiv|sys_umul:umul ;
+----------------+-------+---------------------------------------------------------+
; Parameter Name ; Value ; Type                                                    ;
+----------------+-------+---------------------------------------------------------+
; NB_MUL1        ; 12    ; Signed Integer                                          ;
; NB_MUL2        ; 12    ; Signed Integer                                          ;
+----------------+-------+---------------------------------------------------------+
Note: In order to hide this table in the UI and the text report file, please set the "Show Parameter Settings in Synthesis Report" option in "Analysis and Synthesis Settings -> More Settings" to "Off".


+----------------------------------------------------------------------------------+
; Parameter Settings for User Entity Instance: sys_umuldiv:ar_muldiv|sys_udiv:udiv ;
+----------------+-------+---------------------------------------------------------+
; Parameter Name ; Value ; Type                                                    ;
+----------------+-------+---------------------------------------------------------+
; NB_NUM         ; 24    ; Signed Integer                                          ;
; NB_DIV         ; 12    ; Signed Integer                                          ;
+----------------+-------+---------------------------------------------------------+
Note: In order to hide this table in the UI and the text report file, please set the "Show Parameter Settings in Synthesis Report" option in "Analysis and Synthesis Settings -> More Settings" to "Off".


+--------------------------------------------------------------------------------------------------------------------+
; Parameter Settings for User Entity Instance: pll_hdmi:pll_hdmi|pll_hdmi_0002:pll_hdmi_inst|altera_pll:altera_pll_i ;
+--------------------------------------+------------------------+----------------------------------------------------+
; Parameter Name                       ; Value                  ; Type                                               ;
+--------------------------------------+------------------------+----------------------------------------------------+
; reference_clock_frequency            ; 50.0 MHz               ; String                                             ;
; fractional_vco_multiplier            ; true                   ; String                                             ;
; pll_type                             ; Cyclone V              ; String                                             ;
; pll_subtype                          ; Reconfigurable         ; String                                             ;
; number_of_clocks                     ; 1                      ; Signed Integer                                     ;
; operation_mode                       ; direct                 ; String                                             ;
; deserialization_factor               ; 4                      ; Signed Integer                                     ;
; data_rate                            ; 0                      ; Signed Integer                                     ;
; sim_additional_refclk_cycles_to_lock ; 0                      ; Signed Integer                                     ;
; output_clock_frequency0              ; 148.500000 MHz         ; String                                             ;
; phase_shift0                         ; 0 ps                   ; String                                             ;
; duty_cycle0                          ; 50                     ; Signed Integer                                     ;
; output_clock_frequency1              ; 0 MHz                  ; String                                             ;
; phase_shift1                         ; 0 ps                   ; String                                             ;
; duty_cycle1                          ; 50                     ; Signed Integer                                     ;
; output_clock_frequency2              ; 0 MHz                  ; String                                             ;
; phase_shift2                         ; 0 ps                   ; String                                             ;
; duty_cycle2                          ; 50                     ; Signed Integer                                     ;
; output_clock_frequency3              ; 0 MHz                  ; String                                             ;
; phase_shift3                         ; 0 ps                   ; String                                             ;
; duty_cycle3                          ; 50                     ; Signed Integer                                     ;
; output_clock_frequency4              ; 0 MHz                  ; String                                             ;
; phase_shift4                         ; 0 ps                   ; String                                             ;
; duty_cycle4                          ; 50                     ; Signed Integer                                     ;
; output_clock_frequency5              ; 0 MHz                  ; String                                             ;
; phase_shift5                         ; 0 ps                   ; String                                             ;
; duty_cycle5                          ; 50                     ; Signed Integer                                     ;
; output_clock_frequency6              ; 0 MHz                  ; String                                             ;
; phase_shift6                         ; 0 ps                   ; String                                             ;
; duty_cycle6                          ; 50                     ; Signed Integer                                     ;
; output_clock_frequency7              ; 0 MHz                  ; String                                             ;
; phase_shift7                         ; 0 ps                   ; String                                             ;
; duty_cycle7                          ; 50                     ; Signed Integer                                     ;
; output_clock_frequency8              ; 0 MHz                  ; String                                             ;
; phase_shift8                         ; 0 ps                   ; String                                             ;
; duty_cycle8                          ; 50                     ; Signed Integer                                     ;
; output_clock_frequency9              ; 0 MHz                  ; String                                             ;
; phase_shift9                         ; 0 ps                   ; String                                             ;
; duty_cycle9                          ; 50                     ; Signed Integer                                     ;
; output_clock_frequency10             ; 0 MHz                  ; String                                             ;
; phase_shift10                        ; 0 ps                   ; String                                             ;
; duty_cycle10                         ; 50                     ; Signed Integer                                     ;
; output_clock_frequency11             ; 0 MHz                  ; String                                             ;
; phase_shift11                        ; 0 ps                   ; String                                             ;
; duty_cycle11                         ; 50                     ; Signed Integer                                     ;
; output_clock_frequency12             ; 0 MHz                  ; String                                             ;
; phase_shift12                        ; 0 ps                   ; String                                             ;
; duty_cycle12                         ; 50                     ; Signed Integer                                     ;
; output_clock_frequency13             ; 0 MHz                  ; String                                             ;
; phase_shift13                        ; 0 ps                   ; String                                             ;
; duty_cycle13                         ; 50                     ; Signed Integer                                     ;
; output_clock_frequency14             ; 0 MHz                  ; String                                             ;
; phase_shift14                        ; 0 ps                   ; String                                             ;
; duty_cycle14                         ; 50                     ; Signed Integer                                     ;
; output_clock_frequency15             ; 0 MHz                  ; String                                             ;
; phase_shift15                        ; 0 ps                   ; String                                             ;
; duty_cycle15                         ; 50                     ; Signed Integer                                     ;
; output_clock_frequency16             ; 0 MHz                  ; String                                             ;
; phase_shift16                        ; 0 ps                   ; String                                             ;
; duty_cycle16                         ; 50                     ; Signed Integer                                     ;
; output_clock_frequency17             ; 0 MHz                  ; String                                             ;
; phase_shift17                        ; 0 ps                   ; String                                             ;
; duty_cycle17                         ; 50                     ; Signed Integer                                     ;
; clock_name_0                         ;                        ; String                                             ;
; clock_name_1                         ;                        ; String                                             ;
; clock_name_2                         ;                        ; String                                             ;
; clock_name_3                         ;                        ; String                                             ;
; clock_name_4                         ;                        ; String                                             ;
; clock_name_5                         ;                        ; String                                             ;
; clock_name_6                         ;                        ; String                                             ;
; clock_name_7                         ;                        ; String                                             ;
; clock_name_8                         ;                        ; String                                             ;
; clock_name_global_0                  ; false                  ; String                                             ;
; clock_name_global_1                  ; false                  ; String                                             ;
; clock_name_global_2                  ; false                  ; String                                             ;
; clock_name_global_3                  ; false                  ; String                                             ;
; clock_name_global_4                  ; false                  ; String                                             ;
; clock_name_global_5                  ; false                  ; String                                             ;
; clock_name_global_6                  ; false                  ; String                                             ;
; clock_name_global_7                  ; false                  ; String                                             ;
; clock_name_global_8                  ; false                  ; String                                             ;
; m_cnt_hi_div                         ; 4                      ; Signed Integer                                     ;
; m_cnt_lo_div                         ; 4                      ; Signed Integer                                     ;
; m_cnt_bypass_en                      ; false                  ; String                                             ;
; m_cnt_odd_div_duty_en                ; false                  ; String                                             ;
; n_cnt_hi_div                         ; 256                    ; Signed Integer                                     ;
; n_cnt_lo_div                         ; 256                    ; Signed Integer                                     ;
; n_cnt_bypass_en                      ; true                   ; String                                             ;
; n_cnt_odd_div_duty_en                ; false                  ; String                                             ;
; c_cnt_hi_div0                        ; 2                      ; Signed Integer                                     ;
; c_cnt_lo_div0                        ; 1                      ; Signed Integer                                     ;
; c_cnt_bypass_en0                     ; false                  ; String                                             ;
; c_cnt_in_src0                        ; ph_mux_clk             ; String                                             ;
; c_cnt_odd_div_duty_en0               ; true                   ; String                                             ;
; c_cnt_prst0                          ; 1                      ; Signed Integer                                     ;
; c_cnt_ph_mux_prst0                   ; 0                      ; Signed Integer                                     ;
; c_cnt_hi_div1                        ; 1                      ; Signed Integer                                     ;
; c_cnt_lo_div1                        ; 1                      ; Signed Integer                                     ;
; c_cnt_bypass_en1                     ; true                   ; String                                             ;
; c_cnt_in_src1                        ; ph_mux_clk             ; String                                             ;
; c_cnt_odd_div_duty_en1               ; false                  ; String                                             ;
; c_cnt_prst1                          ; 1                      ; Signed Integer                                     ;
; c_cnt_ph_mux_prst1                   ; 0                      ; Signed Integer                                     ;
; c_cnt_hi_div2                        ; 1                      ; Signed Integer                                     ;
; c_cnt_lo_div2                        ; 1                      ; Signed Integer                                     ;
; c_cnt_bypass_en2                     ; true                   ; String                                             ;
; c_cnt_in_src2                        ; ph_mux_clk             ; String                                             ;
; c_cnt_odd_div_duty_en2               ; false                  ; String                                             ;
; c_cnt_prst2                          ; 1                      ; Signed Integer                                     ;
; c_cnt_ph_mux_prst2                   ; 0                      ; Signed Integer                                     ;
; c_cnt_hi_div3                        ; 1                      ; Signed Integer                                     ;
; c_cnt_lo_div3                        ; 1                      ; Signed Integer                                     ;
; c_cnt_bypass_en3                     ; true                   ; String                                             ;
; c_cnt_in_src3                        ; ph_mux_clk             ; String                                             ;
; c_cnt_odd_div_duty_en3               ; false                  ; String                                             ;
; c_cnt_prst3                          ; 1                      ; Signed Integer                                     ;
; c_cnt_ph_mux_prst3                   ; 0                      ; Signed Integer                                     ;
; c_cnt_hi_div4                        ; 1                      ; Signed Integer                                     ;
; c_cnt_lo_div4                        ; 1                      ; Signed Integer                                     ;
; c_cnt_bypass_en4                     ; true                   ; String                                             ;
; c_cnt_in_src4                        ; ph_mux_clk             ; String                                             ;
; c_cnt_odd_div_duty_en4               ; false                  ; String                                             ;
; c_cnt_prst4                          ; 1                      ; Signed Integer                                     ;
; c_cnt_ph_mux_prst4                   ; 0                      ; Signed Integer                                     ;
; c_cnt_hi_div5                        ; 1                      ; Signed Integer                                     ;
; c_cnt_lo_div5                        ; 1                      ; Signed Integer                                     ;
; c_cnt_bypass_en5                     ; true                   ; String                                             ;
; c_cnt_in_src5                        ; ph_mux_clk             ; String                                             ;
; c_cnt_odd_div_duty_en5               ; false                  ; String                                             ;
; c_cnt_prst5                          ; 1                      ; Signed Integer                                     ;
; c_cnt_ph_mux_prst5                   ; 0                      ; Signed Integer                                     ;
; c_cnt_hi_div6                        ; 1                      ; Signed Integer                                     ;
; c_cnt_lo_div6                        ; 1                      ; Signed Integer                                     ;
; c_cnt_bypass_en6                     ; true                   ; String                                             ;
; c_cnt_in_src6                        ; ph_mux_clk             ; String                                             ;
; c_cnt_odd_div_duty_en6               ; false                  ; String                                             ;
; c_cnt_prst6                          ; 1                      ; Signed Integer                                     ;
; c_cnt_ph_mux_prst6                   ; 0                      ; Signed Integer                                     ;
; c_cnt_hi_div7                        ; 1                      ; Signed Integer                                     ;
; c_cnt_lo_div7                        ; 1                      ; Signed Integer                                     ;
; c_cnt_bypass_en7                     ; true                   ; String                                             ;
; c_cnt_in_src7                        ; ph_mux_clk             ; String                                             ;
; c_cnt_odd_div_duty_en7               ; false                  ; String                                             ;
; c_cnt_prst7                          ; 1                      ; Signed Integer                                     ;
; c_cnt_ph_mux_prst7                   ; 0                      ; Signed Integer                                     ;
; c_cnt_hi_div8                        ; 1                      ; Signed Integer                                     ;
; c_cnt_lo_div8                        ; 1                      ; Signed Integer                                     ;
; c_cnt_bypass_en8                     ; true                   ; String                                             ;
; c_cnt_in_src8                        ; ph_mux_clk             ; String                                             ;
; c_cnt_odd_div_duty_en8               ; false                  ; String                                             ;
; c_cnt_prst8                          ; 1                      ; Signed Integer                                     ;
; c_cnt_ph_mux_prst8                   ; 0                      ; Signed Integer                                     ;
; c_cnt_hi_div9                        ; 1                      ; Signed Integer                                     ;
; c_cnt_lo_div9                        ; 1                      ; Signed Integer                                     ;
; c_cnt_bypass_en9                     ; true                   ; String                                             ;
; c_cnt_in_src9                        ; ph_mux_clk             ; String                                             ;
; c_cnt_odd_div_duty_en9               ; false                  ; String                                             ;
; c_cnt_prst9                          ; 1                      ; Signed Integer                                     ;
; c_cnt_ph_mux_prst9                   ; 0                      ; Signed Integer                                     ;
; c_cnt_hi_div10                       ; 1                      ; Signed Integer                                     ;
; c_cnt_lo_div10                       ; 1                      ; Signed Integer                                     ;
; c_cnt_bypass_en10                    ; true                   ; String                                             ;
; c_cnt_in_src10                       ; ph_mux_clk             ; String                                             ;
; c_cnt_odd_div_duty_en10              ; false                  ; String                                             ;
; c_cnt_prst10                         ; 1                      ; Signed Integer                                     ;
; c_cnt_ph_mux_prst10                  ; 0                      ; Signed Integer                                     ;
; c_cnt_hi_div11                       ; 1                      ; Signed Integer                                     ;
; c_cnt_lo_div11                       ; 1                      ; Signed Integer                                     ;
; c_cnt_bypass_en11                    ; true                   ; String                                             ;
; c_cnt_in_src11                       ; ph_mux_clk             ; String                                             ;
; c_cnt_odd_div_duty_en11              ; false                  ; String                                             ;
; c_cnt_prst11                         ; 1                      ; Signed Integer                                     ;
; c_cnt_ph_mux_prst11                  ; 0                      ; Signed Integer                                     ;
; c_cnt_hi_div12                       ; 1                      ; Signed Integer                                     ;
; c_cnt_lo_div12                       ; 1                      ; Signed Integer                                     ;
; c_cnt_bypass_en12                    ; true                   ; String                                             ;
; c_cnt_in_src12                       ; ph_mux_clk             ; String                                             ;
; c_cnt_odd_div_duty_en12              ; false                  ; String                                             ;
; c_cnt_prst12                         ; 1                      ; Signed Integer                                     ;
; c_cnt_ph_mux_prst12                  ; 0                      ; Signed Integer                                     ;
; c_cnt_hi_div13                       ; 1                      ; Signed Integer                                     ;
; c_cnt_lo_div13                       ; 1                      ; Signed Integer                                     ;
; c_cnt_bypass_en13                    ; true                   ; String                                             ;
; c_cnt_in_src13                       ; ph_mux_clk             ; String                                             ;
; c_cnt_odd_div_duty_en13              ; false                  ; String                                             ;
; c_cnt_prst13                         ; 1                      ; Signed Integer                                     ;
; c_cnt_ph_mux_prst13                  ; 0                      ; Signed Integer                                     ;
; c_cnt_hi_div14                       ; 1                      ; Signed Integer                                     ;
; c_cnt_lo_div14                       ; 1                      ; Signed Integer                                     ;
; c_cnt_bypass_en14                    ; true                   ; String                                             ;
; c_cnt_in_src14                       ; ph_mux_clk             ; String                                             ;
; c_cnt_odd_div_duty_en14              ; false                  ; String                                             ;
; c_cnt_prst14                         ; 1                      ; Signed Integer                                     ;
; c_cnt_ph_mux_prst14                  ; 0                      ; Signed Integer                                     ;
; c_cnt_hi_div15                       ; 1                      ; Signed Integer                                     ;
; c_cnt_lo_div15                       ; 1                      ; Signed Integer                                     ;
; c_cnt_bypass_en15                    ; true                   ; String                                             ;
; c_cnt_in_src15                       ; ph_mux_clk             ; String                                             ;
; c_cnt_odd_div_duty_en15              ; false                  ; String                                             ;
; c_cnt_prst15                         ; 1                      ; Signed Integer                                     ;
; c_cnt_ph_mux_prst15                  ; 0                      ; Signed Integer                                     ;
; c_cnt_hi_div16                       ; 1                      ; Signed Integer                                     ;
; c_cnt_lo_div16                       ; 1                      ; Signed Integer                                     ;
; c_cnt_bypass_en16                    ; true                   ; String                                             ;
; c_cnt_in_src16                       ; ph_mux_clk             ; String                                             ;
; c_cnt_odd_div_duty_en16              ; false                  ; String                                             ;
; c_cnt_prst16                         ; 1                      ; Signed Integer                                     ;
; c_cnt_ph_mux_prst16                  ; 0                      ; Signed Integer                                     ;
; c_cnt_hi_div17                       ; 1                      ; Signed Integer                                     ;
; c_cnt_lo_div17                       ; 1                      ; Signed Integer                                     ;
; c_cnt_bypass_en17                    ; true                   ; String                                             ;
; c_cnt_in_src17                       ; ph_mux_clk             ; String                                             ;
; c_cnt_odd_div_duty_en17              ; false                  ; String                                             ;
; c_cnt_prst17                         ; 1                      ; Signed Integer                                     ;
; c_cnt_ph_mux_prst17                  ; 0                      ; Signed Integer                                     ;
; pll_vco_div                          ; 2                      ; Signed Integer                                     ;
; pll_slf_rst                          ; true                   ; String                                             ;
; pll_bw_sel                           ; low                    ; String                                             ;
; pll_output_clk_frequency             ; 445.499999 MHz         ; String                                             ;
; pll_cp_current                       ; 20                     ; Signed Integer                                     ;
; pll_bwctrl                           ; 4000                   ; Signed Integer                                     ;
; pll_fractional_division              ; 3908420153             ; String                                             ;
; pll_fractional_cout                  ; 32                     ; Signed Integer                                     ;
; pll_dsm_out_sel                      ; 1st_order              ; String                                             ;
; mimic_fbclk_type                     ; none                   ; String                                             ;
; pll_fbclk_mux_1                      ; glb                    ; String                                             ;
; pll_fbclk_mux_2                      ; m_cnt                  ; String                                             ;
; pll_m_cnt_in_src                     ; ph_mux_clk             ; String                                             ;
; pll_vcoph_div                        ; 1                      ; Signed Integer                                     ;
; refclk1_frequency                    ; 0 MHz                  ; String                                             ;
; pll_clkin_0_src                      ; clk_0                  ; String                                             ;
; pll_clkin_1_src                      ; clk_0                  ; String                                             ;
; pll_clk_loss_sw_en                   ; false                  ; String                                             ;
; pll_auto_clk_sw_en                   ; false                  ; String                                             ;
; pll_manu_clk_sw_en                   ; false                  ; String                                             ;
; pll_clk_sw_dly                       ; 0                      ; Signed Integer                                     ;
; pll_extclk_0_cnt_src                 ; pll_extclk_cnt_src_vss ; String                                             ;
; pll_extclk_1_cnt_src                 ; pll_extclk_cnt_src_vss ; String                                             ;
+--------------------------------------+------------------------+----------------------------------------------------+
Note: In order to hide this table in the UI and the text report file, please set the "Show Parameter Settings in Synthesis Report" option in "Analysis and Synthesis Settings -> More Settings" to "Off".


+------------------------------------------------------------------------+
; Parameter Settings for User Entity Instance: pll_cfg_hdmi:pll_cfg_hdmi ;
+----------------+-----------+-------------------------------------------+
; Parameter Name ; Value     ; Type                                      ;
+----------------+-----------+-------------------------------------------+
; reconf_width   ; 64        ; Signed Integer                            ;
; device_family  ; Cyclone V ; String                                    ;
+----------------+-----------+-------------------------------------------+
Note: In order to hide this table in the UI and the text report file, please set the "Show Parameter Settings in Synthesis Report" option in "Analysis and Synthesis Settings -> More Settings" to "Off".


+-----------------------------------------------------------------------------------------------------------------------------+
; Parameter Settings for User Entity Instance: pll_cfg_hdmi:pll_cfg_hdmi|altera_std_synchronizer:altera_std_synchronizer_inst ;
+----------------+-------+----------------------------------------------------------------------------------------------------+
; Parameter Name ; Value ; Type                                                                                               ;
+----------------+-------+----------------------------------------------------------------------------------------------------+
; depth          ; 3     ; Signed Integer                                                                                     ;
+----------------+-------+----------------------------------------------------------------------------------------------------+
Note: In order to hide this table in the UI and the text report file, please set the "Show Parameter Settings in Synthesis Report" option in "Analysis and Synthesis Settings -> More Settings" to "Off".


+-------------------------------------------------------------------------------------------------------------+
; Parameter Settings for User Entity Instance: pll_cfg_hdmi:pll_cfg_hdmi|dyn_phase_shift:dyn_phase_shift_inst ;
+----------------+-----------+--------------------------------------------------------------------------------+
; Parameter Name ; Value     ; Type                                                                           ;
+----------------+-----------+--------------------------------------------------------------------------------+
; device_family  ; Cyclone V ; String                                                                         ;
+----------------+-----------+--------------------------------------------------------------------------------+
Note: In order to hide this table in the UI and the text report file, please set the "Show Parameter Settings in Synthesis Report" option in "Analysis and Synthesis Settings -> More Settings" to "Off".


+------------------------------------------------------------------------------------------------------------------------------------------------+
; Parameter Settings for User Entity Instance: pll_cfg_hdmi:pll_cfg_hdmi|dyn_phase_shift:dyn_phase_shift_inst|generic_lcell_comb:lcell_cnt_sel_0 ;
+----------------+------------------------------------------------------------------+------------------------------------------------------------+
; Parameter Name ; Value                                                            ; Type                                                       ;
+----------------+------------------------------------------------------------------+------------------------------------------------------------+
; family         ; Cyclone V                                                        ; String                                                     ;
; lut_mask       ; 1010101010101010101010101010101010101010101010101010101010101010 ; Unsigned Binary                                            ;
; dont_touch     ; on                                                               ; String                                                     ;
+----------------+------------------------------------------------------------------+------------------------------------------------------------+
Note: In order to hide this table in the UI and the text report file, please set the "Show Parameter Settings in Synthesis Report" option in "Analysis and Synthesis Settings -> More Settings" to "Off".


+------------------------------------------------------------------------------------------------------------------------------------------------+
; Parameter Settings for User Entity Instance: pll_cfg_hdmi:pll_cfg_hdmi|dyn_phase_shift:dyn_phase_shift_inst|generic_lcell_comb:lcell_cnt_sel_1 ;
+----------------+------------------------------------------------------------------+------------------------------------------------------------+
; Parameter Name ; Value                                                            ; Type                                                       ;
+----------------+------------------------------------------------------------------+------------------------------------------------------------+
; family         ; Cyclone V                                                        ; String                                                     ;
; lut_mask       ; 1100110011001100110011001100110011001100110011001100110011001100 ; Unsigned Binary                                            ;
; dont_touch     ; on                                                               ; String                                                     ;
+----------------+------------------------------------------------------------------+------------------------------------------------------------+
Note: In order to hide this table in the UI and the text report file, please set the "Show Parameter Settings in Synthesis Report" option in "Analysis and Synthesis Settings -> More Settings" to "Off".


+------------------------------------------------------------------------------------------------------------------------------------------------+
; Parameter Settings for User Entity Instance: pll_cfg_hdmi:pll_cfg_hdmi|dyn_phase_shift:dyn_phase_shift_inst|generic_lcell_comb:lcell_cnt_sel_2 ;
+----------------+------------------------------------------------------------------+------------------------------------------------------------+
; Parameter Name ; Value                                                            ; Type                                                       ;
+----------------+------------------------------------------------------------------+------------------------------------------------------------+
; family         ; Cyclone V                                                        ; String                                                     ;
; lut_mask       ; 1111000011110000111100001111000011110000111100001111000011110000 ; Unsigned Binary                                            ;
; dont_touch     ; on                                                               ; String                                                     ;
+----------------+------------------------------------------------------------------+------------------------------------------------------------+
Note: In order to hide this table in the UI and the text report file, please set the "Show Parameter Settings in Synthesis Report" option in "Analysis and Synthesis Settings -> More Settings" to "Off".


+------------------------------------------------------------------------------------------------------------------------------------------------+
; Parameter Settings for User Entity Instance: pll_cfg_hdmi:pll_cfg_hdmi|dyn_phase_shift:dyn_phase_shift_inst|generic_lcell_comb:lcell_cnt_sel_3 ;
+----------------+------------------------------------------------------------------+------------------------------------------------------------+
; Parameter Name ; Value                                                            ; Type                                                       ;
+----------------+------------------------------------------------------------------+------------------------------------------------------------+
; family         ; Cyclone V                                                        ; String                                                     ;
; lut_mask       ; 1111111100000000111111110000000011111111000000001111111100000000 ; Unsigned Binary                                            ;
; dont_touch     ; on                                                               ; String                                                     ;
+----------------+------------------------------------------------------------------+------------------------------------------------------------+
Note: In order to hide this table in the UI and the text report file, please set the "Show Parameter Settings in Synthesis Report" option in "Analysis and Synthesis Settings -> More Settings" to "Off".


+------------------------------------------------------------------------------------------------------------------------------------------------+
; Parameter Settings for User Entity Instance: pll_cfg_hdmi:pll_cfg_hdmi|dyn_phase_shift:dyn_phase_shift_inst|generic_lcell_comb:lcell_cnt_sel_4 ;
+----------------+------------------------------------------------------------------+------------------------------------------------------------+
; Parameter Name ; Value                                                            ; Type                                                       ;
+----------------+------------------------------------------------------------------+------------------------------------------------------------+
; family         ; Cyclone V                                                        ; String                                                     ;
; lut_mask       ; 1111111111111111000000000000000011111111111111110000000000000000 ; Unsigned Binary                                            ;
; dont_touch     ; on                                                               ; String                                                     ;
+----------------+------------------------------------------------------------------+------------------------------------------------------------+
Note: In order to hide this table in the UI and the text report file, please set the "Show Parameter Settings in Synthesis Report" option in "Analysis and Synthesis Settings -> More Settings" to "Off".


+----------------------------------------------------------------------------------------------------------+
; Parameter Settings for User Entity Instance: pll_cfg_hdmi:pll_cfg_hdmi|generic_lcell_comb:lcell_fpll_0_1 ;
+----------------+------------------------------------------------------------------+----------------------+
; Parameter Name ; Value                                                            ; Type                 ;
+----------------+------------------------------------------------------------------+----------------------+
; family         ; Cyclone V                                                        ; String               ;
; lut_mask       ; 1010101010101010101010101010101010101010101010101010101010101010 ; Unsigned Binary      ;
; dont_touch     ; on                                                               ; String               ;
+----------------+------------------------------------------------------------------+----------------------+
Note: In order to hide this table in the UI and the text report file, please set the "Show Parameter Settings in Synthesis Report" option in "Analysis and Synthesis Settings -> More Settings" to "Off".


+------------------------------------------------------------------------------------------------------------+
; Parameter Settings for User Entity Instance: pll_cfg_hdmi:pll_cfg_hdmi|generic_lcell_comb:lcell_dprio_read ;
+----------------+------------------------------------------------------------------+------------------------+
; Parameter Name ; Value                                                            ; Type                   ;
+----------------+------------------------------------------------------------------+------------------------+
; family         ; Cyclone V                                                        ; String                 ;
; lut_mask       ; 1100110011001100110011001100110011001100110011001100110011001100 ; Unsigned Binary        ;
; dont_touch     ; on                                                               ; String                 ;
+----------------+------------------------------------------------------------------+------------------------+
Note: In order to hide this table in the UI and the text report file, please set the "Show Parameter Settings in Synthesis Report" option in "Analysis and Synthesis Settings -> More Settings" to "Off".


+-----------------------------------------------------------+
; Parameter Settings for User Entity Instance: osd:hdmi_osd ;
+----------------+-------+----------------------------------+
; Parameter Name ; Value ; Type                             ;
+----------------+-------+----------------------------------+
; OSD_COLOR      ; 100   ; Unsigned Binary                  ;
+----------------+-------+----------------------------------+
Note: In order to hide this table in the UI and the text report file, please set the "Show Parameter Settings in Synthesis Report" option in "Analysis and Synthesis Settings -> More Settings" to "Off".


+----------------------------------------------------------------------+
; Parameter Settings for User Entity Instance: altddio_out:hdmiclk_ddr ;
+------------------------+--------------+------------------------------+
; Parameter Name         ; Value        ; Type                         ;
+------------------------+--------------+------------------------------+
; AUTO_CARRY_CHAINS      ; ON           ; AUTO_CARRY                   ;
; IGNORE_CARRY_BUFFERS   ; OFF          ; IGNORE_CARRY                 ;
; AUTO_CASCADE_CHAINS    ; ON           ; AUTO_CASCADE                 ;
; IGNORE_CASCADE_BUFFERS ; OFF          ; IGNORE_CASCADE               ;
; WIDTH                  ; 1            ; Signed Integer               ;
; POWER_UP_HIGH          ; OFF          ; Untyped                      ;
; OE_REG                 ; UNREGISTERED ; Untyped                      ;
; extend_oe_disable      ; OFF          ; Untyped                      ;
; INTENDED_DEVICE_FAMILY ; Cyclone V    ; Untyped                      ;
; DEVICE_FAMILY          ; Cyclone V    ; Untyped                      ;
; CBXI_PARAMETER         ; ddio_out_b2j ; Untyped                      ;
+------------------------+--------------+------------------------------+
Note: In order to hide this table in the UI and the text report file, please set the "Show Parameter Settings in Synthesis Report" option in "Analysis and Synthesis Settings -> More Settings" to "Off".


+---------------------------------------------------------------------+
; Parameter Settings for User Entity Instance: altddio_out:vgaclk_ddr ;
+------------------------+--------------+-----------------------------+
; Parameter Name         ; Value        ; Type                        ;
+------------------------+--------------+-----------------------------+
; AUTO_CARRY_CHAINS      ; ON           ; AUTO_CARRY                  ;
; IGNORE_CARRY_BUFFERS   ; OFF          ; IGNORE_CARRY                ;
; AUTO_CASCADE_CHAINS    ; ON           ; AUTO_CASCADE                ;
; IGNORE_CASCADE_BUFFERS ; OFF          ; IGNORE_CASCADE              ;
; WIDTH                  ; 1            ; Signed Integer              ;
; POWER_UP_HIGH          ; OFF          ; Untyped                     ;
; OE_REG                 ; UNREGISTERED ; Untyped                     ;
; extend_oe_disable      ; OFF          ; Untyped                     ;
; INTENDED_DEVICE_FAMILY ; Cyclone V    ; Untyped                     ;
; DEVICE_FAMILY          ; Cyclone V    ; Untyped                     ;
; CBXI_PARAMETER         ; ddio_out_1oj ; Untyped                     ;
+------------------------+--------------+-----------------------------+
Note: In order to hide this table in the UI and the text report file, please set the "Show Parameter Settings in Synthesis Report" option in "Analysis and Synthesis Settings -> More Settings" to "Off".


+----------------------------------------------------------------------+
; Parameter Settings for User Entity Instance: scanlines:VGA_scanlines ;
+----------------+-------+---------------------------------------------+
; Parameter Name ; Value ; Type                                        ;
+----------------+-------+---------------------------------------------+
; v2             ; 0     ; Signed Integer                              ;
+----------------+-------+---------------------------------------------+
Note: In order to hide this table in the UI and the text report file, please set the "Show Parameter Settings in Synthesis Report" option in "Analysis and Synthesis Settings -> More Settings" to "Off".


+----------------------------------------------------------+
; Parameter Settings for User Entity Instance: osd:vga_osd ;
+----------------+-------+---------------------------------+
; Parameter Name ; Value ; Type                            ;
+----------------+-------+---------------------------------+
; OSD_COLOR      ; 100   ; Unsigned Binary                 ;
+----------------+-------+---------------------------------+
Note: In order to hide this table in the UI and the text report file, please set the "Show Parameter Settings in Synthesis Report" option in "Analysis and Synthesis Settings -> More Settings" to "Off".


+------------------------------------------------------------------------------------------------------------------------+
; Parameter Settings for User Entity Instance: pll_audio:pll_audio|pll_audio_0002:pll_audio_inst|altera_pll:altera_pll_i ;
+--------------------------------------+------------------------+--------------------------------------------------------+
; Parameter Name                       ; Value                  ; Type                                                   ;
+--------------------------------------+------------------------+--------------------------------------------------------+
; reference_clock_frequency            ; 50.0 MHz               ; String                                                 ;
; fractional_vco_multiplier            ; true                   ; String                                                 ;
; pll_type                             ; General                ; String                                                 ;
; pll_subtype                          ; General                ; String                                                 ;
; number_of_clocks                     ; 1                      ; Signed Integer                                         ;
; operation_mode                       ; direct                 ; String                                                 ;
; deserialization_factor               ; 4                      ; Signed Integer                                         ;
; data_rate                            ; 0                      ; Signed Integer                                         ;
; sim_additional_refclk_cycles_to_lock ; 0                      ; Signed Integer                                         ;
; output_clock_frequency0              ; 24.576000 MHz          ; String                                                 ;
; phase_shift0                         ; 0 ps                   ; String                                                 ;
; duty_cycle0                          ; 50                     ; Signed Integer                                         ;
; output_clock_frequency1              ; 0 MHz                  ; String                                                 ;
; phase_shift1                         ; 0 ps                   ; String                                                 ;
; duty_cycle1                          ; 50                     ; Signed Integer                                         ;
; output_clock_frequency2              ; 0 MHz                  ; String                                                 ;
; phase_shift2                         ; 0 ps                   ; String                                                 ;
; duty_cycle2                          ; 50                     ; Signed Integer                                         ;
; output_clock_frequency3              ; 0 MHz                  ; String                                                 ;
; phase_shift3                         ; 0 ps                   ; String                                                 ;
; duty_cycle3                          ; 50                     ; Signed Integer                                         ;
; output_clock_frequency4              ; 0 MHz                  ; String                                                 ;
; phase_shift4                         ; 0 ps                   ; String                                                 ;
; duty_cycle4                          ; 50                     ; Signed Integer                                         ;
; output_clock_frequency5              ; 0 MHz                  ; String                                                 ;
; phase_shift5                         ; 0 ps                   ; String                                                 ;
; duty_cycle5                          ; 50                     ; Signed Integer                                         ;
; output_clock_frequency6              ; 0 MHz                  ; String                                                 ;
; phase_shift6                         ; 0 ps                   ; String                                                 ;
; duty_cycle6                          ; 50                     ; Signed Integer                                         ;
; output_clock_frequency7              ; 0 MHz                  ; String                                                 ;
; phase_shift7                         ; 0 ps                   ; String                                                 ;
; duty_cycle7                          ; 50                     ; Signed Integer                                         ;
; output_clock_frequency8              ; 0 MHz                  ; String                                                 ;
; phase_shift8                         ; 0 ps                   ; String                                                 ;
; duty_cycle8                          ; 50                     ; Signed Integer                                         ;
; output_clock_frequency9              ; 0 MHz                  ; String                                                 ;
; phase_shift9                         ; 0 ps                   ; String                                                 ;
; duty_cycle9                          ; 50                     ; Signed Integer                                         ;
; output_clock_frequency10             ; 0 MHz                  ; String                                                 ;
; phase_shift10                        ; 0 ps                   ; String                                                 ;
; duty_cycle10                         ; 50                     ; Signed Integer                                         ;
; output_clock_frequency11             ; 0 MHz                  ; String                                                 ;
; phase_shift11                        ; 0 ps                   ; String                                                 ;
; duty_cycle11                         ; 50                     ; Signed Integer                                         ;
; output_clock_frequency12             ; 0 MHz                  ; String                                                 ;
; phase_shift12                        ; 0 ps                   ; String                                                 ;
; duty_cycle12                         ; 50                     ; Signed Integer                                         ;
; output_clock_frequency13             ; 0 MHz                  ; String                                                 ;
; phase_shift13                        ; 0 ps                   ; String                                                 ;
; duty_cycle13                         ; 50                     ; Signed Integer                                         ;
; output_clock_frequency14             ; 0 MHz                  ; String                                                 ;
; phase_shift14                        ; 0 ps                   ; String                                                 ;
; duty_cycle14                         ; 50                     ; Signed Integer                                         ;
; output_clock_frequency15             ; 0 MHz                  ; String                                                 ;
; phase_shift15                        ; 0 ps                   ; String                                                 ;
; duty_cycle15                         ; 50                     ; Signed Integer                                         ;
; output_clock_frequency16             ; 0 MHz                  ; String                                                 ;
; phase_shift16                        ; 0 ps                   ; String                                                 ;
; duty_cycle16                         ; 50                     ; Signed Integer                                         ;
; output_clock_frequency17             ; 0 MHz                  ; String                                                 ;
; phase_shift17                        ; 0 ps                   ; String                                                 ;
; duty_cycle17                         ; 50                     ; Signed Integer                                         ;
; clock_name_0                         ;                        ; String                                                 ;
; clock_name_1                         ;                        ; String                                                 ;
; clock_name_2                         ;                        ; String                                                 ;
; clock_name_3                         ;                        ; String                                                 ;
; clock_name_4                         ;                        ; String                                                 ;
; clock_name_5                         ;                        ; String                                                 ;
; clock_name_6                         ;                        ; String                                                 ;
; clock_name_7                         ;                        ; String                                                 ;
; clock_name_8                         ;                        ; String                                                 ;
; clock_name_global_0                  ; false                  ; String                                                 ;
; clock_name_global_1                  ; false                  ; String                                                 ;
; clock_name_global_2                  ; false                  ; String                                                 ;
; clock_name_global_3                  ; false                  ; String                                                 ;
; clock_name_global_4                  ; false                  ; String                                                 ;
; clock_name_global_5                  ; false                  ; String                                                 ;
; clock_name_global_6                  ; false                  ; String                                                 ;
; clock_name_global_7                  ; false                  ; String                                                 ;
; clock_name_global_8                  ; false                  ; String                                                 ;
; m_cnt_hi_div                         ; 1                      ; Signed Integer                                         ;
; m_cnt_lo_div                         ; 1                      ; Signed Integer                                         ;
; m_cnt_bypass_en                      ; false                  ; String                                                 ;
; m_cnt_odd_div_duty_en                ; false                  ; String                                                 ;
; n_cnt_hi_div                         ; 1                      ; Signed Integer                                         ;
; n_cnt_lo_div                         ; 1                      ; Signed Integer                                         ;
; n_cnt_bypass_en                      ; false                  ; String                                                 ;
; n_cnt_odd_div_duty_en                ; false                  ; String                                                 ;
; c_cnt_hi_div0                        ; 1                      ; Signed Integer                                         ;
; c_cnt_lo_div0                        ; 1                      ; Signed Integer                                         ;
; c_cnt_bypass_en0                     ; false                  ; String                                                 ;
; c_cnt_in_src0                        ; ph_mux_clk             ; String                                                 ;
; c_cnt_odd_div_duty_en0               ; false                  ; String                                                 ;
; c_cnt_prst0                          ; 1                      ; Signed Integer                                         ;
; c_cnt_ph_mux_prst0                   ; 0                      ; Signed Integer                                         ;
; c_cnt_hi_div1                        ; 1                      ; Signed Integer                                         ;
; c_cnt_lo_div1                        ; 1                      ; Signed Integer                                         ;
; c_cnt_bypass_en1                     ; false                  ; String                                                 ;
; c_cnt_in_src1                        ; ph_mux_clk             ; String                                                 ;
; c_cnt_odd_div_duty_en1               ; false                  ; String                                                 ;
; c_cnt_prst1                          ; 1                      ; Signed Integer                                         ;
; c_cnt_ph_mux_prst1                   ; 0                      ; Signed Integer                                         ;
; c_cnt_hi_div2                        ; 1                      ; Signed Integer                                         ;
; c_cnt_lo_div2                        ; 1                      ; Signed Integer                                         ;
; c_cnt_bypass_en2                     ; false                  ; String                                                 ;
; c_cnt_in_src2                        ; ph_mux_clk             ; String                                                 ;
; c_cnt_odd_div_duty_en2               ; false                  ; String                                                 ;
; c_cnt_prst2                          ; 1                      ; Signed Integer                                         ;
; c_cnt_ph_mux_prst2                   ; 0                      ; Signed Integer                                         ;
; c_cnt_hi_div3                        ; 1                      ; Signed Integer                                         ;
; c_cnt_lo_div3                        ; 1                      ; Signed Integer                                         ;
; c_cnt_bypass_en3                     ; false                  ; String                                                 ;
; c_cnt_in_src3                        ; ph_mux_clk             ; String                                                 ;
; c_cnt_odd_div_duty_en3               ; false                  ; String                                                 ;
; c_cnt_prst3                          ; 1                      ; Signed Integer                                         ;
; c_cnt_ph_mux_prst3                   ; 0                      ; Signed Integer                                         ;
; c_cnt_hi_div4                        ; 1                      ; Signed Integer                                         ;
; c_cnt_lo_div4                        ; 1                      ; Signed Integer                                         ;
; c_cnt_bypass_en4                     ; false                  ; String                                                 ;
; c_cnt_in_src4                        ; ph_mux_clk             ; String                                                 ;
; c_cnt_odd_div_duty_en4               ; false                  ; String                                                 ;
; c_cnt_prst4                          ; 1                      ; Signed Integer                                         ;
; c_cnt_ph_mux_prst4                   ; 0                      ; Signed Integer                                         ;
; c_cnt_hi_div5                        ; 1                      ; Signed Integer                                         ;
; c_cnt_lo_div5                        ; 1                      ; Signed Integer                                         ;
; c_cnt_bypass_en5                     ; false                  ; String                                                 ;
; c_cnt_in_src5                        ; ph_mux_clk             ; String                                                 ;
; c_cnt_odd_div_duty_en5               ; false                  ; String                                                 ;
; c_cnt_prst5                          ; 1                      ; Signed Integer                                         ;
; c_cnt_ph_mux_prst5                   ; 0                      ; Signed Integer                                         ;
; c_cnt_hi_div6                        ; 1                      ; Signed Integer                                         ;
; c_cnt_lo_div6                        ; 1                      ; Signed Integer                                         ;
; c_cnt_bypass_en6                     ; false                  ; String                                                 ;
; c_cnt_in_src6                        ; ph_mux_clk             ; String                                                 ;
; c_cnt_odd_div_duty_en6               ; false                  ; String                                                 ;
; c_cnt_prst6                          ; 1                      ; Signed Integer                                         ;
; c_cnt_ph_mux_prst6                   ; 0                      ; Signed Integer                                         ;
; c_cnt_hi_div7                        ; 1                      ; Signed Integer                                         ;
; c_cnt_lo_div7                        ; 1                      ; Signed Integer                                         ;
; c_cnt_bypass_en7                     ; false                  ; String                                                 ;
; c_cnt_in_src7                        ; ph_mux_clk             ; String                                                 ;
; c_cnt_odd_div_duty_en7               ; false                  ; String                                                 ;
; c_cnt_prst7                          ; 1                      ; Signed Integer                                         ;
; c_cnt_ph_mux_prst7                   ; 0                      ; Signed Integer                                         ;
; c_cnt_hi_div8                        ; 1                      ; Signed Integer                                         ;
; c_cnt_lo_div8                        ; 1                      ; Signed Integer                                         ;
; c_cnt_bypass_en8                     ; false                  ; String                                                 ;
; c_cnt_in_src8                        ; ph_mux_clk             ; String                                                 ;
; c_cnt_odd_div_duty_en8               ; false                  ; String                                                 ;
; c_cnt_prst8                          ; 1                      ; Signed Integer                                         ;
; c_cnt_ph_mux_prst8                   ; 0                      ; Signed Integer                                         ;
; c_cnt_hi_div9                        ; 1                      ; Signed Integer                                         ;
; c_cnt_lo_div9                        ; 1                      ; Signed Integer                                         ;
; c_cnt_bypass_en9                     ; false                  ; String                                                 ;
; c_cnt_in_src9                        ; ph_mux_clk             ; String                                                 ;
; c_cnt_odd_div_duty_en9               ; false                  ; String                                                 ;
; c_cnt_prst9                          ; 1                      ; Signed Integer                                         ;
; c_cnt_ph_mux_prst9                   ; 0                      ; Signed Integer                                         ;
; c_cnt_hi_div10                       ; 1                      ; Signed Integer                                         ;
; c_cnt_lo_div10                       ; 1                      ; Signed Integer                                         ;
; c_cnt_bypass_en10                    ; false                  ; String                                                 ;
; c_cnt_in_src10                       ; ph_mux_clk             ; String                                                 ;
; c_cnt_odd_div_duty_en10              ; false                  ; String                                                 ;
; c_cnt_prst10                         ; 1                      ; Signed Integer                                         ;
; c_cnt_ph_mux_prst10                  ; 0                      ; Signed Integer                                         ;
; c_cnt_hi_div11                       ; 1                      ; Signed Integer                                         ;
; c_cnt_lo_div11                       ; 1                      ; Signed Integer                                         ;
; c_cnt_bypass_en11                    ; false                  ; String                                                 ;
; c_cnt_in_src11                       ; ph_mux_clk             ; String                                                 ;
; c_cnt_odd_div_duty_en11              ; false                  ; String                                                 ;
; c_cnt_prst11                         ; 1                      ; Signed Integer                                         ;
; c_cnt_ph_mux_prst11                  ; 0                      ; Signed Integer                                         ;
; c_cnt_hi_div12                       ; 1                      ; Signed Integer                                         ;
; c_cnt_lo_div12                       ; 1                      ; Signed Integer                                         ;
; c_cnt_bypass_en12                    ; false                  ; String                                                 ;
; c_cnt_in_src12                       ; ph_mux_clk             ; String                                                 ;
; c_cnt_odd_div_duty_en12              ; false                  ; String                                                 ;
; c_cnt_prst12                         ; 1                      ; Signed Integer                                         ;
; c_cnt_ph_mux_prst12                  ; 0                      ; Signed Integer                                         ;
; c_cnt_hi_div13                       ; 1                      ; Signed Integer                                         ;
; c_cnt_lo_div13                       ; 1                      ; Signed Integer                                         ;
; c_cnt_bypass_en13                    ; false                  ; String                                                 ;
; c_cnt_in_src13                       ; ph_mux_clk             ; String                                                 ;
; c_cnt_odd_div_duty_en13              ; false                  ; String                                                 ;
; c_cnt_prst13                         ; 1                      ; Signed Integer                                         ;
; c_cnt_ph_mux_prst13                  ; 0                      ; Signed Integer                                         ;
; c_cnt_hi_div14                       ; 1                      ; Signed Integer                                         ;
; c_cnt_lo_div14                       ; 1                      ; Signed Integer                                         ;
; c_cnt_bypass_en14                    ; false                  ; String                                                 ;
; c_cnt_in_src14                       ; ph_mux_clk             ; String                                                 ;
; c_cnt_odd_div_duty_en14              ; false                  ; String                                                 ;
; c_cnt_prst14                         ; 1                      ; Signed Integer                                         ;
; c_cnt_ph_mux_prst14                  ; 0                      ; Signed Integer                                         ;
; c_cnt_hi_div15                       ; 1                      ; Signed Integer                                         ;
; c_cnt_lo_div15                       ; 1                      ; Signed Integer                                         ;
; c_cnt_bypass_en15                    ; false                  ; String                                                 ;
; c_cnt_in_src15                       ; ph_mux_clk             ; String                                                 ;
; c_cnt_odd_div_duty_en15              ; false                  ; String                                                 ;
; c_cnt_prst15                         ; 1                      ; Signed Integer                                         ;
; c_cnt_ph_mux_prst15                  ; 0                      ; Signed Integer                                         ;
; c_cnt_hi_div16                       ; 1                      ; Signed Integer                                         ;
; c_cnt_lo_div16                       ; 1                      ; Signed Integer                                         ;
; c_cnt_bypass_en16                    ; false                  ; String                                                 ;
; c_cnt_in_src16                       ; ph_mux_clk             ; String                                                 ;
; c_cnt_odd_div_duty_en16              ; false                  ; String                                                 ;
; c_cnt_prst16                         ; 1                      ; Signed Integer                                         ;
; c_cnt_ph_mux_prst16                  ; 0                      ; Signed Integer                                         ;
; c_cnt_hi_div17                       ; 1                      ; Signed Integer                                         ;
; c_cnt_lo_div17                       ; 1                      ; Signed Integer                                         ;
; c_cnt_bypass_en17                    ; false                  ; String                                                 ;
; c_cnt_in_src17                       ; ph_mux_clk             ; String                                                 ;
; c_cnt_odd_div_duty_en17              ; false                  ; String                                                 ;
; c_cnt_prst17                         ; 1                      ; Signed Integer                                         ;
; c_cnt_ph_mux_prst17                  ; 0                      ; Signed Integer                                         ;
; pll_vco_div                          ; 1                      ; Signed Integer                                         ;
; pll_slf_rst                          ; false                  ; String                                                 ;
; pll_bw_sel                           ; low                    ; String                                                 ;
; pll_output_clk_frequency             ; 0 MHz                  ; String                                                 ;
; pll_cp_current                       ; 0                      ; Signed Integer                                         ;
; pll_bwctrl                           ; 0                      ; Signed Integer                                         ;
; pll_fractional_division              ; 1                      ; Signed Integer                                         ;
; pll_fractional_cout                  ; 24                     ; Signed Integer                                         ;
; pll_dsm_out_sel                      ; 1st_order              ; String                                                 ;
; mimic_fbclk_type                     ; gclk                   ; String                                                 ;
; pll_fbclk_mux_1                      ; glb                    ; String                                                 ;
; pll_fbclk_mux_2                      ; fb_1                   ; String                                                 ;
; pll_m_cnt_in_src                     ; ph_mux_clk             ; String                                                 ;
; pll_vcoph_div                        ; 1                      ; Signed Integer                                         ;
; refclk1_frequency                    ; 0 MHz                  ; String                                                 ;
; pll_clkin_0_src                      ; clk_0                  ; String                                                 ;
; pll_clkin_1_src                      ; clk_0                  ; String                                                 ;
; pll_clk_loss_sw_en                   ; false                  ; String                                                 ;
; pll_auto_clk_sw_en                   ; false                  ; String                                                 ;
; pll_manu_clk_sw_en                   ; false                  ; String                                                 ;
; pll_clk_sw_dly                       ; 0                      ; Signed Integer                                         ;
; pll_extclk_0_cnt_src                 ; pll_extclk_cnt_src_vss ; String                                                 ;
; pll_extclk_1_cnt_src                 ; pll_extclk_cnt_src_vss ; String                                                 ;
+--------------------------------------+------------------------+--------------------------------------------------------+
Note: In order to hide this table in the UI and the text report file, please set the "Show Parameter Settings in Synthesis Report" option in "Analysis and Synthesis Settings -> More Settings" to "Off".


+------------------------------------------------------------------+
; Parameter Settings for User Entity Instance: audio_out:audio_out ;
+----------------+----------+--------------------------------------+
; Parameter Name ; Value    ; Type                                 ;
+----------------+----------+--------------------------------------+
; CLK_RATE       ; 24576000 ; Signed Integer                       ;
+----------------+----------+--------------------------------------+
Note: In order to hide this table in the UI and the text report file, please set the "Show Parameter Settings in Synthesis Report" option in "Analysis and Synthesis Settings -> More Settings" to "Off".


+--------------------------------------------------------------------------+
; Parameter Settings for User Entity Instance: audio_out:audio_out|i2s:i2s ;
+----------------+-------+-------------------------------------------------+
; Parameter Name ; Value ; Type                                            ;
+----------------+-------+-------------------------------------------------+
; AUDIO_DW       ; 16    ; Signed Integer                                  ;
+----------------+-------+-------------------------------------------------+
Note: In order to hide this table in the UI and the text report file, please set the "Show Parameter Settings in Synthesis Report" option in "Analysis and Synthesis Settings -> More Settings" to "Off".


+---------------------------------------------------------------------------------------+
; Parameter Settings for User Entity Instance: audio_out:audio_out|sigma_delta_dac:sd_l ;
+----------------+-------+--------------------------------------------------------------+
; Parameter Name ; Value ; Type                                                         ;
+----------------+-------+--------------------------------------------------------------+
; MSBI           ; 15    ; Signed Integer                                               ;
; INV            ; 1     ; Unsigned Binary                                              ;
+----------------+-------+--------------------------------------------------------------+
Note: In order to hide this table in the UI and the text report file, please set the "Show Parameter Settings in Synthesis Report" option in "Analysis and Synthesis Settings -> More Settings" to "Off".


+---------------------------------------------------------------------------------------+
; Parameter Settings for User Entity Instance: audio_out:audio_out|sigma_delta_dac:sd_r ;
+----------------+-------+--------------------------------------------------------------+
; Parameter Name ; Value ; Type                                                         ;
+----------------+-------+--------------------------------------------------------------+
; MSBI           ; 15    ; Signed Integer                                               ;
; INV            ; 1     ; Unsigned Binary                                              ;
+----------------+-------+--------------------------------------------------------------+
Note: In order to hide this table in the UI and the text report file, please set the "Show Parameter Settings in Synthesis Report" option in "Analysis and Synthesis Settings -> More Settings" to "Off".


+----------------------------------------------------------------------------------------+
; Parameter Settings for User Entity Instance: audio_out:audio_out|IIR_filter:IIR_filter ;
+----------------+---------------------+-------------------------------------------------+
; Parameter Name ; Value               ; Type                                            ;
+----------------+---------------------+-------------------------------------------------+
; use_params     ; 0                   ; Signed Integer                                  ;
; stereo         ; 1                   ; Signed Integer                                  ;
; coeff_x        ; 7.7470198351366E-06 ; Signed Float                                    ;
; coeff_x0       ; 3                   ; Signed Integer                                  ;
; coeff_x1       ; 3                   ; Signed Integer                                  ;
; coeff_x2       ; 1                   ; Signed Integer                                  ;
; coeff_y0       ; -2.96438150626551   ; Signed Float                                    ;
; coeff_y1       ; 2.92939452735121    ; Signed Float                                    ;
; coeff_y2       ; -0.965007471588311  ; Signed Float                                    ;
+----------------+---------------------+-------------------------------------------------+
Note: In order to hide this table in the UI and the text report file, please set the "Show Parameter Settings in Synthesis Report" option in "Analysis and Synthesis Settings -> More Settings" to "Off".


+--------------------------------------------------------+
; Parameter Settings for User Entity Instance: alsa:alsa ;
+----------------+----------+----------------------------+
; Parameter Name ; Value    ; Type                       ;
+----------------+----------+----------------------------+
; CLK_RATE       ; 24576000 ; Signed Integer             ;
+----------------+----------+----------------------------+
Note: In order to hide this table in the UI and the text report file, please set the "Show Parameter Settings in Synthesis Report" option in "Analysis and Synthesis Settings -> More Settings" to "Off".


+-------------------------------------------------------------------------------------------------------------------------------------------------------------------------------------------------------------------------------------------------------------------------------------------------------------------------------------------------------------------------------------------------------------------------------------------------------------------------------------------------------------------------------------------------------------------------------------------------------------------------------------------------------------------------------------------------------------------------------------------------------------------------------------------------------------------------------------------------------------------------------------------------------------------------------------------------------------------------------------------------------------------------------+
; Parameter Settings for User Entity Instance: emu:emu|hps_io:hps_io                                                                                                                                                                                                                                                                                                                                                                                                                                                                                                                                                                                                                                                                                                                                                                                                                                                                                                                                                            ;
+----------------+---------------------------------------------------------------------------------------------------------------------------------------------------------------------------------------------------------------------------------------------------------------------------------------------------------------------------------------------------------------------------------------------------------------------------------------------------------------------------------------------------------------------------------------------------------------------------------------------------------------------------------------------------------------------------------------------------------------------------------------------------------------------------------------------------------------------------------------------------------------------------------------------------------------------------------------------------------------------------------------------+----------------+
; Parameter Name ; Value                                                                                                                                                                                                                                                                                                                                                                                                                                                                                                                                                                                                                                                                                                                                                                                                                                                                                                                                                                                       ; Type           ;
+----------------+---------------------------------------------------------------------------------------------------------------------------------------------------------------------------------------------------------------------------------------------------------------------------------------------------------------------------------------------------------------------------------------------------------------------------------------------------------------------------------------------------------------------------------------------------------------------------------------------------------------------------------------------------------------------------------------------------------------------------------------------------------------------------------------------------------------------------------------------------------------------------------------------------------------------------------------------------------------------------------------------+----------------+
; CONF_STR       ; VTG9000;;-;O[4:1],Pattern,8-Color Split,Flat Field,Coarse Crosshatch,32-Level Split Gray,Ramp,Alt Pixels,Variable Window,Circles,PLUGE,Graphics Multiburst,4x4 Checkerboard,Safe Area 5/10%,Focus,SMPTE Bars,EBU Bars;O[11:5],Level,0%,1%,2%,3%,4%,5%,6%,7%,8%,9%,10%,11%,12%,13%,14%,15%,16%,17%,18%,19%,20%,21%,22%,23%,24%,25%,26%,27%,28%,29%,30%,31%,32%,33%,34%,35%,36%,37%,38%,39%,40%,41%,42%,43%,44%,45%,46%,47%,48%,49%,50%,51%,52%,53%,54%,55%,56%,57%,58%,59%,60%,61%,62%,63%,64%,65%,66%,67%,68%,69%,70%,71%,72%,73%,74%,75%,76%,77%,78%,79%,80%,81%,82%,83%,84%,85%,86%,87%,88%,89%,90%,91%,92%,93%,94%,95%,96%,97%,98%,99%,100%;O[12],Invert / SMPTE Blue,Off,On;O[13],Raster Border,Off,On;O[14],Red Channel,On,Off;O[15],Green Channel,On,Off;O[16],Blue Channel,On,Off;O[17],Sync Output,RGBHV,RGBS;O[18],Scan Mode,480i (15 kHz),240p (15 kHz);-;T[0],Reset;R[0],Reset and close OSD;J1,Invert / SMPTE Blue,Raster Border,Level +10%,Level -10%;jn,A,B,X,Y;v,2;V,v260905 ; String         ;
; CONF_STR_BRAM  ; 0                                                                                                                                                                                                                                                                                                                                                                                                                                                                                                                                                                                                                                                                                                                                                                                                                                                                                                                                                                                           ; Signed Integer ;
; PS2DIV         ; 0                                                                                                                                                                                                                                                                                                                                                                                                                                                                                                                                                                                                                                                                                                                                                                                                                                                                                                                                                                                           ; Signed Integer ;
; WIDE           ; 0                                                                                                                                                                                                                                                                                                                                                                                                                                                                                                                                                                                                                                                                                                                                                                                                                                                                                                                                                                                           ; Signed Integer ;
; VDNUM          ; 1                                                                                                                                                                                                                                                                                                                                                                                                                                                                                                                                                                                                                                                                                                                                                                                                                                                                                                                                                                                           ; Signed Integer ;
; BLKSZ          ; 2                                                                                                                                                                                                                                                                                                                                                                                                                                                                                                                                                                                                                                                                                                                                                                                                                                                                                                                                                                                           ; Signed Integer ;
; PS2WE          ; 0                                                                                                                                                                                                                                                                                                                                                                                                                                                                                                                                                                                                                                                                                                                                                                                                                                                                                                                                                                                           ; Signed Integer ;
; STRLEN         ; 955                                                                                                                                                                                                                                                                                                                                                                                                                                                                                                                                                                                                                                                                                                                                                                                                                                                                                                                                                                                         ; Signed Integer ;
; F12KEYMOD      ; 0                                                                                                                                                                                                                                                                                                                                                                                                                                                                                                                                                                                                                                                                                                                                                                                                                                                                                                                                                                                           ; Signed Integer ;
+----------------+---------------------------------------------------------------------------------------------------------------------------------------------------------------------------------------------------------------------------------------------------------------------------------------------------------------------------------------------------------------------------------------------------------------------------------------------------------------------------------------------------------------------------------------------------------------------------------------------------------------------------------------------------------------------------------------------------------------------------------------------------------------------------------------------------------------------------------------------------------------------------------------------------------------------------------------------------------------------------------------------+----------------+
Note: In order to hide this table in the UI and the text report file, please set the "Show Parameter Settings in Synthesis Report" option in "Analysis and Synthesis Settings -> More Settings" to "Off".


+--------------------------------------------------------------------------------------------------------+
; Parameter Settings for User Entity Instance: emu:emu|pll:pll|pll_0002:pll_inst|altera_pll:altera_pll_i ;
+--------------------------------------+------------------------+----------------------------------------+
; Parameter Name                       ; Value                  ; Type                                   ;
+--------------------------------------+------------------------+----------------------------------------+
; reference_clock_frequency            ; 50.0 MHz               ; String                                 ;
; fractional_vco_multiplier            ; false                  ; String                                 ;
; pll_type                             ; General                ; String                                 ;
; pll_subtype                          ; General                ; String                                 ;
; number_of_clocks                     ; 1                      ; Signed Integer                         ;
; operation_mode                       ; direct                 ; String                                 ;
; deserialization_factor               ; 4                      ; Signed Integer                         ;
; data_rate                            ; 0                      ; Signed Integer                         ;
; sim_additional_refclk_cycles_to_lock ; 0                      ; Signed Integer                         ;
; output_clock_frequency0              ; 27.000000 MHz          ; String                                 ;
; phase_shift0                         ; 0 ps                   ; String                                 ;
; duty_cycle0                          ; 50                     ; Signed Integer                         ;
; output_clock_frequency1              ; 0 MHz                  ; String                                 ;
; phase_shift1                         ; 0 ps                   ; String                                 ;
; duty_cycle1                          ; 50                     ; Signed Integer                         ;
; output_clock_frequency2              ; 0 MHz                  ; String                                 ;
; phase_shift2                         ; 0 ps                   ; String                                 ;
; duty_cycle2                          ; 50                     ; Signed Integer                         ;
; output_clock_frequency3              ; 0 MHz                  ; String                                 ;
; phase_shift3                         ; 0 ps                   ; String                                 ;
; duty_cycle3                          ; 50                     ; Signed Integer                         ;
; output_clock_frequency4              ; 0 MHz                  ; String                                 ;
; phase_shift4                         ; 0 ps                   ; String                                 ;
; duty_cycle4                          ; 50                     ; Signed Integer                         ;
; output_clock_frequency5              ; 0 MHz                  ; String                                 ;
; phase_shift5                         ; 0 ps                   ; String                                 ;
; duty_cycle5                          ; 50                     ; Signed Integer                         ;
; output_clock_frequency6              ; 0 MHz                  ; String                                 ;
; phase_shift6                         ; 0 ps                   ; String                                 ;
; duty_cycle6                          ; 50                     ; Signed Integer                         ;
; output_clock_frequency7              ; 0 MHz                  ; String                                 ;
; phase_shift7                         ; 0 ps                   ; String                                 ;
; duty_cycle7                          ; 50                     ; Signed Integer                         ;
; output_clock_frequency8              ; 0 MHz                  ; String                                 ;
; phase_shift8                         ; 0 ps                   ; String                                 ;
; duty_cycle8                          ; 50                     ; Signed Integer                         ;
; output_clock_frequency9              ; 0 MHz                  ; String                                 ;
; phase_shift9                         ; 0 ps                   ; String                                 ;
; duty_cycle9                          ; 50                     ; Signed Integer                         ;
; output_clock_frequency10             ; 0 MHz                  ; String                                 ;
; phase_shift10                        ; 0 ps                   ; String                                 ;
; duty_cycle10                         ; 50                     ; Signed Integer                         ;
; output_clock_frequency11             ; 0 MHz                  ; String                                 ;
; phase_shift11                        ; 0 ps                   ; String                                 ;
; duty_cycle11                         ; 50                     ; Signed Integer                         ;
; output_clock_frequency12             ; 0 MHz                  ; String                                 ;
; phase_shift12                        ; 0 ps                   ; String                                 ;
; duty_cycle12                         ; 50                     ; Signed Integer                         ;
; output_clock_frequency13             ; 0 MHz                  ; String                                 ;
; phase_shift13                        ; 0 ps                   ; String                                 ;
; duty_cycle13                         ; 50                     ; Signed Integer                         ;
; output_clock_frequency14             ; 0 MHz                  ; String                                 ;
; phase_shift14                        ; 0 ps                   ; String                                 ;
; duty_cycle14                         ; 50                     ; Signed Integer                         ;
; output_clock_frequency15             ; 0 MHz                  ; String                                 ;
; phase_shift15                        ; 0 ps                   ; String                                 ;
; duty_cycle15                         ; 50                     ; Signed Integer                         ;
; output_clock_frequency16             ; 0 MHz                  ; String                                 ;
; phase_shift16                        ; 0 ps                   ; String                                 ;
; duty_cycle16                         ; 50                     ; Signed Integer                         ;
; output_clock_frequency17             ; 0 MHz                  ; String                                 ;
; phase_shift17                        ; 0 ps                   ; String                                 ;
; duty_cycle17                         ; 50                     ; Signed Integer                         ;
; clock_name_0                         ;                        ; String                                 ;
; clock_name_1                         ;                        ; String                                 ;
; clock_name_2                         ;                        ; String                                 ;
; clock_name_3                         ;                        ; String                                 ;
; clock_name_4                         ;                        ; String                                 ;
; clock_name_5                         ;                        ; String                                 ;
; clock_name_6                         ;                        ; String                                 ;
; clock_name_7                         ;                        ; String                                 ;
; clock_name_8                         ;                        ; String                                 ;
; clock_name_global_0                  ; false                  ; String                                 ;
; clock_name_global_1                  ; false                  ; String                                 ;
; clock_name_global_2                  ; false                  ; String                                 ;
; clock_name_global_3                  ; false                  ; String                                 ;
; clock_name_global_4                  ; false                  ; String                                 ;
; clock_name_global_5                  ; false                  ; String                                 ;
; clock_name_global_6                  ; false                  ; String                                 ;
; clock_name_global_7                  ; false                  ; String                                 ;
; clock_name_global_8                  ; false                  ; String                                 ;
; m_cnt_hi_div                         ; 1                      ; Signed Integer                         ;
; m_cnt_lo_div                         ; 1                      ; Signed Integer                         ;
; m_cnt_bypass_en                      ; false                  ; String                                 ;
; m_cnt_odd_div_duty_en                ; false                  ; String                                 ;
; n_cnt_hi_div                         ; 1                      ; Signed Integer                         ;
; n_cnt_lo_div                         ; 1                      ; Signed Integer                         ;
; n_cnt_bypass_en                      ; false                  ; String                                 ;
; n_cnt_odd_div_duty_en                ; false                  ; String                                 ;
; c_cnt_hi_div0                        ; 1                      ; Signed Integer                         ;
; c_cnt_lo_div0                        ; 1                      ; Signed Integer                         ;
; c_cnt_bypass_en0                     ; false                  ; String                                 ;
; c_cnt_in_src0                        ; ph_mux_clk             ; String                                 ;
; c_cnt_odd_div_duty_en0               ; false                  ; String                                 ;
; c_cnt_prst0                          ; 1                      ; Signed Integer                         ;
; c_cnt_ph_mux_prst0                   ; 0                      ; Signed Integer                         ;
; c_cnt_hi_div1                        ; 1                      ; Signed Integer                         ;
; c_cnt_lo_div1                        ; 1                      ; Signed Integer                         ;
; c_cnt_bypass_en1                     ; false                  ; String                                 ;
; c_cnt_in_src1                        ; ph_mux_clk             ; String                                 ;
; c_cnt_odd_div_duty_en1               ; false                  ; String                                 ;
; c_cnt_prst1                          ; 1                      ; Signed Integer                         ;
; c_cnt_ph_mux_prst1                   ; 0                      ; Signed Integer                         ;
; c_cnt_hi_div2                        ; 1                      ; Signed Integer                         ;
; c_cnt_lo_div2                        ; 1                      ; Signed Integer                         ;
; c_cnt_bypass_en2                     ; false                  ; String                                 ;
; c_cnt_in_src2                        ; ph_mux_clk             ; String                                 ;
; c_cnt_odd_div_duty_en2               ; false                  ; String                                 ;
; c_cnt_prst2                          ; 1                      ; Signed Integer                         ;
; c_cnt_ph_mux_prst2                   ; 0                      ; Signed Integer                         ;
; c_cnt_hi_div3                        ; 1                      ; Signed Integer                         ;
; c_cnt_lo_div3                        ; 1                      ; Signed Integer                         ;
; c_cnt_bypass_en3                     ; false                  ; String                                 ;
; c_cnt_in_src3                        ; ph_mux_clk             ; String                                 ;
; c_cnt_odd_div_duty_en3               ; false                  ; String                                 ;
; c_cnt_prst3                          ; 1                      ; Signed Integer                         ;
; c_cnt_ph_mux_prst3                   ; 0                      ; Signed Integer                         ;
; c_cnt_hi_div4                        ; 1                      ; Signed Integer                         ;
; c_cnt_lo_div4                        ; 1                      ; Signed Integer                         ;
; c_cnt_bypass_en4                     ; false                  ; String                                 ;
; c_cnt_in_src4                        ; ph_mux_clk             ; String                                 ;
; c_cnt_odd_div_duty_en4               ; false                  ; String                                 ;
; c_cnt_prst4                          ; 1                      ; Signed Integer                         ;
; c_cnt_ph_mux_prst4                   ; 0                      ; Signed Integer                         ;
; c_cnt_hi_div5                        ; 1                      ; Signed Integer                         ;
; c_cnt_lo_div5                        ; 1                      ; Signed Integer                         ;
; c_cnt_bypass_en5                     ; false                  ; String                                 ;
; c_cnt_in_src5                        ; ph_mux_clk             ; String                                 ;
; c_cnt_odd_div_duty_en5               ; false                  ; String                                 ;
; c_cnt_prst5                          ; 1                      ; Signed Integer                         ;
; c_cnt_ph_mux_prst5                   ; 0                      ; Signed Integer                         ;
; c_cnt_hi_div6                        ; 1                      ; Signed Integer                         ;
; c_cnt_lo_div6                        ; 1                      ; Signed Integer                         ;
; c_cnt_bypass_en6                     ; false                  ; String                                 ;
; c_cnt_in_src6                        ; ph_mux_clk             ; String                                 ;
; c_cnt_odd_div_duty_en6               ; false                  ; String                                 ;
; c_cnt_prst6                          ; 1                      ; Signed Integer                         ;
; c_cnt_ph_mux_prst6                   ; 0                      ; Signed Integer                         ;
; c_cnt_hi_div7                        ; 1                      ; Signed Integer                         ;
; c_cnt_lo_div7                        ; 1                      ; Signed Integer                         ;
; c_cnt_bypass_en7                     ; false                  ; String                                 ;
; c_cnt_in_src7                        ; ph_mux_clk             ; String                                 ;
; c_cnt_odd_div_duty_en7               ; false                  ; String                                 ;
; c_cnt_prst7                          ; 1                      ; Signed Integer                         ;
; c_cnt_ph_mux_prst7                   ; 0                      ; Signed Integer                         ;
; c_cnt_hi_div8                        ; 1                      ; Signed Integer                         ;
; c_cnt_lo_div8                        ; 1                      ; Signed Integer                         ;
; c_cnt_bypass_en8                     ; false                  ; String                                 ;
; c_cnt_in_src8                        ; ph_mux_clk             ; String                                 ;
; c_cnt_odd_div_duty_en8               ; false                  ; String                                 ;
; c_cnt_prst8                          ; 1                      ; Signed Integer                         ;
; c_cnt_ph_mux_prst8                   ; 0                      ; Signed Integer                         ;
; c_cnt_hi_div9                        ; 1                      ; Signed Integer                         ;
; c_cnt_lo_div9                        ; 1                      ; Signed Integer                         ;
; c_cnt_bypass_en9                     ; false                  ; String                                 ;
; c_cnt_in_src9                        ; ph_mux_clk             ; String                                 ;
; c_cnt_odd_div_duty_en9               ; false                  ; String                                 ;
; c_cnt_prst9                          ; 1                      ; Signed Integer                         ;
; c_cnt_ph_mux_prst9                   ; 0                      ; Signed Integer                         ;
; c_cnt_hi_div10                       ; 1                      ; Signed Integer                         ;
; c_cnt_lo_div10                       ; 1                      ; Signed Integer                         ;
; c_cnt_bypass_en10                    ; false                  ; String                                 ;
; c_cnt_in_src10                       ; ph_mux_clk             ; String                                 ;
; c_cnt_odd_div_duty_en10              ; false                  ; String                                 ;
; c_cnt_prst10                         ; 1                      ; Signed Integer                         ;
; c_cnt_ph_mux_prst10                  ; 0                      ; Signed Integer                         ;
; c_cnt_hi_div11                       ; 1                      ; Signed Integer                         ;
; c_cnt_lo_div11                       ; 1                      ; Signed Integer                         ;
; c_cnt_bypass_en11                    ; false                  ; String                                 ;
; c_cnt_in_src11                       ; ph_mux_clk             ; String                                 ;
; c_cnt_odd_div_duty_en11              ; false                  ; String                                 ;
; c_cnt_prst11                         ; 1                      ; Signed Integer                         ;
; c_cnt_ph_mux_prst11                  ; 0                      ; Signed Integer                         ;
; c_cnt_hi_div12                       ; 1                      ; Signed Integer                         ;
; c_cnt_lo_div12                       ; 1                      ; Signed Integer                         ;
; c_cnt_bypass_en12                    ; false                  ; String                                 ;
; c_cnt_in_src12                       ; ph_mux_clk             ; String                                 ;
; c_cnt_odd_div_duty_en12              ; false                  ; String                                 ;
; c_cnt_prst12                         ; 1                      ; Signed Integer                         ;
; c_cnt_ph_mux_prst12                  ; 0                      ; Signed Integer                         ;
; c_cnt_hi_div13                       ; 1                      ; Signed Integer                         ;
; c_cnt_lo_div13                       ; 1                      ; Signed Integer                         ;
; c_cnt_bypass_en13                    ; false                  ; String                                 ;
; c_cnt_in_src13                       ; ph_mux_clk             ; String                                 ;
; c_cnt_odd_div_duty_en13              ; false                  ; String                                 ;
; c_cnt_prst13                         ; 1                      ; Signed Integer                         ;
; c_cnt_ph_mux_prst13                  ; 0                      ; Signed Integer                         ;
; c_cnt_hi_div14                       ; 1                      ; Signed Integer                         ;
; c_cnt_lo_div14                       ; 1                      ; Signed Integer                         ;
; c_cnt_bypass_en14                    ; false                  ; String                                 ;
; c_cnt_in_src14                       ; ph_mux_clk             ; String                                 ;
; c_cnt_odd_div_duty_en14              ; false                  ; String                                 ;
; c_cnt_prst14                         ; 1                      ; Signed Integer                         ;
; c_cnt_ph_mux_prst14                  ; 0                      ; Signed Integer                         ;
; c_cnt_hi_div15                       ; 1                      ; Signed Integer                         ;
; c_cnt_lo_div15                       ; 1                      ; Signed Integer                         ;
; c_cnt_bypass_en15                    ; false                  ; String                                 ;
; c_cnt_in_src15                       ; ph_mux_clk             ; String                                 ;
; c_cnt_odd_div_duty_en15              ; false                  ; String                                 ;
; c_cnt_prst15                         ; 1                      ; Signed Integer                         ;
; c_cnt_ph_mux_prst15                  ; 0                      ; Signed Integer                         ;
; c_cnt_hi_div16                       ; 1                      ; Signed Integer                         ;
; c_cnt_lo_div16                       ; 1                      ; Signed Integer                         ;
; c_cnt_bypass_en16                    ; false                  ; String                                 ;
; c_cnt_in_src16                       ; ph_mux_clk             ; String                                 ;
; c_cnt_odd_div_duty_en16              ; false                  ; String                                 ;
; c_cnt_prst16                         ; 1                      ; Signed Integer                         ;
; c_cnt_ph_mux_prst16                  ; 0                      ; Signed Integer                         ;
; c_cnt_hi_div17                       ; 1                      ; Signed Integer                         ;
; c_cnt_lo_div17                       ; 1                      ; Signed Integer                         ;
; c_cnt_bypass_en17                    ; false                  ; String                                 ;
; c_cnt_in_src17                       ; ph_mux_clk             ; String                                 ;
; c_cnt_odd_div_duty_en17              ; false                  ; String                                 ;
; c_cnt_prst17                         ; 1                      ; Signed Integer                         ;
; c_cnt_ph_mux_prst17                  ; 0                      ; Signed Integer                         ;
; pll_vco_div                          ; 1                      ; Signed Integer                         ;
; pll_slf_rst                          ; false                  ; String                                 ;
; pll_bw_sel                           ; low                    ; String                                 ;
; pll_output_clk_frequency             ; 0 MHz                  ; String                                 ;
; pll_cp_current                       ; 0                      ; Signed Integer                         ;
; pll_bwctrl                           ; 0                      ; Signed Integer                         ;
; pll_fractional_division              ; 1                      ; Signed Integer                         ;
; pll_fractional_cout                  ; 24                     ; Signed Integer                         ;
; pll_dsm_out_sel                      ; 1st_order              ; String                                 ;
; mimic_fbclk_type                     ; gclk                   ; String                                 ;
; pll_fbclk_mux_1                      ; glb                    ; String                                 ;
; pll_fbclk_mux_2                      ; fb_1                   ; String                                 ;
; pll_m_cnt_in_src                     ; ph_mux_clk             ; String                                 ;
; pll_vcoph_div                        ; 1                      ; Signed Integer                         ;
; refclk1_frequency                    ; 0 MHz                  ; String                                 ;
; pll_clkin_0_src                      ; clk_0                  ; String                                 ;
; pll_clkin_1_src                      ; clk_0                  ; String                                 ;
; pll_clk_loss_sw_en                   ; false                  ; String                                 ;
; pll_auto_clk_sw_en                   ; false                  ; String                                 ;
; pll_manu_clk_sw_en                   ; false                  ; String                                 ;
; pll_clk_sw_dly                       ; 0                      ; Signed Integer                         ;
; pll_extclk_0_cnt_src                 ; pll_extclk_cnt_src_vss ; String                                 ;
; pll_extclk_1_cnt_src                 ; pll_extclk_cnt_src_vss ; String                                 ;
+--------------------------------------+------------------------+----------------------------------------+
Note: In order to hide this table in the UI and the text report file, please set the "Show Parameter Settings in Synthesis Report" option in "Analysis and Synthesis Settings -> More Settings" to "Off".


+----------------------------------------------------------------------------+
; Parameter Settings for User Entity Instance: emu:emu|vtg_controls:controls ;
+---------------------+----------+-------------------------------------------+
; Parameter Name      ; Value    ; Type                                      ;
+---------------------+----------+-------------------------------------------+
; REPEAT_DELAY_CYCLES ; 12600000 ; Signed Integer                            ;
; REPEAT_RATE_CYCLES  ; 2520000  ; Signed Integer                            ;
+---------------------+----------+-------------------------------------------+
Note: In order to hide this table in the UI and the text report file, please set the "Show Parameter Settings in Synthesis Report" option in "Analysis and Synthesis Settings -> More Settings" to "Off".


+------------------------------------------------------------------------------------------+
; Parameter Settings for User Entity Instance: emu:emu|vtg9000_core:core|vtg_raster:raster ;
+-----------------------+--------------+---------------------------------------------------+
; Parameter Name        ; Value        ; Type                                              ;
+-----------------------+--------------+---------------------------------------------------+
; H_ACTIVE              ; 001011010000 ; Unsigned Binary                                   ;
; H_FRONT               ; 000000010000 ; Unsigned Binary                                   ;
; H_SYNC                ; 000000111110 ; Unsigned Binary                                   ;
; H_BACK                ; 000000111100 ; Unsigned Binary                                   ;
; I_TOTAL               ; 001000001101 ; Unsigned Binary                                   ;
; I_FIELD2_LINE         ; 000100000110 ; Unsigned Binary                                   ;
; I_FIELD1_ACTIVE_START ; 000000010010 ; Unsigned Binary                                   ;
; I_FIELD2_ACTIVE_START ; 000100011001 ; Unsigned Binary                                   ;
; P_TOTAL               ; 000100000110 ; Unsigned Binary                                   ;
; P_ACTIVE_START        ; 000000010010 ; Unsigned Binary                                   ;
; ACTIVE_LINES          ; 000011110000 ; Unsigned Binary                                   ;
; VSYNC_LINES           ; 000000000011 ; Unsigned Binary                                   ;
; HSYNC_POSITIVE        ; 0            ; Unsigned Binary                                   ;
; VSYNC_POSITIVE        ; 0            ; Unsigned Binary                                   ;
+-----------------------+--------------+---------------------------------------------------+
Note: In order to hide this table in the UI and the text report file, please set the "Show Parameter Settings in Synthesis Report" option in "Analysis and Synthesis Settings -> More Settings" to "Off".


+------------------------------------------------------------------------------------------+
; Parameter Settings for Inferred Entity Instance: osd:vga_osd|altsyncram:osd_buffer_rtl_0 ;
+------------------------------------+----------------------+------------------------------+
; Parameter Name                     ; Value                ; Type                         ;
+------------------------------------+----------------------+------------------------------+
; BYTE_SIZE_BLOCK                    ; 8                    ; Untyped                      ;
; AUTO_CARRY_CHAINS                  ; ON                   ; AUTO_CARRY                   ;
; IGNORE_CARRY_BUFFERS               ; OFF                  ; IGNORE_CARRY                 ;
; AUTO_CASCADE_CHAINS                ; ON                   ; AUTO_CASCADE                 ;
; IGNORE_CASCADE_BUFFERS             ; OFF                  ; IGNORE_CASCADE               ;
; WIDTH_BYTEENA                      ; 1                    ; Untyped                      ;
; OPERATION_MODE                     ; DUAL_PORT            ; Untyped                      ;
; WIDTH_A                            ; 8                    ; Untyped                      ;
; WIDTHAD_A                          ; 12                   ; Untyped                      ;
; NUMWORDS_A                         ; 4096                 ; Untyped                      ;
; OUTDATA_REG_A                      ; UNREGISTERED         ; Untyped                      ;
; ADDRESS_ACLR_A                     ; NONE                 ; Untyped                      ;
; OUTDATA_ACLR_A                     ; NONE                 ; Untyped                      ;
; WRCONTROL_ACLR_A                   ; NONE                 ; Untyped                      ;
; INDATA_ACLR_A                      ; NONE                 ; Untyped                      ;
; BYTEENA_ACLR_A                     ; NONE                 ; Untyped                      ;
; WIDTH_B                            ; 8                    ; Untyped                      ;
; WIDTHAD_B                          ; 12                   ; Untyped                      ;
; NUMWORDS_B                         ; 4096                 ; Untyped                      ;
; INDATA_REG_B                       ; CLOCK1               ; Untyped                      ;
; WRCONTROL_WRADDRESS_REG_B          ; CLOCK1               ; Untyped                      ;
; RDCONTROL_REG_B                    ; CLOCK0               ; Untyped                      ;
; ADDRESS_REG_B                      ; CLOCK0               ; Untyped                      ;
; OUTDATA_REG_B                      ; UNREGISTERED         ; Untyped                      ;
; BYTEENA_REG_B                      ; CLOCK1               ; Untyped                      ;
; INDATA_ACLR_B                      ; NONE                 ; Untyped                      ;
; WRCONTROL_ACLR_B                   ; NONE                 ; Untyped                      ;
; ADDRESS_ACLR_B                     ; NONE                 ; Untyped                      ;
; OUTDATA_ACLR_B                     ; NONE                 ; Untyped                      ;
; RDCONTROL_ACLR_B                   ; NONE                 ; Untyped                      ;
; BYTEENA_ACLR_B                     ; NONE                 ; Untyped                      ;
; WIDTH_BYTEENA_A                    ; 1                    ; Untyped                      ;
; WIDTH_BYTEENA_B                    ; 1                    ; Untyped                      ;
; RAM_BLOCK_TYPE                     ; AUTO                 ; Untyped                      ;
; BYTE_SIZE                          ; 8                    ; Untyped                      ;
; READ_DURING_WRITE_MODE_MIXED_PORTS ; DONT_CARE            ; Untyped                      ;
; READ_DURING_WRITE_MODE_PORT_A      ; NEW_DATA_NO_NBE_READ ; Untyped                      ;
; READ_DURING_WRITE_MODE_PORT_B      ; NEW_DATA_NO_NBE_READ ; Untyped                      ;
; INIT_FILE                          ; UNUSED               ; Untyped                      ;
; INIT_FILE_LAYOUT                   ; PORT_A               ; Untyped                      ;
; MAXIMUM_DEPTH                      ; 0                    ; Untyped                      ;
; CLOCK_ENABLE_INPUT_A               ; NORMAL               ; Untyped                      ;
; CLOCK_ENABLE_INPUT_B               ; NORMAL               ; Untyped                      ;
; CLOCK_ENABLE_OUTPUT_A              ; NORMAL               ; Untyped                      ;
; CLOCK_ENABLE_OUTPUT_B              ; NORMAL               ; Untyped                      ;
; CLOCK_ENABLE_CORE_A                ; USE_INPUT_CLKEN      ; Untyped                      ;
; CLOCK_ENABLE_CORE_B                ; USE_INPUT_CLKEN      ; Untyped                      ;
; ENABLE_ECC                         ; FALSE                ; Untyped                      ;
; ECC_PIPELINE_STAGE_ENABLED         ; FALSE                ; Untyped                      ;
; WIDTH_ECCSTATUS                    ; 3                    ; Untyped                      ;
; DEVICE_FAMILY                      ; Cyclone V            ; Untyped                      ;
; CBXI_PARAMETER                     ; altsyncram_0nl1      ; Untyped                      ;
+------------------------------------+----------------------+------------------------------+
Note: In order to hide this table in the UI and the text report file, please set the "Show Parameter Settings in Synthesis Report" option in "Analysis and Synthesis Settings -> More Settings" to "Off".


+-------------------------------------------------------------------------------------------+
; Parameter Settings for Inferred Entity Instance: osd:hdmi_osd|altsyncram:osd_buffer_rtl_0 ;
+------------------------------------+----------------------+-------------------------------+
; Parameter Name                     ; Value                ; Type                          ;
+------------------------------------+----------------------+-------------------------------+
; BYTE_SIZE_BLOCK                    ; 8                    ; Untyped                       ;
; AUTO_CARRY_CHAINS                  ; ON                   ; AUTO_CARRY                    ;
; IGNORE_CARRY_BUFFERS               ; OFF                  ; IGNORE_CARRY                  ;
; AUTO_CASCADE_CHAINS                ; ON                   ; AUTO_CASCADE                  ;
; IGNORE_CASCADE_BUFFERS             ; OFF                  ; IGNORE_CASCADE                ;
; WIDTH_BYTEENA                      ; 1                    ; Untyped                       ;
; OPERATION_MODE                     ; DUAL_PORT            ; Untyped                       ;
; WIDTH_A                            ; 8                    ; Untyped                       ;
; WIDTHAD_A                          ; 12                   ; Untyped                       ;
; NUMWORDS_A                         ; 4096                 ; Untyped                       ;
; OUTDATA_REG_A                      ; UNREGISTERED         ; Untyped                       ;
; ADDRESS_ACLR_A                     ; NONE                 ; Untyped                       ;
; OUTDATA_ACLR_A                     ; NONE                 ; Untyped                       ;
; WRCONTROL_ACLR_A                   ; NONE                 ; Untyped                       ;
; INDATA_ACLR_A                      ; NONE                 ; Untyped                       ;
; BYTEENA_ACLR_A                     ; NONE                 ; Untyped                       ;
; WIDTH_B                            ; 8                    ; Untyped                       ;
; WIDTHAD_B                          ; 12                   ; Untyped                       ;
; NUMWORDS_B                         ; 4096                 ; Untyped                       ;
; INDATA_REG_B                       ; CLOCK1               ; Untyped                       ;
; WRCONTROL_WRADDRESS_REG_B          ; CLOCK1               ; Untyped                       ;
; RDCONTROL_REG_B                    ; CLOCK1               ; Untyped                       ;
; ADDRESS_REG_B                      ; CLOCK1               ; Untyped                       ;
; OUTDATA_REG_B                      ; UNREGISTERED         ; Untyped                       ;
; BYTEENA_REG_B                      ; CLOCK1               ; Untyped                       ;
; INDATA_ACLR_B                      ; NONE                 ; Untyped                       ;
; WRCONTROL_ACLR_B                   ; NONE                 ; Untyped                       ;
; ADDRESS_ACLR_B                     ; NONE                 ; Untyped                       ;
; OUTDATA_ACLR_B                     ; NONE                 ; Untyped                       ;
; RDCONTROL_ACLR_B                   ; NONE                 ; Untyped                       ;
; BYTEENA_ACLR_B                     ; NONE                 ; Untyped                       ;
; WIDTH_BYTEENA_A                    ; 1                    ; Untyped                       ;
; WIDTH_BYTEENA_B                    ; 1                    ; Untyped                       ;
; RAM_BLOCK_TYPE                     ; AUTO                 ; Untyped                       ;
; BYTE_SIZE                          ; 8                    ; Untyped                       ;
; READ_DURING_WRITE_MODE_MIXED_PORTS ; DONT_CARE            ; Untyped                       ;
; READ_DURING_WRITE_MODE_PORT_A      ; NEW_DATA_NO_NBE_READ ; Untyped                       ;
; READ_DURING_WRITE_MODE_PORT_B      ; NEW_DATA_NO_NBE_READ ; Untyped                       ;
; INIT_FILE                          ; UNUSED               ; Untyped                       ;
; INIT_FILE_LAYOUT                   ; PORT_A               ; Untyped                       ;
; MAXIMUM_DEPTH                      ; 0                    ; Untyped                       ;
; CLOCK_ENABLE_INPUT_A               ; NORMAL               ; Untyped                       ;
; CLOCK_ENABLE_INPUT_B               ; NORMAL               ; Untyped                       ;
; CLOCK_ENABLE_OUTPUT_A              ; NORMAL               ; Untyped                       ;
; CLOCK_ENABLE_OUTPUT_B              ; NORMAL               ; Untyped                       ;
; CLOCK_ENABLE_CORE_A                ; USE_INPUT_CLKEN      ; Untyped                       ;
; CLOCK_ENABLE_CORE_B                ; USE_INPUT_CLKEN      ; Untyped                       ;
; ENABLE_ECC                         ; FALSE                ; Untyped                       ;
; ECC_PIPELINE_STAGE_ENABLED         ; FALSE                ; Untyped                       ;
; WIDTH_ECCSTATUS                    ; 3                    ; Untyped                       ;
; DEVICE_FAMILY                      ; Cyclone V            ; Untyped                       ;
; CBXI_PARAMETER                     ; altsyncram_i6k1      ; Untyped                       ;
+------------------------------------+----------------------+-------------------------------+
Note: In order to hide this table in the UI and the text report file, please set the "Show Parameter Settings in Synthesis Report" option in "Analysis and Synthesis Settings -> More Settings" to "Off".


+-------------------------------------------------------------------------------------------------------+
; Parameter Settings for Inferred Entity Instance: shadowmask:HDMI_shadowmask|altsyncram:mask_lut_rtl_0 ;
+------------------------------------+----------------------+-------------------------------------------+
; Parameter Name                     ; Value                ; Type                                      ;
+------------------------------------+----------------------+-------------------------------------------+
; BYTE_SIZE_BLOCK                    ; 8                    ; Untyped                                   ;
; AUTO_CARRY_CHAINS                  ; ON                   ; AUTO_CARRY                                ;
; IGNORE_CARRY_BUFFERS               ; OFF                  ; IGNORE_CARRY                              ;
; AUTO_CASCADE_CHAINS                ; ON                   ; AUTO_CASCADE                              ;
; IGNORE_CASCADE_BUFFERS             ; OFF                  ; IGNORE_CASCADE                            ;
; WIDTH_BYTEENA                      ; 1                    ; Untyped                                   ;
; OPERATION_MODE                     ; DUAL_PORT            ; Untyped                                   ;
; WIDTH_A                            ; 11                   ; Untyped                                   ;
; WIDTHAD_A                          ; 8                    ; Untyped                                   ;
; NUMWORDS_A                         ; 256                  ; Untyped                                   ;
; OUTDATA_REG_A                      ; UNREGISTERED         ; Untyped                                   ;
; ADDRESS_ACLR_A                     ; NONE                 ; Untyped                                   ;
; OUTDATA_ACLR_A                     ; NONE                 ; Untyped                                   ;
; WRCONTROL_ACLR_A                   ; NONE                 ; Untyped                                   ;
; INDATA_ACLR_A                      ; NONE                 ; Untyped                                   ;
; BYTEENA_ACLR_A                     ; NONE                 ; Untyped                                   ;
; WIDTH_B                            ; 11                   ; Untyped                                   ;
; WIDTHAD_B                          ; 8                    ; Untyped                                   ;
; NUMWORDS_B                         ; 256                  ; Untyped                                   ;
; INDATA_REG_B                       ; CLOCK1               ; Untyped                                   ;
; WRCONTROL_WRADDRESS_REG_B          ; CLOCK1               ; Untyped                                   ;
; RDCONTROL_REG_B                    ; CLOCK1               ; Untyped                                   ;
; ADDRESS_REG_B                      ; CLOCK1               ; Untyped                                   ;
; OUTDATA_REG_B                      ; UNREGISTERED         ; Untyped                                   ;
; BYTEENA_REG_B                      ; CLOCK1               ; Untyped                                   ;
; INDATA_ACLR_B                      ; NONE                 ; Untyped                                   ;
; WRCONTROL_ACLR_B                   ; NONE                 ; Untyped                                   ;
; ADDRESS_ACLR_B                     ; NONE                 ; Untyped                                   ;
; OUTDATA_ACLR_B                     ; NONE                 ; Untyped                                   ;
; RDCONTROL_ACLR_B                   ; NONE                 ; Untyped                                   ;
; BYTEENA_ACLR_B                     ; NONE                 ; Untyped                                   ;
; WIDTH_BYTEENA_A                    ; 1                    ; Untyped                                   ;
; WIDTH_BYTEENA_B                    ; 1                    ; Untyped                                   ;
; RAM_BLOCK_TYPE                     ; AUTO                 ; Untyped                                   ;
; BYTE_SIZE                          ; 8                    ; Untyped                                   ;
; READ_DURING_WRITE_MODE_MIXED_PORTS ; DONT_CARE            ; Untyped                                   ;
; READ_DURING_WRITE_MODE_PORT_A      ; NEW_DATA_NO_NBE_READ ; Untyped                                   ;
; READ_DURING_WRITE_MODE_PORT_B      ; NEW_DATA_NO_NBE_READ ; Untyped                                   ;
; INIT_FILE                          ; UNUSED               ; Untyped                                   ;
; INIT_FILE_LAYOUT                   ; PORT_A               ; Untyped                                   ;
; MAXIMUM_DEPTH                      ; 0                    ; Untyped                                   ;
; CLOCK_ENABLE_INPUT_A               ; NORMAL               ; Untyped                                   ;
; CLOCK_ENABLE_INPUT_B               ; NORMAL               ; Untyped                                   ;
; CLOCK_ENABLE_OUTPUT_A              ; NORMAL               ; Untyped                                   ;
; CLOCK_ENABLE_OUTPUT_B              ; NORMAL               ; Untyped                                   ;
; CLOCK_ENABLE_CORE_A                ; USE_INPUT_CLKEN      ; Untyped                                   ;
; CLOCK_ENABLE_CORE_B                ; USE_INPUT_CLKEN      ; Untyped                                   ;
; ENABLE_ECC                         ; FALSE                ; Untyped                                   ;
; ECC_PIPELINE_STAGE_ENABLED         ; FALSE                ; Untyped                                   ;
; WIDTH_ECCSTATUS                    ; 3                    ; Untyped                                   ;
; DEVICE_FAMILY                      ; Cyclone V            ; Untyped                                   ;
; CBXI_PARAMETER                     ; altsyncram_k9j1      ; Untyped                                   ;
+------------------------------------+----------------------+-------------------------------------------+
Note: In order to hide this table in the UI and the text report file, please set the "Show Parameter Settings in Synthesis Report" option in "Analysis and Synthesis Settings -> More Settings" to "Off".


+---------------------------------------------------------------------------------------+
; Parameter Settings for Inferred Entity Instance: ascal:ascal|altsyncram:o_dpram_rtl_0 ;
+------------------------------------+----------------------+---------------------------+
; Parameter Name                     ; Value                ; Type                      ;
+------------------------------------+----------------------+---------------------------+
; BYTE_SIZE_BLOCK                    ; 8                    ; Untyped                   ;
; AUTO_CARRY_CHAINS                  ; ON                   ; AUTO_CARRY                ;
; IGNORE_CARRY_BUFFERS               ; OFF                  ; IGNORE_CARRY              ;
; AUTO_CASCADE_CHAINS                ; ON                   ; AUTO_CASCADE              ;
; IGNORE_CASCADE_BUFFERS             ; OFF                  ; IGNORE_CASCADE            ;
; WIDTH_BYTEENA                      ; 1                    ; Untyped                   ;
; OPERATION_MODE                     ; DUAL_PORT            ; Untyped                   ;
; WIDTH_A                            ; 128                  ; Untyped                   ;
; WIDTHAD_A                          ; 5                    ; Untyped                   ;
; NUMWORDS_A                         ; 32                   ; Untyped                   ;
; OUTDATA_REG_A                      ; UNREGISTERED         ; Untyped                   ;
; ADDRESS_ACLR_A                     ; NONE                 ; Untyped                   ;
; OUTDATA_ACLR_A                     ; NONE                 ; Untyped                   ;
; WRCONTROL_ACLR_A                   ; NONE                 ; Untyped                   ;
; INDATA_ACLR_A                      ; NONE                 ; Untyped                   ;
; BYTEENA_ACLR_A                     ; NONE                 ; Untyped                   ;
; WIDTH_B                            ; 128                  ; Untyped                   ;
; WIDTHAD_B                          ; 5                    ; Untyped                   ;
; NUMWORDS_B                         ; 32                   ; Untyped                   ;
; INDATA_REG_B                       ; CLOCK1               ; Untyped                   ;
; WRCONTROL_WRADDRESS_REG_B          ; CLOCK1               ; Untyped                   ;
; RDCONTROL_REG_B                    ; CLOCK1               ; Untyped                   ;
; ADDRESS_REG_B                      ; CLOCK1               ; Untyped                   ;
; OUTDATA_REG_B                      ; CLOCK1               ; Untyped                   ;
; BYTEENA_REG_B                      ; CLOCK1               ; Untyped                   ;
; INDATA_ACLR_B                      ; NONE                 ; Untyped                   ;
; WRCONTROL_ACLR_B                   ; NONE                 ; Untyped                   ;
; ADDRESS_ACLR_B                     ; NONE                 ; Untyped                   ;
; OUTDATA_ACLR_B                     ; NONE                 ; Untyped                   ;
; RDCONTROL_ACLR_B                   ; NONE                 ; Untyped                   ;
; BYTEENA_ACLR_B                     ; NONE                 ; Untyped                   ;
; WIDTH_BYTEENA_A                    ; 1                    ; Untyped                   ;
; WIDTH_BYTEENA_B                    ; 1                    ; Untyped                   ;
; RAM_BLOCK_TYPE                     ; AUTO                 ; Untyped                   ;
; BYTE_SIZE                          ; 8                    ; Untyped                   ;
; READ_DURING_WRITE_MODE_MIXED_PORTS ; DONT_CARE            ; Untyped                   ;
; READ_DURING_WRITE_MODE_PORT_A      ; NEW_DATA_NO_NBE_READ ; Untyped                   ;
; READ_DURING_WRITE_MODE_PORT_B      ; NEW_DATA_NO_NBE_READ ; Untyped                   ;
; INIT_FILE                          ; UNUSED               ; Untyped                   ;
; INIT_FILE_LAYOUT                   ; PORT_A               ; Untyped                   ;
; MAXIMUM_DEPTH                      ; 0                    ; Untyped                   ;
; CLOCK_ENABLE_INPUT_A               ; NORMAL               ; Untyped                   ;
; CLOCK_ENABLE_INPUT_B               ; NORMAL               ; Untyped                   ;
; CLOCK_ENABLE_OUTPUT_A              ; NORMAL               ; Untyped                   ;
; CLOCK_ENABLE_OUTPUT_B              ; NORMAL               ; Untyped                   ;
; CLOCK_ENABLE_CORE_A                ; USE_INPUT_CLKEN      ; Untyped                   ;
; CLOCK_ENABLE_CORE_B                ; USE_INPUT_CLKEN      ; Untyped                   ;
; ENABLE_ECC                         ; FALSE                ; Untyped                   ;
; ECC_PIPELINE_STAGE_ENABLED         ; FALSE                ; Untyped                   ;
; WIDTH_ECCSTATUS                    ; 3                    ; Untyped                   ;
; DEVICE_FAMILY                      ; Cyclone V            ; Untyped                   ;
; CBXI_PARAMETER                     ; altsyncram_32k1      ; Untyped                   ;
+------------------------------------+----------------------+---------------------------+
Note: In order to hide this table in the UI and the text report file, please set the "Show Parameter Settings in Synthesis Report" option in "Analysis and Synthesis Settings -> More Settings" to "Off".


+--------------------------------------------------------------------------------------------+
; Parameter Settings for Inferred Entity Instance: yc_out:yc_out|altshift_taps:luma_d0_rtl_0 ;
+----------------+----------------+----------------------------------------------------------+
; Parameter Name ; Value          ; Type                                                     ;
+----------------+----------------+----------------------------------------------------------+
; WIDTH_BYTEENA  ; 1              ; Untyped                                                  ;
; NUMBER_OF_TAPS ; 1              ; Untyped                                                  ;
; TAP_DISTANCE   ; 5              ; Untyped                                                  ;
; WIDTH          ; 8              ; Untyped                                                  ;
; POWER_UP_STATE ; DONT_CARE      ; Untyped                                                  ;
; CBXI_PARAMETER ; shift_taps_gtu ; Untyped                                                  ;
+----------------+----------------+----------------------------------------------------------+
Note: In order to hide this table in the UI and the text report file, please set the "Show Parameter Settings in Synthesis Report" option in "Analysis and Synthesis Settings -> More Settings" to "Off".


+-----------------------------------------------------------------------------------------------------+
; Parameter Settings for Inferred Entity Instance: shadowmask:HDMI_shadowmask|altshift_taps:vid_rtl_0 ;
+----------------+----------------+-------------------------------------------------------------------+
; Parameter Name ; Value          ; Type                                                              ;
+----------------+----------------+-------------------------------------------------------------------+
; WIDTH_BYTEENA  ; 1              ; Untyped                                                           ;
; NUMBER_OF_TAPS ; 1              ; Untyped                                                           ;
; TAP_DISTANCE   ; 4              ; Untyped                                                           ;
; WIDTH          ; 81             ; Untyped                                                           ;
; POWER_UP_STATE ; DONT_CARE      ; Untyped                                                           ;
; CBXI_PARAMETER ; shift_taps_0vu ; Untyped                                                           ;
+----------------+----------------+-------------------------------------------------------------------+
Note: In order to hide this table in the UI and the text report file, please set the "Show Parameter Settings in Synthesis Report" option in "Analysis and Synthesis Settings -> More Settings" to "Off".


+----------------------------------------------------------------------------+
; Parameter Settings for Inferred Entity Instance: altshift_taps:dv_d1_rtl_0 ;
+----------------+----------------+------------------------------------------+
; Parameter Name ; Value          ; Type                                     ;
+----------------+----------------+------------------------------------------+
; WIDTH_BYTEENA  ; 1              ; Untyped                                  ;
; NUMBER_OF_TAPS ; 1              ; Untyped                                  ;
; TAP_DISTANCE   ; 3              ; Untyped                                  ;
; WIDTH          ; 50             ; Untyped                                  ;
; POWER_UP_STATE ; DONT_CARE      ; Untyped                                  ;
; CBXI_PARAMETER ; shift_taps_ruu ; Untyped                                  ;
+----------------+----------------+------------------------------------------+
Note: In order to hide this table in the UI and the text report file, please set the "Show Parameter Settings in Synthesis Report" option in "Analysis and Synthesis Settings -> More Settings" to "Off".


+---------------------------------------------------------------------------------------+
; Parameter Settings for Inferred Entity Instance: ascal:ascal|altsyncram:i_dpram_rtl_0 ;
+------------------------------------+----------------------+---------------------------+
; Parameter Name                     ; Value                ; Type                      ;
+------------------------------------+----------------------+---------------------------+
; BYTE_SIZE_BLOCK                    ; 8                    ; Untyped                   ;
; AUTO_CARRY_CHAINS                  ; ON                   ; AUTO_CARRY                ;
; IGNORE_CARRY_BUFFERS               ; OFF                  ; IGNORE_CARRY              ;
; AUTO_CASCADE_CHAINS                ; ON                   ; AUTO_CASCADE              ;
; IGNORE_CASCADE_BUFFERS             ; OFF                  ; IGNORE_CASCADE            ;
; WIDTH_BYTEENA                      ; 1                    ; Untyped                   ;
; OPERATION_MODE                     ; DUAL_PORT            ; Untyped                   ;
; WIDTH_A                            ; 128                  ; Untyped                   ;
; WIDTHAD_A                          ; 5                    ; Untyped                   ;
; NUMWORDS_A                         ; 32                   ; Untyped                   ;
; OUTDATA_REG_A                      ; UNREGISTERED         ; Untyped                   ;
; ADDRESS_ACLR_A                     ; NONE                 ; Untyped                   ;
; OUTDATA_ACLR_A                     ; NONE                 ; Untyped                   ;
; WRCONTROL_ACLR_A                   ; NONE                 ; Untyped                   ;
; INDATA_ACLR_A                      ; NONE                 ; Untyped                   ;
; BYTEENA_ACLR_A                     ; NONE                 ; Untyped                   ;
; WIDTH_B                            ; 128                  ; Untyped                   ;
; WIDTHAD_B                          ; 5                    ; Untyped                   ;
; NUMWORDS_B                         ; 32                   ; Untyped                   ;
; INDATA_REG_B                       ; CLOCK1               ; Untyped                   ;
; WRCONTROL_WRADDRESS_REG_B          ; CLOCK1               ; Untyped                   ;
; RDCONTROL_REG_B                    ; CLOCK1               ; Untyped                   ;
; ADDRESS_REG_B                      ; CLOCK1               ; Untyped                   ;
; OUTDATA_REG_B                      ; UNREGISTERED         ; Untyped                   ;
; BYTEENA_REG_B                      ; CLOCK1               ; Untyped                   ;
; INDATA_ACLR_B                      ; NONE                 ; Untyped                   ;
; WRCONTROL_ACLR_B                   ; NONE                 ; Untyped                   ;
; ADDRESS_ACLR_B                     ; NONE                 ; Untyped                   ;
; OUTDATA_ACLR_B                     ; NONE                 ; Untyped                   ;
; RDCONTROL_ACLR_B                   ; NONE                 ; Untyped                   ;
; BYTEENA_ACLR_B                     ; NONE                 ; Untyped                   ;
; WIDTH_BYTEENA_A                    ; 1                    ; Untyped                   ;
; WIDTH_BYTEENA_B                    ; 1                    ; Untyped                   ;
; RAM_BLOCK_TYPE                     ; AUTO                 ; Untyped                   ;
; BYTE_SIZE                          ; 8                    ; Untyped                   ;
; READ_DURING_WRITE_MODE_MIXED_PORTS ; DONT_CARE            ; Untyped                   ;
; READ_DURING_WRITE_MODE_PORT_A      ; NEW_DATA_NO_NBE_READ ; Untyped                   ;
; READ_DURING_WRITE_MODE_PORT_B      ; NEW_DATA_NO_NBE_READ ; Untyped                   ;
; INIT_FILE                          ; UNUSED               ; Untyped                   ;
; INIT_FILE_LAYOUT                   ; PORT_A               ; Untyped                   ;
; MAXIMUM_DEPTH                      ; 0                    ; Untyped                   ;
; CLOCK_ENABLE_INPUT_A               ; NORMAL               ; Untyped                   ;
; CLOCK_ENABLE_INPUT_B               ; NORMAL               ; Untyped                   ;
; CLOCK_ENABLE_OUTPUT_A              ; NORMAL               ; Untyped                   ;
; CLOCK_ENABLE_OUTPUT_B              ; NORMAL               ; Untyped                   ;
; CLOCK_ENABLE_CORE_A                ; USE_INPUT_CLKEN      ; Untyped                   ;
; CLOCK_ENABLE_CORE_B                ; USE_INPUT_CLKEN      ; Untyped                   ;
; ENABLE_ECC                         ; FALSE                ; Untyped                   ;
; ECC_PIPELINE_STAGE_ENABLED         ; FALSE                ; Untyped                   ;
; WIDTH_ECCSTATUS                    ; 3                    ; Untyped                   ;
; DEVICE_FAMILY                      ; Cyclone V            ; Untyped                   ;
; CBXI_PARAMETER                     ; altsyncram_g9j1      ; Untyped                   ;
+------------------------------------+----------------------+---------------------------+
Note: In order to hide this table in the UI and the text report file, please set the "Show Parameter Settings in Synthesis Report" option in "Analysis and Synthesis Settings -> More Settings" to "Off".


+--------------------------------------------------------------------------------------------+
; Parameter Settings for Inferred Entity Instance: ascal:ascal|altsyncram:o_v_poly_mem_rtl_0 ;
+------------------------------------+----------------------+--------------------------------+
; Parameter Name                     ; Value                ; Type                           ;
+------------------------------------+----------------------+--------------------------------+
; BYTE_SIZE_BLOCK                    ; 8                    ; Untyped                        ;
; AUTO_CARRY_CHAINS                  ; ON                   ; AUTO_CARRY                     ;
; IGNORE_CARRY_BUFFERS               ; OFF                  ; IGNORE_CARRY                   ;
; AUTO_CASCADE_CHAINS                ; ON                   ; AUTO_CASCADE                   ;
; IGNORE_CASCADE_BUFFERS             ; OFF                  ; IGNORE_CASCADE                 ;
; WIDTH_BYTEENA                      ; 1                    ; Untyped                        ;
; OPERATION_MODE                     ; DUAL_PORT            ; Untyped                        ;
; WIDTH_A                            ; 40                   ; Untyped                        ;
; WIDTHAD_A                          ; 8                    ; Untyped                        ;
; NUMWORDS_A                         ; 256                  ; Untyped                        ;
; OUTDATA_REG_A                      ; UNREGISTERED         ; Untyped                        ;
; ADDRESS_ACLR_A                     ; NONE                 ; Untyped                        ;
; OUTDATA_ACLR_A                     ; NONE                 ; Untyped                        ;
; WRCONTROL_ACLR_A                   ; NONE                 ; Untyped                        ;
; INDATA_ACLR_A                      ; NONE                 ; Untyped                        ;
; BYTEENA_ACLR_A                     ; NONE                 ; Untyped                        ;
; WIDTH_B                            ; 40                   ; Untyped                        ;
; WIDTHAD_B                          ; 8                    ; Untyped                        ;
; NUMWORDS_B                         ; 256                  ; Untyped                        ;
; INDATA_REG_B                       ; CLOCK1               ; Untyped                        ;
; WRCONTROL_WRADDRESS_REG_B          ; CLOCK1               ; Untyped                        ;
; RDCONTROL_REG_B                    ; CLOCK1               ; Untyped                        ;
; ADDRESS_REG_B                      ; CLOCK1               ; Untyped                        ;
; OUTDATA_REG_B                      ; UNREGISTERED         ; Untyped                        ;
; BYTEENA_REG_B                      ; CLOCK1               ; Untyped                        ;
; INDATA_ACLR_B                      ; NONE                 ; Untyped                        ;
; WRCONTROL_ACLR_B                   ; NONE                 ; Untyped                        ;
; ADDRESS_ACLR_B                     ; NONE                 ; Untyped                        ;
; OUTDATA_ACLR_B                     ; NONE                 ; Untyped                        ;
; RDCONTROL_ACLR_B                   ; NONE                 ; Untyped                        ;
; BYTEENA_ACLR_B                     ; NONE                 ; Untyped                        ;
; WIDTH_BYTEENA_A                    ; 1                    ; Untyped                        ;
; WIDTH_BYTEENA_B                    ; 1                    ; Untyped                        ;
; RAM_BLOCK_TYPE                     ; AUTO                 ; Untyped                        ;
; BYTE_SIZE                          ; 8                    ; Untyped                        ;
; READ_DURING_WRITE_MODE_MIXED_PORTS ; DONT_CARE            ; Untyped                        ;
; READ_DURING_WRITE_MODE_PORT_A      ; NEW_DATA_NO_NBE_READ ; Untyped                        ;
; READ_DURING_WRITE_MODE_PORT_B      ; NEW_DATA_NO_NBE_READ ; Untyped                        ;
; INIT_FILE                          ; UNUSED               ; Untyped                        ;
; INIT_FILE_LAYOUT                   ; PORT_A               ; Untyped                        ;
; MAXIMUM_DEPTH                      ; 0                    ; Untyped                        ;
; CLOCK_ENABLE_INPUT_A               ; NORMAL               ; Untyped                        ;
; CLOCK_ENABLE_INPUT_B               ; NORMAL               ; Untyped                        ;
; CLOCK_ENABLE_OUTPUT_A              ; NORMAL               ; Untyped                        ;
; CLOCK_ENABLE_OUTPUT_B              ; NORMAL               ; Untyped                        ;
; CLOCK_ENABLE_CORE_A                ; USE_INPUT_CLKEN      ; Untyped                        ;
; CLOCK_ENABLE_CORE_B                ; USE_INPUT_CLKEN      ; Untyped                        ;
; ENABLE_ECC                         ; FALSE                ; Untyped                        ;
; ECC_PIPELINE_STAGE_ENABLED         ; FALSE                ; Untyped                        ;
; WIDTH_ECCSTATUS                    ; 3                    ; Untyped                        ;
; DEVICE_FAMILY                      ; Cyclone V            ; Untyped                        ;
; CBXI_PARAMETER                     ; altsyncram_o9j1      ; Untyped                        ;
+------------------------------------+----------------------+--------------------------------+
Note: In order to hide this table in the UI and the text report file, please set the "Show Parameter Settings in Synthesis Report" option in "Analysis and Synthesis Settings -> More Settings" to "Off".


+--------------------------------------------------------------------------------------------+
; Parameter Settings for Inferred Entity Instance: ascal:ascal|altsyncram:o_h_poly_mem_rtl_0 ;
+------------------------------------+----------------------+--------------------------------+
; Parameter Name                     ; Value                ; Type                           ;
+------------------------------------+----------------------+--------------------------------+
; BYTE_SIZE_BLOCK                    ; 8                    ; Untyped                        ;
; AUTO_CARRY_CHAINS                  ; ON                   ; AUTO_CARRY                     ;
; IGNORE_CARRY_BUFFERS               ; OFF                  ; IGNORE_CARRY                   ;
; AUTO_CASCADE_CHAINS                ; ON                   ; AUTO_CASCADE                   ;
; IGNORE_CASCADE_BUFFERS             ; OFF                  ; IGNORE_CASCADE                 ;
; WIDTH_BYTEENA                      ; 1                    ; Untyped                        ;
; OPERATION_MODE                     ; DUAL_PORT            ; Untyped                        ;
; WIDTH_A                            ; 40                   ; Untyped                        ;
; WIDTHAD_A                          ; 8                    ; Untyped                        ;
; NUMWORDS_A                         ; 256                  ; Untyped                        ;
; OUTDATA_REG_A                      ; UNREGISTERED         ; Untyped                        ;
; ADDRESS_ACLR_A                     ; NONE                 ; Untyped                        ;
; OUTDATA_ACLR_A                     ; NONE                 ; Untyped                        ;
; WRCONTROL_ACLR_A                   ; NONE                 ; Untyped                        ;
; INDATA_ACLR_A                      ; NONE                 ; Untyped                        ;
; BYTEENA_ACLR_A                     ; NONE                 ; Untyped                        ;
; WIDTH_B                            ; 40                   ; Untyped                        ;
; WIDTHAD_B                          ; 8                    ; Untyped                        ;
; NUMWORDS_B                         ; 256                  ; Untyped                        ;
; INDATA_REG_B                       ; CLOCK1               ; Untyped                        ;
; WRCONTROL_WRADDRESS_REG_B          ; CLOCK1               ; Untyped                        ;
; RDCONTROL_REG_B                    ; CLOCK1               ; Untyped                        ;
; ADDRESS_REG_B                      ; CLOCK1               ; Untyped                        ;
; OUTDATA_REG_B                      ; UNREGISTERED         ; Untyped                        ;
; BYTEENA_REG_B                      ; CLOCK1               ; Untyped                        ;
; INDATA_ACLR_B                      ; NONE                 ; Untyped                        ;
; WRCONTROL_ACLR_B                   ; NONE                 ; Untyped                        ;
; ADDRESS_ACLR_B                     ; NONE                 ; Untyped                        ;
; OUTDATA_ACLR_B                     ; NONE                 ; Untyped                        ;
; RDCONTROL_ACLR_B                   ; NONE                 ; Untyped                        ;
; BYTEENA_ACLR_B                     ; NONE                 ; Untyped                        ;
; WIDTH_BYTEENA_A                    ; 1                    ; Untyped                        ;
; WIDTH_BYTEENA_B                    ; 1                    ; Untyped                        ;
; RAM_BLOCK_TYPE                     ; AUTO                 ; Untyped                        ;
; BYTE_SIZE                          ; 8                    ; Untyped                        ;
; READ_DURING_WRITE_MODE_MIXED_PORTS ; DONT_CARE            ; Untyped                        ;
; READ_DURING_WRITE_MODE_PORT_A      ; NEW_DATA_NO_NBE_READ ; Untyped                        ;
; READ_DURING_WRITE_MODE_PORT_B      ; NEW_DATA_NO_NBE_READ ; Untyped                        ;
; INIT_FILE                          ; UNUSED               ; Untyped                        ;
; INIT_FILE_LAYOUT                   ; PORT_A               ; Untyped                        ;
; MAXIMUM_DEPTH                      ; 0                    ; Untyped                        ;
; CLOCK_ENABLE_INPUT_A               ; NORMAL               ; Untyped                        ;
; CLOCK_ENABLE_INPUT_B               ; NORMAL               ; Untyped                        ;
; CLOCK_ENABLE_OUTPUT_A              ; NORMAL               ; Untyped                        ;
; CLOCK_ENABLE_OUTPUT_B              ; NORMAL               ; Untyped                        ;
; CLOCK_ENABLE_CORE_A                ; USE_INPUT_CLKEN      ; Untyped                        ;
; CLOCK_ENABLE_CORE_B                ; USE_INPUT_CLKEN      ; Untyped                        ;
; ENABLE_ECC                         ; FALSE                ; Untyped                        ;
; ECC_PIPELINE_STAGE_ENABLED         ; FALSE                ; Untyped                        ;
; WIDTH_ECCSTATUS                    ; 3                    ; Untyped                        ;
; DEVICE_FAMILY                      ; Cyclone V            ; Untyped                        ;
; CBXI_PARAMETER                     ; altsyncram_o9j1      ; Untyped                        ;
+------------------------------------+----------------------+--------------------------------+
Note: In order to hide this table in the UI and the text report file, please set the "Show Parameter Settings in Synthesis Report" option in "Analysis and Synthesis Settings -> More Settings" to "Off".


+--------------------------------------------------------------------------------------------+
; Parameter Settings for Inferred Entity Instance: ascal:ascal|altsyncram:o_a_poly_mem_rtl_0 ;
+------------------------------------+----------------------+--------------------------------+
; Parameter Name                     ; Value                ; Type                           ;
+------------------------------------+----------------------+--------------------------------+
; BYTE_SIZE_BLOCK                    ; 8                    ; Untyped                        ;
; AUTO_CARRY_CHAINS                  ; ON                   ; AUTO_CARRY                     ;
; IGNORE_CARRY_BUFFERS               ; OFF                  ; IGNORE_CARRY                   ;
; AUTO_CASCADE_CHAINS                ; ON                   ; AUTO_CASCADE                   ;
; IGNORE_CASCADE_BUFFERS             ; OFF                  ; IGNORE_CASCADE                 ;
; WIDTH_BYTEENA                      ; 1                    ; Untyped                        ;
; OPERATION_MODE                     ; DUAL_PORT            ; Untyped                        ;
; WIDTH_A                            ; 40                   ; Untyped                        ;
; WIDTHAD_A                          ; 8                    ; Untyped                        ;
; NUMWORDS_A                         ; 256                  ; Untyped                        ;
; OUTDATA_REG_A                      ; UNREGISTERED         ; Untyped                        ;
; ADDRESS_ACLR_A                     ; NONE                 ; Untyped                        ;
; OUTDATA_ACLR_A                     ; NONE                 ; Untyped                        ;
; WRCONTROL_ACLR_A                   ; NONE                 ; Untyped                        ;
; INDATA_ACLR_A                      ; NONE                 ; Untyped                        ;
; BYTEENA_ACLR_A                     ; NONE                 ; Untyped                        ;
; WIDTH_B                            ; 40                   ; Untyped                        ;
; WIDTHAD_B                          ; 8                    ; Untyped                        ;
; NUMWORDS_B                         ; 256                  ; Untyped                        ;
; INDATA_REG_B                       ; CLOCK1               ; Untyped                        ;
; WRCONTROL_WRADDRESS_REG_B          ; CLOCK1               ; Untyped                        ;
; RDCONTROL_REG_B                    ; CLOCK1               ; Untyped                        ;
; ADDRESS_REG_B                      ; CLOCK1               ; Untyped                        ;
; OUTDATA_REG_B                      ; UNREGISTERED         ; Untyped                        ;
; BYTEENA_REG_B                      ; CLOCK1               ; Untyped                        ;
; INDATA_ACLR_B                      ; NONE                 ; Untyped                        ;
; WRCONTROL_ACLR_B                   ; NONE                 ; Untyped                        ;
; ADDRESS_ACLR_B                     ; NONE                 ; Untyped                        ;
; OUTDATA_ACLR_B                     ; NONE                 ; Untyped                        ;
; RDCONTROL_ACLR_B                   ; NONE                 ; Untyped                        ;
; BYTEENA_ACLR_B                     ; NONE                 ; Untyped                        ;
; WIDTH_BYTEENA_A                    ; 1                    ; Untyped                        ;
; WIDTH_BYTEENA_B                    ; 1                    ; Untyped                        ;
; RAM_BLOCK_TYPE                     ; AUTO                 ; Untyped                        ;
; BYTE_SIZE                          ; 8                    ; Untyped                        ;
; READ_DURING_WRITE_MODE_MIXED_PORTS ; DONT_CARE            ; Untyped                        ;
; READ_DURING_WRITE_MODE_PORT_A      ; NEW_DATA_NO_NBE_READ ; Untyped                        ;
; READ_DURING_WRITE_MODE_PORT_B      ; NEW_DATA_NO_NBE_READ ; Untyped                        ;
; INIT_FILE                          ; UNUSED               ; Untyped                        ;
; INIT_FILE_LAYOUT                   ; PORT_A               ; Untyped                        ;
; MAXIMUM_DEPTH                      ; 0                    ; Untyped                        ;
; CLOCK_ENABLE_INPUT_A               ; NORMAL               ; Untyped                        ;
; CLOCK_ENABLE_INPUT_B               ; NORMAL               ; Untyped                        ;
; CLOCK_ENABLE_OUTPUT_A              ; NORMAL               ; Untyped                        ;
; CLOCK_ENABLE_OUTPUT_B              ; NORMAL               ; Untyped                        ;
; CLOCK_ENABLE_CORE_A                ; USE_INPUT_CLKEN      ; Untyped                        ;
; CLOCK_ENABLE_CORE_B                ; USE_INPUT_CLKEN      ; Untyped                        ;
; ENABLE_ECC                         ; FALSE                ; Untyped                        ;
; ECC_PIPELINE_STAGE_ENABLED         ; FALSE                ; Untyped                        ;
; WIDTH_ECCSTATUS                    ; 3                    ; Untyped                        ;
; DEVICE_FAMILY                      ; Cyclone V            ; Untyped                        ;
; CBXI_PARAMETER                     ; altsyncram_o9j1      ; Untyped                        ;
+------------------------------------+----------------------+--------------------------------+
Note: In order to hide this table in the UI and the text report file, please set the "Show Parameter Settings in Synthesis Report" option in "Analysis and Synthesis Settings -> More Settings" to "Off".


+----------------------------------------------------------------------------------------+
; Parameter Settings for Inferred Entity Instance: ascal:ascal|altsyncram:pal1_mem_rtl_0 ;
+------------------------------------+----------------------+----------------------------+
; Parameter Name                     ; Value                ; Type                       ;
+------------------------------------+----------------------+----------------------------+
; BYTE_SIZE_BLOCK                    ; 8                    ; Untyped                    ;
; AUTO_CARRY_CHAINS                  ; ON                   ; AUTO_CARRY                 ;
; IGNORE_CARRY_BUFFERS               ; OFF                  ; IGNORE_CARRY               ;
; AUTO_CASCADE_CHAINS                ; ON                   ; AUTO_CASCADE               ;
; IGNORE_CASCADE_BUFFERS             ; OFF                  ; IGNORE_CASCADE             ;
; WIDTH_BYTEENA                      ; 1                    ; Untyped                    ;
; OPERATION_MODE                     ; DUAL_PORT            ; Untyped                    ;
; WIDTH_A                            ; 48                   ; Untyped                    ;
; WIDTHAD_A                          ; 7                    ; Untyped                    ;
; NUMWORDS_A                         ; 128                  ; Untyped                    ;
; OUTDATA_REG_A                      ; UNREGISTERED         ; Untyped                    ;
; ADDRESS_ACLR_A                     ; NONE                 ; Untyped                    ;
; OUTDATA_ACLR_A                     ; NONE                 ; Untyped                    ;
; WRCONTROL_ACLR_A                   ; NONE                 ; Untyped                    ;
; INDATA_ACLR_A                      ; NONE                 ; Untyped                    ;
; BYTEENA_ACLR_A                     ; NONE                 ; Untyped                    ;
; WIDTH_B                            ; 48                   ; Untyped                    ;
; WIDTHAD_B                          ; 7                    ; Untyped                    ;
; NUMWORDS_B                         ; 128                  ; Untyped                    ;
; INDATA_REG_B                       ; CLOCK1               ; Untyped                    ;
; WRCONTROL_WRADDRESS_REG_B          ; CLOCK1               ; Untyped                    ;
; RDCONTROL_REG_B                    ; CLOCK1               ; Untyped                    ;
; ADDRESS_REG_B                      ; CLOCK1               ; Untyped                    ;
; OUTDATA_REG_B                      ; UNREGISTERED         ; Untyped                    ;
; BYTEENA_REG_B                      ; CLOCK1               ; Untyped                    ;
; INDATA_ACLR_B                      ; NONE                 ; Untyped                    ;
; WRCONTROL_ACLR_B                   ; NONE                 ; Untyped                    ;
; ADDRESS_ACLR_B                     ; NONE                 ; Untyped                    ;
; OUTDATA_ACLR_B                     ; NONE                 ; Untyped                    ;
; RDCONTROL_ACLR_B                   ; NONE                 ; Untyped                    ;
; BYTEENA_ACLR_B                     ; NONE                 ; Untyped                    ;
; WIDTH_BYTEENA_A                    ; 1                    ; Untyped                    ;
; WIDTH_BYTEENA_B                    ; 1                    ; Untyped                    ;
; RAM_BLOCK_TYPE                     ; AUTO                 ; Untyped                    ;
; BYTE_SIZE                          ; 8                    ; Untyped                    ;
; READ_DURING_WRITE_MODE_MIXED_PORTS ; DONT_CARE            ; Untyped                    ;
; READ_DURING_WRITE_MODE_PORT_A      ; NEW_DATA_NO_NBE_READ ; Untyped                    ;
; READ_DURING_WRITE_MODE_PORT_B      ; NEW_DATA_NO_NBE_READ ; Untyped                    ;
; INIT_FILE                          ; UNUSED               ; Untyped                    ;
; INIT_FILE_LAYOUT                   ; PORT_A               ; Untyped                    ;
; MAXIMUM_DEPTH                      ; 0                    ; Untyped                    ;
; CLOCK_ENABLE_INPUT_A               ; NORMAL               ; Untyped                    ;
; CLOCK_ENABLE_INPUT_B               ; NORMAL               ; Untyped                    ;
; CLOCK_ENABLE_OUTPUT_A              ; NORMAL               ; Untyped                    ;
; CLOCK_ENABLE_OUTPUT_B              ; NORMAL               ; Untyped                    ;
; CLOCK_ENABLE_CORE_A                ; USE_INPUT_CLKEN      ; Untyped                    ;
; CLOCK_ENABLE_CORE_B                ; USE_INPUT_CLKEN      ; Untyped                    ;
; ENABLE_ECC                         ; FALSE                ; Untyped                    ;
; ECC_PIPELINE_STAGE_ENABLED         ; FALSE                ; Untyped                    ;
; WIDTH_ECCSTATUS                    ; 3                    ; Untyped                    ;
; DEVICE_FAMILY                      ; Cyclone V            ; Untyped                    ;
; CBXI_PARAMETER                     ; altsyncram_2aj1      ; Untyped                    ;
+------------------------------------+----------------------+----------------------------+
Note: In order to hide this table in the UI and the text report file, please set the "Show Parameter Settings in Synthesis Report" option in "Analysis and Synthesis Settings -> More Settings" to "Off".


+--------------------------------------------------------------------------------------------------+
; Parameter Settings for Inferred Entity Instance: vga_out:vga_scaler_out|altshift_taps:din1_rtl_0 ;
+----------------+----------------+----------------------------------------------------------------+
; Parameter Name ; Value          ; Type                                                           ;
+----------------+----------------+----------------------------------------------------------------+
; WIDTH_BYTEENA  ; 1              ; Untyped                                                        ;
; NUMBER_OF_TAPS ; 1              ; Untyped                                                        ;
; TAP_DISTANCE   ; 3              ; Untyped                                                        ;
; WIDTH          ; 31             ; Untyped                                                        ;
; POWER_UP_STATE ; DONT_CARE      ; Untyped                                                        ;
; CBXI_PARAMETER ; shift_taps_quu ; Untyped                                                        ;
+----------------+----------------+----------------------------------------------------------------+
Note: In order to hide this table in the UI and the text report file, please set the "Show Parameter Settings in Synthesis Report" option in "Analysis and Synthesis Settings -> More Settings" to "Off".


+----------------------------------------------------------------------------------------------------+
; Parameter Settings for Inferred Entity Instance: ascal:ascal|altshift_taps:o_vpix_inner[2].r_rtl_0 ;
+----------------+----------------+------------------------------------------------------------------+
; Parameter Name ; Value          ; Type                                                             ;
+----------------+----------------+------------------------------------------------------------------+
; WIDTH_BYTEENA  ; 1              ; Untyped                                                          ;
; NUMBER_OF_TAPS ; 1              ; Untyped                                                          ;
; TAP_DISTANCE   ; 4              ; Untyped                                                          ;
; WIDTH          ; 24             ; Untyped                                                          ;
; POWER_UP_STATE ; DONT_CARE      ; Untyped                                                          ;
; CBXI_PARAMETER ; shift_taps_agv ; Untyped                                                          ;
+----------------+----------------+------------------------------------------------------------------+
Note: In order to hide this table in the UI and the text report file, please set the "Show Parameter Settings in Synthesis Report" option in "Analysis and Synthesis Settings -> More Settings" to "Off".


+------------------------------------------------------------------------------------------------------------------+
; Parameter Settings for Inferred Entity Instance: emu:emu|vtg9000_core:core|vtg_patterns:patterns|lpm_divide:Div0 ;
+------------------------+----------------+------------------------------------------------------------------------+
; Parameter Name         ; Value          ; Type                                                                   ;
+------------------------+----------------+------------------------------------------------------------------------+
; LPM_WIDTHN             ; 12             ; Untyped                                                                ;
; LPM_WIDTHD             ; 6              ; Untyped                                                                ;
; LPM_NREPRESENTATION    ; UNSIGNED       ; Untyped                                                                ;
; LPM_DREPRESENTATION    ; UNSIGNED       ; Untyped                                                                ;
; LPM_PIPELINE           ; 0              ; Untyped                                                                ;
; LPM_REMAINDERPOSITIVE  ; TRUE           ; Untyped                                                                ;
; MAXIMIZE_SPEED         ; 5              ; Untyped                                                                ;
; CBXI_PARAMETER         ; lpm_divide_ibm ; Untyped                                                                ;
; CARRY_CHAIN            ; MANUAL         ; Untyped                                                                ;
; OPTIMIZE_FOR_SPEED     ; 5              ; Untyped                                                                ;
; AUTO_CARRY_CHAINS      ; ON             ; AUTO_CARRY                                                             ;
; IGNORE_CARRY_BUFFERS   ; OFF            ; IGNORE_CARRY                                                           ;
; AUTO_CASCADE_CHAINS    ; ON             ; AUTO_CASCADE                                                           ;
; IGNORE_CASCADE_BUFFERS ; OFF            ; IGNORE_CASCADE                                                         ;
+------------------------+----------------+------------------------------------------------------------------------+
Note: In order to hide this table in the UI and the text report file, please set the "Show Parameter Settings in Synthesis Report" option in "Analysis and Synthesis Settings -> More Settings" to "Off".


+------------------------------------------------------------------------------------------------------------------+
; Parameter Settings for Inferred Entity Instance: emu:emu|vtg9000_core:core|vtg_patterns:patterns|lpm_divide:Mod0 ;
+------------------------+----------------+------------------------------------------------------------------------+
; Parameter Name         ; Value          ; Type                                                                   ;
+------------------------+----------------+------------------------------------------------------------------------+
; LPM_WIDTHN             ; 12             ; Untyped                                                                ;
; LPM_WIDTHD             ; 7              ; Untyped                                                                ;
; LPM_NREPRESENTATION    ; UNSIGNED       ; Untyped                                                                ;
; LPM_DREPRESENTATION    ; UNSIGNED       ; Untyped                                                                ;
; LPM_PIPELINE           ; 0              ; Untyped                                                                ;
; LPM_REMAINDERPOSITIVE  ; TRUE           ; Untyped                                                                ;
; MAXIMIZE_SPEED         ; 5              ; Untyped                                                                ;
; CBXI_PARAMETER         ; lpm_divide_m3m ; Untyped                                                                ;
; CARRY_CHAIN            ; MANUAL         ; Untyped                                                                ;
; OPTIMIZE_FOR_SPEED     ; 5              ; Untyped                                                                ;
; AUTO_CARRY_CHAINS      ; ON             ; AUTO_CARRY                                                             ;
; IGNORE_CARRY_BUFFERS   ; OFF            ; IGNORE_CARRY                                                           ;
; AUTO_CASCADE_CHAINS    ; ON             ; AUTO_CASCADE                                                           ;
; IGNORE_CASCADE_BUFFERS ; OFF            ; IGNORE_CASCADE                                                         ;
+------------------------+----------------+------------------------------------------------------------------------+
Note: In order to hide this table in the UI and the text report file, please set the "Show Parameter Settings in Synthesis Report" option in "Analysis and Synthesis Settings -> More Settings" to "Off".


+------------------------------------------------------------------------------------------------------------------+
; Parameter Settings for Inferred Entity Instance: emu:emu|vtg9000_core:core|vtg_patterns:patterns|lpm_divide:Mod1 ;
+------------------------+----------------+------------------------------------------------------------------------+
; Parameter Name         ; Value          ; Type                                                                   ;
+------------------------+----------------+------------------------------------------------------------------------+
; LPM_WIDTHN             ; 12             ; Untyped                                                                ;
; LPM_WIDTHD             ; 7              ; Untyped                                                                ;
; LPM_NREPRESENTATION    ; UNSIGNED       ; Untyped                                                                ;
; LPM_DREPRESENTATION    ; UNSIGNED       ; Untyped                                                                ;
; LPM_PIPELINE           ; 0              ; Untyped                                                                ;
; LPM_REMAINDERPOSITIVE  ; TRUE           ; Untyped                                                                ;
; MAXIMIZE_SPEED         ; 5              ; Untyped                                                                ;
; CBXI_PARAMETER         ; lpm_divide_m3m ; Untyped                                                                ;
; CARRY_CHAIN            ; MANUAL         ; Untyped                                                                ;
; OPTIMIZE_FOR_SPEED     ; 5              ; Untyped                                                                ;
; AUTO_CARRY_CHAINS      ; ON             ; AUTO_CARRY                                                             ;
; IGNORE_CARRY_BUFFERS   ; OFF            ; IGNORE_CARRY                                                           ;
; AUTO_CASCADE_CHAINS    ; ON             ; AUTO_CASCADE                                                           ;
; IGNORE_CASCADE_BUFFERS ; OFF            ; IGNORE_CASCADE                                                         ;
+------------------------+----------------+------------------------------------------------------------------------+
Note: In order to hide this table in the UI and the text report file, please set the "Show Parameter Settings in Synthesis Report" option in "Analysis and Synthesis Settings -> More Settings" to "Off".


+--------------------------------------------------------------------------------------------------+
; altsyncram Parameter Settings by Entity Instance                                                 ;
+-------------------------------------------+------------------------------------------------------+
; Name                                      ; Value                                                ;
+-------------------------------------------+------------------------------------------------------+
; Number of entity instances                ; 18                                                   ;
; Entity Instance                           ; ascal:ascal|altsyncram:i_mem[0].r[7]__1              ;
;     -- OPERATION_MODE                     ; DUAL_PORT                                            ;
;     -- WIDTH_A                            ; 24                                                   ;
;     -- NUMWORDS_A                         ; 2048                                                 ;
;     -- OUTDATA_REG_A                      ; UNREGISTERED                                         ;
;     -- WIDTH_B                            ; 24                                                   ;
;     -- NUMWORDS_B                         ; 2048                                                 ;
;     -- ADDRESS_REG_B                      ; CLOCK0                                               ;
;     -- OUTDATA_REG_B                      ; UNREGISTERED                                         ;
;     -- RAM_BLOCK_TYPE                     ; AUTO                                                 ;
;     -- READ_DURING_WRITE_MODE_MIXED_PORTS ; OLD_DATA                                             ;
; Entity Instance                           ; ascal:ascal|altsyncram:o_line0[0].r[7]__2            ;
;     -- OPERATION_MODE                     ; DUAL_PORT                                            ;
;     -- WIDTH_A                            ; 24                                                   ;
;     -- NUMWORDS_A                         ; 2048                                                 ;
;     -- OUTDATA_REG_A                      ; UNREGISTERED                                         ;
;     -- WIDTH_B                            ; 24                                                   ;
;     -- NUMWORDS_B                         ; 2048                                                 ;
;     -- ADDRESS_REG_B                      ; CLOCK0                                               ;
;     -- OUTDATA_REG_B                      ; UNREGISTERED                                         ;
;     -- RAM_BLOCK_TYPE                     ; AUTO                                                 ;
;     -- READ_DURING_WRITE_MODE_MIXED_PORTS ; OLD_DATA                                             ;
; Entity Instance                           ; ascal:ascal|altsyncram:o_line1[0].r[7]__3            ;
;     -- OPERATION_MODE                     ; DUAL_PORT                                            ;
;     -- WIDTH_A                            ; 24                                                   ;
;     -- NUMWORDS_A                         ; 2048                                                 ;
;     -- OUTDATA_REG_A                      ; UNREGISTERED                                         ;
;     -- WIDTH_B                            ; 24                                                   ;
;     -- NUMWORDS_B                         ; 2048                                                 ;
;     -- ADDRESS_REG_B                      ; CLOCK0                                               ;
;     -- OUTDATA_REG_B                      ; UNREGISTERED                                         ;
;     -- RAM_BLOCK_TYPE                     ; AUTO                                                 ;
;     -- READ_DURING_WRITE_MODE_MIXED_PORTS ; OLD_DATA                                             ;
; Entity Instance                           ; ascal:ascal|altsyncram:o_line2[0].r[7]__4            ;
;     -- OPERATION_MODE                     ; DUAL_PORT                                            ;
;     -- WIDTH_A                            ; 24                                                   ;
;     -- NUMWORDS_A                         ; 2048                                                 ;
;     -- OUTDATA_REG_A                      ; UNREGISTERED                                         ;
;     -- WIDTH_B                            ; 24                                                   ;
;     -- NUMWORDS_B                         ; 2048                                                 ;
;     -- ADDRESS_REG_B                      ; CLOCK0                                               ;
;     -- OUTDATA_REG_B                      ; UNREGISTERED                                         ;
;     -- RAM_BLOCK_TYPE                     ; AUTO                                                 ;
;     -- READ_DURING_WRITE_MODE_MIXED_PORTS ; OLD_DATA                                             ;
; Entity Instance                           ; ascal:ascal|altsyncram:o_line3[0].r[7]__5            ;
;     -- OPERATION_MODE                     ; DUAL_PORT                                            ;
;     -- WIDTH_A                            ; 24                                                   ;
;     -- NUMWORDS_A                         ; 2048                                                 ;
;     -- OUTDATA_REG_A                      ; UNREGISTERED                                         ;
;     -- WIDTH_B                            ; 24                                                   ;
;     -- NUMWORDS_B                         ; 2048                                                 ;
;     -- ADDRESS_REG_B                      ; CLOCK0                                               ;
;     -- OUTDATA_REG_B                      ; UNREGISTERED                                         ;
;     -- RAM_BLOCK_TYPE                     ; AUTO                                                 ;
;     -- READ_DURING_WRITE_MODE_MIXED_PORTS ; OLD_DATA                                             ;
; Entity Instance                           ; ascal:ascal|altsyncram:o_linf0[0].r[7]__6            ;
;     -- OPERATION_MODE                     ; DUAL_PORT                                            ;
;     -- WIDTH_A                            ; 24                                                   ;
;     -- NUMWORDS_A                         ; 256                                                  ;
;     -- OUTDATA_REG_A                      ; UNREGISTERED                                         ;
;     -- WIDTH_B                            ; 24                                                   ;
;     -- NUMWORDS_B                         ; 256                                                  ;
;     -- ADDRESS_REG_B                      ; CLOCK0                                               ;
;     -- OUTDATA_REG_B                      ; UNREGISTERED                                         ;
;     -- RAM_BLOCK_TYPE                     ; AUTO                                                 ;
;     -- READ_DURING_WRITE_MODE_MIXED_PORTS ; OLD_DATA                                             ;
; Entity Instance                           ; ascal:ascal|altsyncram:o_linf1[0].r[7]__7            ;
;     -- OPERATION_MODE                     ; DUAL_PORT                                            ;
;     -- WIDTH_A                            ; 24                                                   ;
;     -- NUMWORDS_A                         ; 256                                                  ;
;     -- OUTDATA_REG_A                      ; UNREGISTERED                                         ;
;     -- WIDTH_B                            ; 24                                                   ;
;     -- NUMWORDS_B                         ; 256                                                  ;
;     -- ADDRESS_REG_B                      ; CLOCK0                                               ;
;     -- OUTDATA_REG_B                      ; UNREGISTERED                                         ;
;     -- RAM_BLOCK_TYPE                     ; AUTO                                                 ;
;     -- READ_DURING_WRITE_MODE_MIXED_PORTS ; OLD_DATA                                             ;
; Entity Instance                           ; ascal:ascal|altsyncram:o_linf2[0].r[7]__8            ;
;     -- OPERATION_MODE                     ; DUAL_PORT                                            ;
;     -- WIDTH_A                            ; 24                                                   ;
;     -- NUMWORDS_A                         ; 256                                                  ;
;     -- OUTDATA_REG_A                      ; UNREGISTERED                                         ;
;     -- WIDTH_B                            ; 24                                                   ;
;     -- NUMWORDS_B                         ; 256                                                  ;
;     -- ADDRESS_REG_B                      ; CLOCK0                                               ;
;     -- OUTDATA_REG_B                      ; UNREGISTERED                                         ;
;     -- RAM_BLOCK_TYPE                     ; AUTO                                                 ;
;     -- READ_DURING_WRITE_MODE_MIXED_PORTS ; OLD_DATA                                             ;
; Entity Instance                           ; ascal:ascal|altsyncram:o_linf3[0].r[7]__9            ;
;     -- OPERATION_MODE                     ; DUAL_PORT                                            ;
;     -- WIDTH_A                            ; 24                                                   ;
;     -- NUMWORDS_A                         ; 256                                                  ;
;     -- OUTDATA_REG_A                      ; UNREGISTERED                                         ;
;     -- WIDTH_B                            ; 24                                                   ;
;     -- NUMWORDS_B                         ; 256                                                  ;
;     -- ADDRESS_REG_B                      ; CLOCK0                                               ;
;     -- OUTDATA_REG_B                      ; UNREGISTERED                                         ;
;     -- RAM_BLOCK_TYPE                     ; AUTO                                                 ;
;     -- READ_DURING_WRITE_MODE_MIXED_PORTS ; OLD_DATA                                             ;
; Entity Instance                           ; osd:vga_osd|altsyncram:osd_buffer_rtl_0              ;
;     -- OPERATION_MODE                     ; DUAL_PORT                                            ;
;     -- WIDTH_A                            ; 8                                                    ;
;     -- NUMWORDS_A                         ; 4096                                                 ;
;     -- OUTDATA_REG_A                      ; UNREGISTERED                                         ;
;     -- WIDTH_B                            ; 8                                                    ;
;     -- NUMWORDS_B                         ; 4096                                                 ;
;     -- ADDRESS_REG_B                      ; CLOCK0                                               ;
;     -- OUTDATA_REG_B                      ; UNREGISTERED                                         ;
;     -- RAM_BLOCK_TYPE                     ; AUTO                                                 ;
;     -- READ_DURING_WRITE_MODE_MIXED_PORTS ; DONT_CARE                                            ;
; Entity Instance                           ; osd:hdmi_osd|altsyncram:osd_buffer_rtl_0             ;
;     -- OPERATION_MODE                     ; DUAL_PORT                                            ;
;     -- WIDTH_A                            ; 8                                                    ;
;     -- NUMWORDS_A                         ; 4096                                                 ;
;     -- OUTDATA_REG_A                      ; UNREGISTERED                                         ;
;     -- WIDTH_B                            ; 8                                                    ;
;     -- NUMWORDS_B                         ; 4096                                                 ;
;     -- ADDRESS_REG_B                      ; CLOCK1                                               ;
;     -- OUTDATA_REG_B                      ; UNREGISTERED                                         ;
;     -- RAM_BLOCK_TYPE                     ; AUTO                                                 ;
;     -- READ_DURING_WRITE_MODE_MIXED_PORTS ; DONT_CARE                                            ;
; Entity Instance                           ; shadowmask:HDMI_shadowmask|altsyncram:mask_lut_rtl_0 ;
;     -- OPERATION_MODE                     ; DUAL_PORT                                            ;
;     -- WIDTH_A                            ; 11                                                   ;
;     -- NUMWORDS_A                         ; 256                                                  ;
;     -- OUTDATA_REG_A                      ; UNREGISTERED                                         ;
;     -- WIDTH_B                            ; 11                                                   ;
;     -- NUMWORDS_B                         ; 256                                                  ;
;     -- ADDRESS_REG_B                      ; CLOCK1                                               ;
;     -- OUTDATA_REG_B                      ; UNREGISTERED                                         ;
;     -- RAM_BLOCK_TYPE                     ; AUTO                                                 ;
;     -- READ_DURING_WRITE_MODE_MIXED_PORTS ; DONT_CARE                                            ;
; Entity Instance                           ; ascal:ascal|altsyncram:o_dpram_rtl_0                 ;
;     -- OPERATION_MODE                     ; DUAL_PORT                                            ;
;     -- WIDTH_A                            ; 128                                                  ;
;     -- NUMWORDS_A                         ; 32                                                   ;
;     -- OUTDATA_REG_A                      ; UNREGISTERED                                         ;
;     -- WIDTH_B                            ; 128                                                  ;
;     -- NUMWORDS_B                         ; 32                                                   ;
;     -- ADDRESS_REG_B                      ; CLOCK1                                               ;
;     -- OUTDATA_REG_B                      ; CLOCK1                                               ;
;     -- RAM_BLOCK_TYPE                     ; AUTO                                                 ;
;     -- READ_DURING_WRITE_MODE_MIXED_PORTS ; DONT_CARE                                            ;
; Entity Instance                           ; ascal:ascal|altsyncram:i_dpram_rtl_0                 ;
;     -- OPERATION_MODE                     ; DUAL_PORT                                            ;
;     -- WIDTH_A                            ; 128                                                  ;
;     -- NUMWORDS_A                         ; 32                                                   ;
;     -- OUTDATA_REG_A                      ; UNREGISTERED                                         ;
;     -- WIDTH_B                            ; 128                                                  ;
;     -- NUMWORDS_B                         ; 32                                                   ;
;     -- ADDRESS_REG_B                      ; CLOCK1                                               ;
;     -- OUTDATA_REG_B                      ; UNREGISTERED                                         ;
;     -- RAM_BLOCK_TYPE                     ; AUTO                                                 ;
;     -- READ_DURING_WRITE_MODE_MIXED_PORTS ; DONT_CARE                                            ;
; Entity Instance                           ; ascal:ascal|altsyncram:o_v_poly_mem_rtl_0            ;
;     -- OPERATION_MODE                     ; DUAL_PORT                                            ;
;     -- WIDTH_A                            ; 40                                                   ;
;     -- NUMWORDS_A                         ; 256                                                  ;
;     -- OUTDATA_REG_A                      ; UNREGISTERED                                         ;
;     -- WIDTH_B                            ; 40                                                   ;
;     -- NUMWORDS_B                         ; 256                                                  ;
;     -- ADDRESS_REG_B                      ; CLOCK1                                               ;
;     -- OUTDATA_REG_B                      ; UNREGISTERED                                         ;
;     -- RAM_BLOCK_TYPE                     ; AUTO                                                 ;
;     -- READ_DURING_WRITE_MODE_MIXED_PORTS ; DONT_CARE                                            ;
; Entity Instance                           ; ascal:ascal|altsyncram:o_h_poly_mem_rtl_0            ;
;     -- OPERATION_MODE                     ; DUAL_PORT                                            ;
;     -- WIDTH_A                            ; 40                                                   ;
;     -- NUMWORDS_A                         ; 256                                                  ;
;     -- OUTDATA_REG_A                      ; UNREGISTERED                                         ;
;     -- WIDTH_B                            ; 40                                                   ;
;     -- NUMWORDS_B                         ; 256                                                  ;
;     -- ADDRESS_REG_B                      ; CLOCK1                                               ;
;     -- OUTDATA_REG_B                      ; UNREGISTERED                                         ;
;     -- RAM_BLOCK_TYPE                     ; AUTO                                                 ;
;     -- READ_DURING_WRITE_MODE_MIXED_PORTS ; DONT_CARE                                            ;
; Entity Instance                           ; ascal:ascal|altsyncram:o_a_poly_mem_rtl_0            ;
;     -- OPERATION_MODE                     ; DUAL_PORT                                            ;
;     -- WIDTH_A                            ; 40                                                   ;
;     -- NUMWORDS_A                         ; 256                                                  ;
;     -- OUTDATA_REG_A                      ; UNREGISTERED                                         ;
;     -- WIDTH_B                            ; 40                                                   ;
;     -- NUMWORDS_B                         ; 256                                                  ;
;     -- ADDRESS_REG_B                      ; CLOCK1                                               ;
;     -- OUTDATA_REG_B                      ; UNREGISTERED                                         ;
;     -- RAM_BLOCK_TYPE                     ; AUTO                                                 ;
;     -- READ_DURING_WRITE_MODE_MIXED_PORTS ; DONT_CARE                                            ;
; Entity Instance                           ; ascal:ascal|altsyncram:pal1_mem_rtl_0                ;
;     -- OPERATION_MODE                     ; DUAL_PORT                                            ;
;     -- WIDTH_A                            ; 48                                                   ;
;     -- NUMWORDS_A                         ; 128                                                  ;
;     -- OUTDATA_REG_A                      ; UNREGISTERED                                         ;
;     -- WIDTH_B                            ; 48                                                   ;
;     -- NUMWORDS_B                         ; 128                                                  ;
;     -- ADDRESS_REG_B                      ; CLOCK1                                               ;
;     -- OUTDATA_REG_B                      ; UNREGISTERED                                         ;
;     -- RAM_BLOCK_TYPE                     ; AUTO                                                 ;
;     -- READ_DURING_WRITE_MODE_MIXED_PORTS ; DONT_CARE                                            ;
+-------------------------------------------+------------------------------------------------------+


+---------------------------------------------------------------------------------+
; altshift_taps Parameter Settings by Entity Instance                             ;
+----------------------------+----------------------------------------------------+
; Name                       ; Value                                              ;
+----------------------------+----------------------------------------------------+
; Number of entity instances ; 5                                                  ;
; Entity Instance            ; yc_out:yc_out|altshift_taps:luma_d0_rtl_0          ;
;     -- NUMBER_OF_TAPS      ; 1                                                  ;
;     -- TAP_DISTANCE        ; 5                                                  ;
;     -- WIDTH               ; 8                                                  ;
; Entity Instance            ; shadowmask:HDMI_shadowmask|altshift_taps:vid_rtl_0 ;
;     -- NUMBER_OF_TAPS      ; 1                                                  ;
;     -- TAP_DISTANCE        ; 4                                                  ;
;     -- WIDTH               ; 81                                                 ;
; Entity Instance            ; altshift_taps:dv_d1_rtl_0                          ;
;     -- NUMBER_OF_TAPS      ; 1                                                  ;
;     -- TAP_DISTANCE        ; 3                                                  ;
;     -- WIDTH               ; 50                                                 ;
; Entity Instance            ; vga_out:vga_scaler_out|altshift_taps:din1_rtl_0    ;
;     -- NUMBER_OF_TAPS      ; 1                                                  ;
;     -- TAP_DISTANCE        ; 3                                                  ;
;     -- WIDTH               ; 31                                                 ;
; Entity Instance            ; ascal:ascal|altshift_taps:o_vpix_inner[2].r_rtl_0  ;
;     -- NUMBER_OF_TAPS      ; 1                                                  ;
;     -- TAP_DISTANCE        ; 4                                                  ;
;     -- WIDTH               ; 24                                                 ;
+----------------------------+----------------------------------------------------+


+-----------------------------------------------------------------------------------------------------------------------+
; Port Connectivity Checks: "emu:emu|vtg9000_core:core"                                                                 ;
+-------------+--------+----------+-------------------------------------------------------------------------------------+
; Port        ; Type   ; Severity ; Details                                                                             ;
+-------------+--------+----------+-------------------------------------------------------------------------------------+
; hblank      ; Output ; Info     ; Connected to dangling logic. Logic that only feeds a dangling port will be removed. ;
; vblank      ; Output ; Info     ; Connected to dangling logic. Logic that only feeds a dangling port will be removed. ;
; frame_start ; Output ; Info     ; Explicitly unconnected                                                              ;
; x           ; Output ; Info     ; Explicitly unconnected                                                              ;
; y           ; Output ; Info     ; Explicitly unconnected                                                              ;
+-------------+--------+----------+-------------------------------------------------------------------------------------+


+---------------------------------------------+
; Port Connectivity Checks: "emu:emu|pll:pll" ;
+------+-------+----------+-------------------+
; Port ; Type  ; Severity ; Details           ;
+------+-------+----------+-------------------+
; rst  ; Input ; Info     ; Stuck at GND      ;
+------+-------+----------+-------------------+


+----------------------------------------------------------------------------------------------------------------------------------------------------------------------------------------+
; Port Connectivity Checks: "emu:emu|hps_io:hps_io"                                                                                                                                      ;
+---------------------+--------+----------+----------------------------------------------------------------------------------------------------------------------------------------------+
; Port                ; Type   ; Severity ; Details                                                                                                                                      ;
+---------------------+--------+----------+----------------------------------------------------------------------------------------------------------------------------------------------+
; EXT_BUS             ; Bidir  ; Info     ; Explicitly unconnected                                                                                                                       ;
; gamma_bus           ; Bidir  ; Info     ; Explicitly unconnected                                                                                                                       ;
; forced_scandoubler  ; Output ; Info     ; Explicitly unconnected                                                                                                                       ;
; direct_video        ; Output ; Info     ; Explicitly unconnected                                                                                                                       ;
; buttons[0]          ; Output ; Info     ; Connected to dangling logic. Logic that only feeds a dangling port will be removed.                                                          ;
; joystick_0[31..8]   ; Output ; Info     ; Connected to dangling logic. Logic that only feeds a dangling port will be removed.                                                          ;
; joystick_1[31..8]   ; Output ; Info     ; Connected to dangling logic. Logic that only feeds a dangling port will be removed.                                                          ;
; status_menumask     ; Input  ; Info     ; Stuck at GND                                                                                                                                 ;
; joystick_2          ; Output ; Warning  ; Declared by entity but not connected by instance. Logic that only feeds a dangling port will be removed.                                     ;
; joystick_3          ; Output ; Warning  ; Declared by entity but not connected by instance. Logic that only feeds a dangling port will be removed.                                     ;
; joystick_4          ; Output ; Warning  ; Declared by entity but not connected by instance. Logic that only feeds a dangling port will be removed.                                     ;
; joystick_5          ; Output ; Warning  ; Declared by entity but not connected by instance. Logic that only feeds a dangling port will be removed.                                     ;
; joystick_l_analog_0 ; Output ; Warning  ; Declared by entity but not connected by instance. Logic that only feeds a dangling port will be removed.                                     ;
; joystick_l_analog_1 ; Output ; Warning  ; Declared by entity but not connected by instance. Logic that only feeds a dangling port will be removed.                                     ;
; joystick_l_analog_2 ; Output ; Warning  ; Declared by entity but not connected by instance. Logic that only feeds a dangling port will be removed.                                     ;
; joystick_l_analog_3 ; Output ; Warning  ; Declared by entity but not connected by instance. Logic that only feeds a dangling port will be removed.                                     ;
; joystick_l_analog_4 ; Output ; Warning  ; Declared by entity but not connected by instance. Logic that only feeds a dangling port will be removed.                                     ;
; joystick_l_analog_5 ; Output ; Warning  ; Declared by entity but not connected by instance. Logic that only feeds a dangling port will be removed.                                     ;
; joystick_r_analog_0 ; Output ; Warning  ; Declared by entity but not connected by instance. Logic that only feeds a dangling port will be removed.                                     ;
; joystick_r_analog_1 ; Output ; Warning  ; Declared by entity but not connected by instance. Logic that only feeds a dangling port will be removed.                                     ;
; joystick_r_analog_2 ; Output ; Warning  ; Declared by entity but not connected by instance. Logic that only feeds a dangling port will be removed.                                     ;
; joystick_r_analog_3 ; Output ; Warning  ; Declared by entity but not connected by instance. Logic that only feeds a dangling port will be removed.                                     ;
; joystick_r_analog_4 ; Output ; Warning  ; Declared by entity but not connected by instance. Logic that only feeds a dangling port will be removed.                                     ;
; joystick_r_analog_5 ; Output ; Warning  ; Declared by entity but not connected by instance. Logic that only feeds a dangling port will be removed.                                     ;
; joystick_0_rumble   ; Input  ; Warning  ; Declared by entity but not connected by instance. If a default value exists, it will be used.  Otherwise, the port will be connected to GND. ;
; joystick_1_rumble   ; Input  ; Warning  ; Declared by entity but not connected by instance. If a default value exists, it will be used.  Otherwise, the port will be connected to GND. ;
; joystick_2_rumble   ; Input  ; Warning  ; Declared by entity but not connected by instance. If a default value exists, it will be used.  Otherwise, the port will be connected to GND. ;
; joystick_3_rumble   ; Input  ; Warning  ; Declared by entity but not connected by instance. If a default value exists, it will be used.  Otherwise, the port will be connected to GND. ;
; joystick_4_rumble   ; Input  ; Warning  ; Declared by entity but not connected by instance. If a default value exists, it will be used.  Otherwise, the port will be connected to GND. ;
; joystick_5_rumble   ; Input  ; Warning  ; Declared by entity but not connected by instance. If a default value exists, it will be used.  Otherwise, the port will be connected to GND. ;
; paddle_0            ; Output ; Warning  ; Declared by entity but not connected by instance. Logic that only feeds a dangling port will be removed.                                     ;
; paddle_1            ; Output ; Warning  ; Declared by entity but not connected by instance. Logic that only feeds a dangling port will be removed.                                     ;
; paddle_2            ; Output ; Warning  ; Declared by entity but not connected by instance. Logic that only feeds a dangling port will be removed.                                     ;
; paddle_3            ; Output ; Warning  ; Declared by entity but not connected by instance. Logic that only feeds a dangling port will be removed.                                     ;
; paddle_4            ; Output ; Warning  ; Declared by entity but not connected by instance. Logic that only feeds a dangling port will be removed.                                     ;
; paddle_5            ; Output ; Warning  ; Declared by entity but not connected by instance. Logic that only feeds a dangling port will be removed.                                     ;
; spinner_0           ; Output ; Warning  ; Declared by entity but not connected by instance. Logic that only feeds a dangling port will be removed.                                     ;
; spinner_1           ; Output ; Warning  ; Declared by entity but not connected by instance. Logic that only feeds a dangling port will be removed.                                     ;
; spinner_2           ; Output ; Warning  ; Declared by entity but not connected by instance. Logic that only feeds a dangling port will be removed.                                     ;
; spinner_3           ; Output ; Warning  ; Declared by entity but not connected by instance. Logic that only feeds a dangling port will be removed.                                     ;
; spinner_4           ; Output ; Warning  ; Declared by entity but not connected by instance. Logic that only feeds a dangling port will be removed.                                     ;
; spinner_5           ; Output ; Warning  ; Declared by entity but not connected by instance. Logic that only feeds a dangling port will be removed.                                     ;
; ps2_kbd_clk_out     ; Output ; Warning  ; Declared by entity but not connected by instance. Logic that only feeds a dangling port will be removed.                                     ;
; ps2_kbd_data_out    ; Output ; Warning  ; Declared by entity but not connected by instance. Logic that only feeds a dangling port will be removed.                                     ;
; ps2_kbd_clk_in      ; Input  ; Warning  ; Declared by entity but not connected by instance. If a default value exists, it will be used.  Otherwise, the port will be connected to GND. ;
; ps2_kbd_data_in     ; Input  ; Warning  ; Declared by entity but not connected by instance. If a default value exists, it will be used.  Otherwise, the port will be connected to GND. ;
; ps2_kbd_led_status  ; Input  ; Warning  ; Declared by entity but not connected by instance. If a default value exists, it will be used.  Otherwise, the port will be connected to GND. ;
; ps2_kbd_led_use     ; Input  ; Warning  ; Declared by entity but not connected by instance. If a default value exists, it will be used.  Otherwise, the port will be connected to GND. ;
; ps2_mouse_clk_out   ; Output ; Warning  ; Declared by entity but not connected by instance. Logic that only feeds a dangling port will be removed.                                     ;
; ps2_mouse_data_out  ; Output ; Warning  ; Declared by entity but not connected by instance. Logic that only feeds a dangling port will be removed.                                     ;
; ps2_mouse_clk_in    ; Input  ; Warning  ; Declared by entity but not connected by instance. If a default value exists, it will be used.  Otherwise, the port will be connected to GND. ;
; ps2_mouse_data_in   ; Input  ; Warning  ; Declared by entity but not connected by instance. If a default value exists, it will be used.  Otherwise, the port will be connected to GND. ;
; ps2_mouse           ; Output ; Warning  ; Declared by entity but not connected by instance. Logic that only feeds a dangling port will be removed.                                     ;
; ps2_mouse_ext       ; Output ; Warning  ; Declared by entity but not connected by instance. Logic that only feeds a dangling port will be removed.                                     ;
; video_rotated       ; Input  ; Warning  ; Declared by entity but not connected by instance. If a default value exists, it will be used.  Otherwise, the port will be connected to GND. ;
; info_req            ; Input  ; Warning  ; Declared by entity but not connected by instance. If a default value exists, it will be used.  Otherwise, the port will be connected to GND. ;
; info                ; Input  ; Warning  ; Declared by entity but not connected by instance. If a default value exists, it will be used.  Otherwise, the port will be connected to GND. ;
; img_mounted         ; Output ; Warning  ; Declared by entity but not connected by instance. Logic that only feeds a dangling port will be removed.                                     ;
; img_readonly        ; Output ; Warning  ; Declared by entity but not connected by instance. Logic that only feeds a dangling port will be removed.                                     ;
; img_size            ; Output ; Warning  ; Declared by entity but not connected by instance. Logic that only feeds a dangling port will be removed.                                     ;
; sd_lba              ; Input  ; Warning  ; Declared by entity but not connected by instance. If a default value exists, it will be used.  Otherwise, the port will be connected to GND. ;
; sd_blk_cnt          ; Input  ; Warning  ; Declared by entity but not connected by instance. If a default value exists, it will be used.  Otherwise, the port will be connected to GND. ;
; sd_rd               ; Input  ; Warning  ; Declared by entity but not connected by instance. If a default value exists, it will be used.  Otherwise, the port will be connected to GND. ;
; sd_wr               ; Input  ; Warning  ; Declared by entity but not connected by instance. If a default value exists, it will be used.  Otherwise, the port will be connected to GND. ;
; sd_ack              ; Output ; Warning  ; Declared by entity but not connected by instance. Logic that only feeds a dangling port will be removed.                                     ;
; sd_buff_addr        ; Output ; Warning  ; Declared by entity but not connected by instance. Logic that only feeds a dangling port will be removed.                                     ;
; sd_buff_dout        ; Output ; Warning  ; Declared by entity but not connected by instance. Logic that only feeds a dangling port will be removed.                                     ;
; sd_buff_din         ; Input  ; Warning  ; Declared by entity but not connected by instance. If a default value exists, it will be used.  Otherwise, the port will be connected to GND. ;
; sd_buff_wr          ; Output ; Warning  ; Declared by entity but not connected by instance. Logic that only feeds a dangling port will be removed.                                     ;
; ioctl_download      ; Output ; Warning  ; Declared by entity but not connected by instance. Logic that only feeds a dangling port will be removed.                                     ;
; ioctl_index         ; Output ; Warning  ; Declared by entity but not connected by instance. Logic that only feeds a dangling port will be removed.                                     ;
; ioctl_wr            ; Output ; Warning  ; Declared by entity but not connected by instance. Logic that only feeds a dangling port will be removed.                                     ;
; ioctl_addr          ; Output ; Warning  ; Declared by entity but not connected by instance. Logic that only feeds a dangling port will be removed.                                     ;
; ioctl_dout          ; Output ; Warning  ; Declared by entity but not connected by instance. Logic that only feeds a dangling port will be removed.                                     ;
; ioctl_upload        ; Output ; Warning  ; Declared by entity but not connected by instance. Logic that only feeds a dangling port will be removed.                                     ;
; ioctl_upload_req    ; Input  ; Warning  ; Declared by entity but not connected by instance. If a default value exists, it will be used.  Otherwise, the port will be connected to GND. ;
; ioctl_upload_index  ; Input  ; Warning  ; Declared by entity but not connected by instance. If a default value exists, it will be used.  Otherwise, the port will be connected to GND. ;
; ioctl_din           ; Input  ; Warning  ; Declared by entity but not connected by instance. If a default value exists, it will be used.  Otherwise, the port will be connected to GND. ;
; ioctl_rd            ; Output ; Warning  ; Declared by entity but not connected by instance. Logic that only feeds a dangling port will be removed.                                     ;
; ioctl_file_ext      ; Output ; Warning  ; Declared by entity but not connected by instance. Logic that only feeds a dangling port will be removed.                                     ;
; ioctl_wait          ; Input  ; Warning  ; Declared by entity but not connected by instance. If a default value exists, it will be used.  Otherwise, the port will be connected to GND. ;
; sdram_sz            ; Output ; Warning  ; Declared by entity but not connected by instance. Logic that only feeds a dangling port will be removed.                                     ;
; RTC                 ; Output ; Warning  ; Declared by entity but not connected by instance. Logic that only feeds a dangling port will be removed.                                     ;
; TIMESTAMP           ; Output ; Warning  ; Declared by entity but not connected by instance. Logic that only feeds a dangling port will be removed.                                     ;
; uart_mode           ; Output ; Warning  ; Declared by entity but not connected by instance. Logic that only feeds a dangling port will be removed.                                     ;
; uart_speed          ; Output ; Warning  ; Declared by entity but not connected by instance. Logic that only feeds a dangling port will be removed.                                     ;
+---------------------+--------+----------+----------------------------------------------------------------------------------------------------------------------------------------------+


+----------------------------------------------------------------------------------------------------------------------+
; Port Connectivity Checks: "emu:emu"                                                                                  ;
+-------------+-------+----------+-------------------------------------------------------------------------------------+
; Port        ; Type  ; Severity ; Details                                                                             ;
+-------------+-------+----------+-------------------------------------------------------------------------------------+
; HPS_BUS[35] ; Bidir ; Warning  ; Connected to dangling logic. Logic that only feeds a dangling port will be removed. ;
; ADC_BUS[2]  ; Bidir ; Warning  ; Connected to dangling logic. Logic that only feeds a dangling port will be removed. ;
+-------------+-------+----------+-------------------------------------------------------------------------------------+


+------------------------------------------------------------------------------------------------+
; Port Connectivity Checks: "audio_out:audio_out|IIR_filter:IIR_filter|iir_filter_tap:iir_tap_2" ;
+------+-------+----------+----------------------------------------------------------------------+
; Port ; Type  ; Severity ; Details                                                              ;
+------+-------+----------+----------------------------------------------------------------------+
; z    ; Input ; Info     ; Stuck at GND                                                         ;
+------+-------+----------+----------------------------------------------------------------------+


+---------------------------------------------------------------------------------------------------------------------------------------------+
; Port Connectivity Checks: "audio_out:audio_out|spdif:toslink"                                                                               ;
+--------------+--------+----------+----------------------------------------------------------------------------------------------------------+
; Port         ; Type   ; Severity ; Details                                                                                                  ;
+--------------+--------+----------+----------------------------------------------------------------------------------------------------------+
; sample_req_o ; Output ; Warning  ; Declared by entity but not connected by instance. Logic that only feeds a dangling port will be removed. ;
+--------------+--------+----------+----------------------------------------------------------------------------------------------------------+


+-----------------------------------------------------------------------------------------------------------------------------------------------------------------------------------------------------------------+
; Port Connectivity Checks: "pll_audio:pll_audio"                                                                                                                                                                 ;
+---------+-------+----------+------------------------------------------------------------------------------------------------------------------------------------------------------------------------------------+
; Port    ; Type  ; Severity ; Details                                                                                                                                                                            ;
+---------+-------+----------+------------------------------------------------------------------------------------------------------------------------------------------------------------------------------------+
; rst     ; Input ; Warning  ; Input port expression (32 bits) is wider than the input port (1 bits) it drives.  The 31 most-significant bit(s) in the expression will be dangling if they have no other fanouts. ;
; rst[-1] ; Input ; Info     ; Stuck at GND                                                                                                                                                                       ;
+---------+-------+----------+------------------------------------------------------------------------------------------------------------------------------------------------------------------------------------+


+-------------------------------------------------------------------------------------------------------------------------------------------+
; Port Connectivity Checks: "osd:hdmi_osd"                                                                                                  ;
+------------+--------+----------+----------------------------------------------------------------------------------------------------------+
; Port       ; Type   ; Severity ; Details                                                                                                  ;
+------------+--------+----------+----------------------------------------------------------------------------------------------------------+
; osd_status ; Output ; Warning  ; Declared by entity but not connected by instance. Logic that only feeds a dangling port will be removed. ;
+------------+--------+----------+----------------------------------------------------------------------------------------------------------+


+-------------------------------------------------------------------------------------------+
; Port Connectivity Checks: "pll_cfg_hdmi:pll_cfg_hdmi|generic_lcell_comb:lcell_dprio_read" ;
+-------+-------+----------+----------------------------------------------------------------+
; Port  ; Type  ; Severity ; Details                                                        ;
+-------+-------+----------+----------------------------------------------------------------+
; datac ; Input ; Info     ; Stuck at GND                                                   ;
; datad ; Input ; Info     ; Stuck at GND                                                   ;
; datae ; Input ; Info     ; Stuck at GND                                                   ;
; dataf ; Input ; Info     ; Stuck at GND                                                   ;
+-------+-------+----------+----------------------------------------------------------------+


+-------------------------------------------------------------------------------------------------------------------------------------------------------------------------+
; Port Connectivity Checks: "pll_cfg_hdmi:pll_cfg_hdmi|generic_lcell_comb:lcell_fpll_0_1"                                                                                 ;
+-------+-------+----------+----------------------------------------------------------------------------------------------------------------------------------------------+
; Port  ; Type  ; Severity ; Details                                                                                                                                      ;
+-------+-------+----------+----------------------------------------------------------------------------------------------------------------------------------------------+
; dataa ; Input ; Info     ; Stuck at GND                                                                                                                                 ;
; datab ; Input ; Warning  ; Declared by entity but not connected by instance. If a default value exists, it will be used.  Otherwise, the port will be connected to GND. ;
; datac ; Input ; Warning  ; Declared by entity but not connected by instance. If a default value exists, it will be used.  Otherwise, the port will be connected to GND. ;
; datad ; Input ; Warning  ; Declared by entity but not connected by instance. If a default value exists, it will be used.  Otherwise, the port will be connected to GND. ;
; datae ; Input ; Warning  ; Declared by entity but not connected by instance. If a default value exists, it will be used.  Otherwise, the port will be connected to GND. ;
; dataf ; Input ; Warning  ; Declared by entity but not connected by instance. If a default value exists, it will be used.  Otherwise, the port will be connected to GND. ;
+-------+-------+----------+----------------------------------------------------------------------------------------------------------------------------------------------+


+---------------------------------------------------------------------------------------------------------------------------------------------------------------------------------------+
; Port Connectivity Checks: "pll_cfg_hdmi:pll_cfg_hdmi|dprio_mux:dprio_mux_inst"                                                                                                        ;
+---------------------+-------+----------+----------------------------------------------------------------------------------------------------------------------------------------------+
; Port                ; Type  ; Severity ; Details                                                                                                                                      ;
+---------------------+-------+----------+----------------------------------------------------------------------------------------------------------------------------------------------+
; avmm_ser_shift_load ; Input ; Warning  ; Declared by entity but not connected by instance. If a default value exists, it will be used.  Otherwise, the port will be connected to GND. ;
+---------------------+-------+----------+----------------------------------------------------------------------------------------------------------------------------------------------+


+---------------------------------------------------------------------------------------------------------------------------------------------------------------+
; Port Connectivity Checks: "sys_umuldiv:ar_muldiv"                                                                                                             ;
+-----------+--------+----------+-------------------------------------------------------------------------------------------------------------------------------+
; Port      ; Type   ; Severity ; Details                                                                                                                       ;
+-----------+--------+----------+-------------------------------------------------------------------------------------------------------------------------------+
; result    ; Output ; Warning  ; Output or bidir port (24 bits) is wider than the port expression (12 bits) it drives; bit(s) "result[23..12]" have no fanouts ;
; remainder ; Output ; Warning  ; Declared by entity but not connected by instance. Logic that only feeds a dangling port will be removed.                      ;
+-----------+--------+----------+-------------------------------------------------------------------------------------------------------------------------------+


+--------------------------------------------------------------------------------------------------------------------------------------------------------------------------------------------------------------------------------+
; Port Connectivity Checks: "ascal:ascal"                                                                                                                                                                                        ;
+--------------+--------+------------------+-------------------------------------------------------------------------------------------------------------------------------------------------------------------------------------+
; Port         ; Type   ; Severity         ; Details                                                                                                                                                                             ;
+--------------+--------+------------------+-------------------------------------------------------------------------------------------------------------------------------------------------------------------------------------+
; run          ; Input  ; Warning          ; Input port expression (32 bits) is wider than the input port (1 bits) it drives.  The 31 most-significant bit(s) in the expression will be dangling if they have no other fanouts.  ;
; run[-1]      ; Input  ; Info             ; Stuck at VCC                                                                                                                                                                        ;
; iauto        ; Input  ; Warning          ; Input port expression (32 bits) is wider than the input port (1 bits) it drives.  The 31 most-significant bit(s) in the expression will be dangling if they have no other fanouts.  ;
; iauto[-1]    ; Input  ; Info             ; Stuck at VCC                                                                                                                                                                        ;
; himin        ; Input  ; Warning          ; Input port expression (32 bits) is wider than the input port (12 bits) it drives.  The 20 most-significant bit(s) in the expression will be dangling if they have no other fanouts. ;
; himin[11..0] ; Input  ; Info             ; Stuck at GND                                                                                                                                                                        ;
; himax        ; Input  ; Warning          ; Input port expression (32 bits) is wider than the input port (12 bits) it drives.  The 20 most-significant bit(s) in the expression will be dangling if they have no other fanouts. ;
; himax[11..0] ; Input  ; Info             ; Stuck at GND                                                                                                                                                                        ;
; vimin        ; Input  ; Warning          ; Input port expression (32 bits) is wider than the input port (12 bits) it drives.  The 20 most-significant bit(s) in the expression will be dangling if they have no other fanouts. ;
; vimin[11..0] ; Input  ; Info             ; Stuck at GND                                                                                                                                                                        ;
; vimax        ; Input  ; Warning          ; Input port expression (32 bits) is wider than the input port (12 bits) it drives.  The 20 most-significant bit(s) in the expression will be dangling if they have no other fanouts. ;
; vimax[11..0] ; Input  ; Info             ; Stuck at GND                                                                                                                                                                        ;
; o_vbl        ; Output ; Info             ; Connected to dangling logic. Logic that only feeds a dangling port will be removed.                                                                                                 ;
; mode         ; Input  ; Critical Warning ; Can't connect array with 4 elements in array dimension 1 to port with 5 elements in the same dimension                                                                              ;
; mode[1..0]   ; Input  ; Info             ; Stuck at GND                                                                                                                                                                        ;
; o_border     ; Input  ; Warning          ; Declared by entity but not connected by instance. If a default value exists, it will be used.  Otherwise, the port will be connected to GND.                                        ;
; pal1_dr      ; Output ; Warning          ; Declared by entity but not connected by instance. Logic that only feeds a dangling port will be removed.                                                                            ;
; pal_n        ; Input  ; Warning          ; Declared by entity but not connected by instance. If a default value exists, it will be used.  Otherwise, the port will be connected to GND.                                        ;
; pal2_clk     ; Input  ; Warning          ; Declared by entity but not connected by instance. If a default value exists, it will be used.  Otherwise, the port will be connected to GND.                                        ;
; pal2_dw      ; Input  ; Warning          ; Declared by entity but not connected by instance. If a default value exists, it will be used.  Otherwise, the port will be connected to GND.                                        ;
; pal2_dr      ; Output ; Warning          ; Declared by entity but not connected by instance. Logic that only feeds a dangling port will be removed.                                                                            ;
; pal2_a       ; Input  ; Warning          ; Declared by entity but not connected by instance. If a default value exists, it will be used.  Otherwise, the port will be connected to GND.                                        ;
; pal2_wr      ; Input  ; Warning          ; Declared by entity but not connected by instance. If a default value exists, it will be used.  Otherwise, the port will be connected to GND.                                        ;
; i_hdmax      ; Output ; Warning          ; Declared by entity but not connected by instance. Logic that only feeds a dangling port will be removed.                                                                            ;
; i_vdmax      ; Output ; Warning          ; Declared by entity but not connected by instance. Logic that only feeds a dangling port will be removed.                                                                            ;
; format       ; Input  ; Warning          ; Declared by entity but not connected by instance. If a default value exists, it will be used.  Otherwise, the port will be connected to GND.                                        ;
+--------------+--------+------------------+-------------------------------------------------------------------------------------------------------------------------------------------------------------------------------------+


+----------------------------------------------------------------------------------------------------------------------------+
; Port Connectivity Checks: "ddr_svc:ddr_svc"                                                                                ;
+------------------+--------+----------+-------------------------------------------------------------------------------------+
; Port             ; Type   ; Severity ; Details                                                                             ;
+------------------+--------+----------+-------------------------------------------------------------------------------------+
; ram_bcnt[7]      ; Output ; Info     ; Connected to dangling logic. Logic that only feeds a dangling port will be removed. ;
; ch0_burst[7..1]  ; Input  ; Info     ; Stuck at GND                                                                        ;
; ch0_burst[0]     ; Input  ; Info     ; Stuck at VCC                                                                        ;
; ch1_burst[6..0]  ; Input  ; Info     ; Stuck at GND                                                                        ;
; ch1_burst[7]     ; Input  ; Info     ; Stuck at VCC                                                                        ;
; ch1_data[63..56] ; Output ; Info     ; Connected to dangling logic. Logic that only feeds a dangling port will be removed. ;
; ch1_data[31..24] ; Output ; Info     ; Connected to dangling logic. Logic that only feeds a dangling port will be removed. ;
+------------------+--------+----------+-------------------------------------------------------------------------------------+


+--------------------------------------------------------------------------------------------------------------------------------------------------------------------------------------+
; Port Connectivity Checks: "sysmem_lite:sysmem"                                                                                                                                       ;
+--------------------+-------+----------+----------------------------------------------------------------------------------------------------------------------------------------------+
; Port               ; Type  ; Severity ; Details                                                                                                                                      ;
+--------------------+-------+----------+----------------------------------------------------------------------------------------------------------------------------------------------+
; reset_hps_warm_req ; Input ; Warning  ; Declared by entity but not connected by instance. If a default value exists, it will be used.  Otherwise, the port will be connected to GND. ;
+--------------------+-------+----------+----------------------------------------------------------------------------------------------------------------------------------------------+


+---------------------------------------------------------------------------------------------------------------------------+
; Port Connectivity Checks: "mcp23009:mcp23009|i2c:i2c"                                                                     ;
+-----------------+--------+----------+-------------------------------------------------------------------------------------+
; Port            ; Type   ; Severity ; Details                                                                             ;
+-----------------+--------+----------+-------------------------------------------------------------------------------------+
; I2C_ADDR[4..0]  ; Input  ; Info     ; Stuck at GND                                                                        ;
; I2C_ADDR[6]     ; Input  ; Info     ; Stuck at GND                                                                        ;
; I2C_ADDR[5]     ; Input  ; Info     ; Stuck at VCC                                                                        ;
; I2C_WLEN        ; Input  ; Info     ; Stuck at VCC                                                                        ;
; I2C_RDATA[2..0] ; Output ; Info     ; Connected to dangling logic. Logic that only feeds a dangling port will be removed. ;
+-----------------+--------+----------+-------------------------------------------------------------------------------------+


+-----------------------------------------------------+
; Post-Synthesis Netlist Statistics for Top Partition ;
+--------------------------------------------+--------+
; Type                                       ; Count  ;
+--------------------------------------------+--------+
; arriav_clkselect                           ; 2      ;
; arriav_ddio_out                            ; 2      ;
; arriav_ff                                  ; 12022  ;
;     CLR                                    ; 93     ;
;     ENA                                    ; 5043   ;
;     ENA CLR                                ; 294    ;
;     ENA CLR SCLR                           ; 9      ;
;     ENA CLR SLD                            ; 16     ;
;     ENA SCLR                               ; 1086   ;
;     ENA SCLR SLD                           ; 228    ;
;     ENA SLD                                ; 1043   ;
;     SCLR                                   ; 773    ;
;     SLD                                    ; 299    ;
;     plain                                  ; 3138   ;
; arriav_hps_interface_boot_from_fpga        ; 1      ;
; arriav_hps_interface_clocks_resets         ; 1      ;
; arriav_hps_interface_dbg_apb               ; 1      ;
; arriav_hps_interface_fpga2hps              ; 1      ;
; arriav_hps_interface_fpga2sdram            ; 1      ;
; arriav_hps_interface_hps2fpga              ; 1      ;
; arriav_hps_interface_interrupts            ; 1      ;
; arriav_hps_interface_mpu_general_purpose   ; 1      ;
; arriav_hps_interface_peripheral_i2c        ; 1      ;
; arriav_hps_interface_peripheral_spi_master ; 1      ;
; arriav_hps_interface_peripheral_uart       ; 1      ;
; arriav_hps_interface_tpiu_trace            ; 1      ;
; arriav_io_obuf                             ; 89     ;
; arriav_lcell_comb                          ; 13082  ;
;     arith                                  ; 4411   ;
;         0 data inputs                      ; 101    ;
;         1 data inputs                      ; 1940   ;
;         2 data inputs                      ; 1502   ;
;         3 data inputs                      ; 403    ;
;         4 data inputs                      ; 266    ;
;         5 data inputs                      ; 199    ;
;     extend                                 ; 194    ;
;         7 data inputs                      ; 194    ;
;     normal                                 ; 7149   ;
;         0 data inputs                      ; 10     ;
;         1 data inputs                      ; 126    ;
;         2 data inputs                      ; 849    ;
;         3 data inputs                      ; 1202   ;
;         4 data inputs                      ; 1483   ;
;         5 data inputs                      ; 1425   ;
;         6 data inputs                      ; 2054   ;
;     shared                                 ; 1328   ;
;         0 data inputs                      ; 89     ;
;         1 data inputs                      ; 274    ;
;         2 data inputs                      ; 643    ;
;         3 data inputs                      ; 297    ;
;         4 data inputs                      ; 25     ;
; arriav_mac                                 ; 56     ;
; boundary_port                              ; 145    ;
; cyclonev_fractional_pll                    ; 1      ;
; cyclonev_pll_output_counter                ; 1      ;
; cyclonev_pll_reconfig                      ; 1      ;
; cyclonev_pll_refclk_select                 ; 1      ;
; generic_pll                                ; 2      ;
; stratixv_ram_block                         ; 861    ;
;                                            ;        ;
; Max LUT depth                              ; 22.80  ;
; Average LUT depth                          ; 3.42   ;
+--------------------------------------------+--------+


+-------------------------------+
; Elapsed Time Per Partition    ;
+----------------+--------------+
; Partition Name ; Elapsed Time ;
+----------------+--------------+
; Top            ; 00:00:47     ;
+----------------+--------------+


+-------------------------------+
; Analysis & Synthesis Messages ;
+-------------------------------+
Info: *******************************************************************
Info: Running Quartus Prime Analysis & Synthesis
    Info: Version 17.0.2 Build 602 07/19/2017 SJ Lite Edition
    Info: Processing started: Sat Sep  5 15:16:06 2026
Info: Command: quartus_map --read_settings_files=on --write_settings_files=off VTG9000 -c VTG9000
Info (16303): High Performance Effort optimization mode selected -- timing performance will be prioritized at the potential cost of increased compilation time
Info (20030): Parallel compilation is enabled and will use 8 of the 8 processors detected
Info (12021): Found 1 design units, including 1 entities, in source file rtl/pll.v
    Info (12023): Found entity 1: pll File: /build/rtl/pll.v Line: 8
Info (12021): Found 1 design units, including 1 entities, in source file rtl/pll/pll_0002.v
    Info (12023): Found entity 1: pll_0002 File: /build/rtl/pll/pll_0002.v Line: 2
Info (12021): Found 1 design units, including 1 entities, in source file sys/pll_hdmi.v
    Info (12023): Found entity 1: pll_hdmi File: /build/sys/pll_hdmi.v Line: 8
Info (12021): Found 1 design units, including 1 entities, in source file sys/pll_hdmi/pll_hdmi_0002.v
    Info (12023): Found entity 1: pll_hdmi_0002 File: /build/sys/pll_hdmi/pll_hdmi_0002.v Line: 2
Info (12021): Found 1 design units, including 1 entities, in source file sys/pll_audio.v
    Info (12023): Found entity 1: pll_audio File: /build/sys/pll_audio.v Line: 8
Info (12021): Found 1 design units, including 1 entities, in source file sys/pll_audio/pll_audio_0002.v
    Info (12023): Found entity 1: pll_audio_0002 File: /build/sys/pll_audio/pll_audio_0002.v Line: 2
Info (12021): Found 1 design units, including 1 entities, in source file sys/pll_cfg/pll_cfg.v
    Info (12023): Found entity 1: pll_cfg File: /build/sys/pll_cfg/pll_cfg.v Line: 8
Info (12021): Found 1 design units, including 1 entities, in source file sys/pll_cfg/pll_cfg_hdmi.v
    Info (12023): Found entity 1: pll_cfg_hdmi File: /build/sys/pll_cfg/pll_cfg_hdmi.v Line: 16
Info (12021): Found 1 design units, including 1 entities, in source file sys/pll_cfg/altera_pll_reconfig_top.v
    Info (12023): Found entity 1: altera_pll_reconfig_top File: /build/sys/pll_cfg/altera_pll_reconfig_top.v Line: 16
Info (12021): Found 3 design units, including 3 entities, in source file sys/sys_top.v
    Info (12023): Found entity 1: sys_top File: /build/sys/sys_top.v Line: 22
    Info (12023): Found entity 2: sync_fix File: /build/sys/sys_top.v Line: 1882
    Info (12023): Found entity 3: csync File: /build/sys/sys_top.v Line: 1914
Info (12021): Found 2 design units, including 1 entities, in source file sys/ascal.vhd
    Info (12022): Found design unit 1: ascal-rtl File: /build/sys/ascal.vhd Line: 269
    Info (12023): Found entity 1: ascal File: /build/sys/ascal.vhd Line: 114
Info (12021): Found 2 design units, including 1 entities, in source file sys/pll_hdmi_adj.vhd
    Info (12022): Found design unit 1: pll_hdmi_adj-rtl File: /build/sys/pll_hdmi_adj.vhd Line: 53
    Info (12023): Found entity 1: pll_hdmi_adj File: /build/sys/pll_hdmi_adj.vhd Line: 21
Info (12021): Found 3 design units, including 3 entities, in source file sys/math.sv
    Info (12023): Found entity 1: sys_udiv File: /build/sys/math.sv Line: 3
    Info (12023): Found entity 2: sys_umul File: /build/sys/math.sv Line: 46
    Info (12023): Found entity 3: sys_umuldiv File: /build/sys/math.sv Line: 85
Info (12021): Found 5 design units, including 5 entities, in source file sys/hq2x.sv
    Info (12023): Found entity 1: Hq2x File: /build/sys/hq2x.sv Line: 13
    Info (12023): Found entity 2: hq2x_in File: /build/sys/hq2x.sv Line: 226
    Info (12023): Found entity 3: hq2x_buf File: /build/sys/hq2x.sv Line: 250
    Info (12023): Found entity 4: DiffCheck File: /build/sys/hq2x.sv Line: 271
    Info (12023): Found entity 5: Blend File: /build/sys/hq2x.sv Line: 298
Info (12021): Found 1 design units, including 1 entities, in source file sys/scandoubler.v
    Info (12023): Found entity 1: scandoubler File: /build/sys/scandoubler.v Line: 22
Info (12021): Found 1 design units, including 1 entities, in source file sys/scanlines.v
    Info (12023): Found entity 1: scanlines File: /build/sys/scanlines.v Line: 1
Info (12021): Found 1 design units, including 1 entities, in source file sys/shadowmask.sv
    Info (12023): Found entity 1: shadowmask File: /build/sys/shadowmask.sv Line: 1
Info (12021): Found 2 design units, including 2 entities, in source file sys/video_cleaner.sv
    Info (12023): Found entity 1: video_cleaner File: /build/sys/video_cleaner.sv Line: 12
    Info (12023): Found entity 2: s_fix File: /build/sys/video_cleaner.sv Line: 81
Info (12021): Found 2 design units, including 2 entities, in source file sys/gamma_corr.sv
    Info (12023): Found entity 1: gamma_corr File: /build/sys/gamma_corr.sv Line: 1
    Info (12023): Found entity 2: gamma_fast File: /build/sys/gamma_corr.sv Line: 62
Info (12021): Found 1 design units, including 1 entities, in source file sys/video_mixer.sv
    Info (12023): Found entity 1: video_mixer File: /build/sys/video_mixer.sv Line: 19
Info (12021): Found 2 design units, including 2 entities, in source file sys/video_freak.sv
    Info (12023): Found entity 1: video_freak File: /build/sys/video_freak.sv Line: 16
    Info (12023): Found entity 2: video_scale_int File: /build/sys/video_freak.sv Line: 141
Info (12021): Found 2 design units, including 2 entities, in source file sys/video_freezer.sv
    Info (12023): Found entity 1: video_freezer File: /build/sys/video_freezer.sv Line: 21
    Info (12023): Found entity 2: sync_lock File: /build/sys/video_freezer.sv Line: 80
Info (12021): Found 2 design units, including 2 entities, in source file sys/arcade_video.v
    Info (12023): Found entity 1: arcade_video File: /build/sys/arcade_video.v Line: 29
    Info (12023): Found entity 2: screen_rotate File: /build/sys/arcade_video.v Line: 168
Info (12021): Found 1 design units, including 1 entities, in source file sys/osd.v
    Info (12023): Found entity 1: osd File: /build/sys/osd.v Line: 4
Info (12021): Found 1 design units, including 1 entities, in source file sys/vga_out.sv
    Info (12023): Found entity 1: vga_out File: /build/sys/vga_out.sv Line: 2
Info (12021): Found 1 design units, including 1 entities, in source file sys/yc_out.sv
    Info (12023): Found entity 1: yc_out File: /build/sys/yc_out.sv Line: 27
Info (12021): Found 1 design units, including 1 entities, in source file sys/i2c.v
    Info (12023): Found entity 1: i2c File: /build/sys/i2c.v Line: 2
Info (12021): Found 1 design units, including 1 entities, in source file sys/alsa.sv
    Info (12023): Found entity 1: alsa File: /build/sys/alsa.sv Line: 22
Info (12021): Found 1 design units, including 1 entities, in source file sys/i2s.v
    Info (12023): Found entity 1: i2s File: /build/sys/i2s.v Line: 2
Info (12021): Found 1 design units, including 1 entities, in source file sys/spdif.v
    Info (12023): Found entity 1: spdif File: /build/sys/spdif.v Line: 33
Info (12021): Found 2 design units, including 2 entities, in source file sys/audio_out.sv
    Info (12023): Found entity 1: audio_out File: /build/sys/audio_out.sv Line: 22
    Info (12023): Found entity 2: aud_mix_top File: /build/sys/audio_out.sv Line: 281
Info (12021): Found 3 design units, including 3 entities, in source file sys/iir_filter.v
    Info (12023): Found entity 1: IIR_filter File: /build/sys/iir_filter.v Line: 22
    Info (12023): Found entity 2: iir_filter_tap File: /build/sys/iir_filter.v Line: 148
    Info (12023): Found entity 3: DC_blocker File: /build/sys/iir_filter.v Line: 189
Info (12021): Found 2 design units, including 2 entities, in source file sys/ltc2308.sv
    Info (12023): Found entity 1: ltc2308 File: /build/sys/ltc2308.sv Line: 28
    Info (12023): Found entity 2: ltc2308_tape File: /build/sys/ltc2308.sv Line: 105
Info (12021): Found 1 design units, including 1 entities, in source file sys/sigma_delta_dac.v
    Info (12023): Found entity 1: sigma_delta_dac File: /build/sys/sigma_delta_dac.v Line: 6
Info (12021): Found 1 design units, including 1 entities, in source file sys/mt32pi.sv
    Info (12023): Found entity 1: mt32pi File: /build/sys/mt32pi.sv Line: 8
Info (12021): Found 1 design units, including 1 entities, in source file sys/mcp23009.sv
    Info (12023): Found entity 1: mcp23009 File: /build/sys/mcp23009.sv Line: 5
Info (12021): Found 1 design units, including 1 entities, in source file sys/f2sdram_safe_terminator.sv
    Info (12023): Found entity 1: f2sdram_safe_terminator File: /build/sys/f2sdram_safe_terminator.sv Line: 55
Info (12021): Found 1 design units, including 1 entities, in source file sys/ddr_svc.sv
    Info (12023): Found entity 1: ddr_svc File: /build/sys/ddr_svc.sv Line: 23
Info (12021): Found 2 design units, including 2 entities, in source file sys/sysmem.sv
    Info (12023): Found entity 1: sysmem_lite File: /build/sys/sysmem.sv Line: 2
    Info (12023): Found entity 2: sysmem_HPS_fpga_interfaces File: /build/sys/sysmem.sv Line: 241
Info (12021): Found 1 design units, including 1 entities, in source file sys/sd_card.sv
    Info (12023): Found entity 1: sd_card File: /build/sys/sd_card.sv Line: 28
Info (12021): Found 4 design units, including 4 entities, in source file sys/hps_io.sv
    Info (12023): Found entity 1: hps_io File: /build/sys/hps_io.sv Line: 35
    Info (12023): Found entity 2: ps2_device File: /build/sys/hps_io.sv Line: 711
    Info (12023): Found entity 3: video_calc File: /build/sys/hps_io.sv Line: 854
    Info (12023): Found entity 4: confstr_rom File: /build/sys/hps_io.sv Line: 1033
Info (12021): Found 1 design units, including 1 entities, in source file rtl/vtg_raster.sv
    Info (12023): Found entity 1: vtg_raster File: /build/rtl/vtg_raster.sv Line: 15
Info (12021): Found 1 design units, including 1 entities, in source file rtl/vtg_patterns.sv
    Info (12023): Found entity 1: vtg_patterns File: /build/rtl/vtg_patterns.sv Line: 4
Info (12021): Found 1 design units, including 1 entities, in source file rtl/vtg9000_core.sv
    Info (12023): Found entity 1: vtg9000_core File: /build/rtl/vtg9000_core.sv Line: 4
Info (12021): Found 1 design units, including 1 entities, in source file rtl/vtg_controls.sv
    Info (12023): Found entity 1: vtg_controls File: /build/rtl/vtg_controls.sv Line: 4
Info (12021): Found 1 design units, including 1 entities, in source file VTG9000.sv
    Info (12023): Found entity 1: emu File: /build/VTG9000.sv Line: 7
Info (12127): Elaborating entity "sys_top" for the top level hierarchy
Info (12128): Elaborating entity "mcp23009" for hierarchy "mcp23009:mcp23009" File: /build/sys/sys_top.v Line: 175
Info (12128): Elaborating entity "i2c" for hierarchy "mcp23009:mcp23009|i2c:i2c" File: /build/sys/mcp23009.sv Line: 41
Info (12128): Elaborating entity "sysmem_lite" for hierarchy "sysmem_lite:sysmem" File: /build/sys/sys_top.v Line: 650
Info (12128): Elaborating entity "f2sdram_safe_terminator" for hierarchy "sysmem_lite:sysmem|f2sdram_safe_terminator:f2sdram_safe_terminator_ram1" File: /build/sys/sysmem.sv Line: 91
Info (12128): Elaborating entity "f2sdram_safe_terminator" for hierarchy "sysmem_lite:sysmem|f2sdram_safe_terminator:f2sdram_safe_terminator_vbuf" File: /build/sys/sysmem.sv Line: 183
Info (12128): Elaborating entity "sysmem_HPS_fpga_interfaces" for hierarchy "sysmem_lite:sysmem|sysmem_HPS_fpga_interfaces:fpga_interfaces" File: /build/sys/sysmem.sv Line: 223
Info (12128): Elaborating entity "ddr_svc" for hierarchy "ddr_svc:ddr_svc" File: /build/sys/sys_top.v Line: 691
Info (12128): Elaborating entity "ascal" for hierarchy "ascal:ascal" File: /build/sys/sys_top.v Line: 830
Info (19000): Inferred 9 megafunctions from design logic
    Info (276029): Inferred altsyncram megafunction from the following design logic: "ascal:ascal|altsyncram:i_mem[0].r[7]__1" 
        Info (286033): Parameter OPERATION_MODE set to DUAL_PORT
        Info (286033): Parameter WIDTH_A set to 24
        Info (286033): Parameter WIDTHAD_A set to 11
        Info (286033): Parameter NUMWORDS_A set to 2048
        Info (286033): Parameter WIDTH_B set to 24
        Info (286033): Parameter WIDTHAD_B set to 11
        Info (286033): Parameter NUMWORDS_B set to 2048
        Info (286033): Parameter ADDRESS_ACLR_A set to NONE
        Info (286033): Parameter OUTDATA_REG_B set to UNREGISTERED
        Info (286033): Parameter ADDRESS_ACLR_B set to NONE
        Info (286033): Parameter OUTDATA_ACLR_B set to NONE
        Info (286033): Parameter ADDRESS_REG_B set to CLOCK0
        Info (286033): Parameter INDATA_ACLR_A set to NONE
        Info (286033): Parameter WRCONTROL_ACLR_A set to NONE
        Info (286033): Parameter READ_DURING_WRITE_MODE_MIXED_PORTS set to OLD_DATA
        Info (286033): Parameter RDCONTROL_REG_B set to CLOCK0
    Info (276029): Inferred altsyncram megafunction from the following design logic: "ascal:ascal|altsyncram:o_line0[0].r[7]__2" 
        Info (286033): Parameter OPERATION_MODE set to DUAL_PORT
        Info (286033): Parameter WIDTH_A set to 24
        Info (286033): Parameter WIDTHAD_A set to 11
        Info (286033): Parameter NUMWORDS_A set to 2048
        Info (286033): Parameter WIDTH_B set to 24
        Info (286033): Parameter WIDTHAD_B set to 11
        Info (286033): Parameter NUMWORDS_B set to 2048
        Info (286033): Parameter ADDRESS_ACLR_A set to NONE
        Info (286033): Parameter OUTDATA_REG_B set to UNREGISTERED
        Info (286033): Parameter ADDRESS_ACLR_B set to NONE
        Info (286033): Parameter OUTDATA_ACLR_B set to NONE
        Info (286033): Parameter ADDRESS_REG_B set to CLOCK0
        Info (286033): Parameter INDATA_ACLR_A set to NONE
        Info (286033): Parameter WRCONTROL_ACLR_A set to NONE
        Info (286033): Parameter READ_DURING_WRITE_MODE_MIXED_PORTS set to OLD_DATA
    Info (276029): Inferred altsyncram megafunction from the following design logic: "ascal:ascal|altsyncram:o_line1[0].r[7]__3" 
        Info (286033): Parameter OPERATION_MODE set to DUAL_PORT
        Info (286033): Parameter WIDTH_A set to 24
        Info (286033): Parameter WIDTHAD_A set to 11
        Info (286033): Parameter NUMWORDS_A set to 2048
        Info (286033): Parameter WIDTH_B set to 24
        Info (286033): Parameter WIDTHAD_B set to 11
        Info (286033): Parameter NUMWORDS_B set to 2048
        Info (286033): Parameter ADDRESS_ACLR_A set to NONE
        Info (286033): Parameter OUTDATA_REG_B set to UNREGISTERED
        Info (286033): Parameter ADDRESS_ACLR_B set to NONE
        Info (286033): Parameter OUTDATA_ACLR_B set to NONE
        Info (286033): Parameter ADDRESS_REG_B set to CLOCK0
        Info (286033): Parameter INDATA_ACLR_A set to NONE
        Info (286033): Parameter WRCONTROL_ACLR_A set to NONE
        Info (286033): Parameter READ_DURING_WRITE_MODE_MIXED_PORTS set to OLD_DATA
    Info (276029): Inferred altsyncram megafunction from the following design logic: "ascal:ascal|altsyncram:o_line2[0].r[7]__4" 
        Info (286033): Parameter OPERATION_MODE set to DUAL_PORT
        Info (286033): Parameter WIDTH_A set to 24
        Info (286033): Parameter WIDTHAD_A set to 11
        Info (286033): Parameter NUMWORDS_A set to 2048
        Info (286033): Parameter WIDTH_B set to 24
        Info (286033): Parameter WIDTHAD_B set to 11
        Info (286033): Parameter NUMWORDS_B set to 2048
        Info (286033): Parameter ADDRESS_ACLR_A set to NONE
        Info (286033): Parameter OUTDATA_REG_B set to UNREGISTERED
        Info (286033): Parameter ADDRESS_ACLR_B set to NONE
        Info (286033): Parameter OUTDATA_ACLR_B set to NONE
        Info (286033): Parameter ADDRESS_REG_B set to CLOCK0
        Info (286033): Parameter INDATA_ACLR_A set to NONE
        Info (286033): Parameter WRCONTROL_ACLR_A set to NONE
        Info (286033): Parameter READ_DURING_WRITE_MODE_MIXED_PORTS set to OLD_DATA
    Info (276029): Inferred altsyncram megafunction from the following design logic: "ascal:ascal|altsyncram:o_line3[0].r[7]__5" 
        Info (286033): Parameter OPERATION_MODE set to DUAL_PORT
        Info (286033): Parameter WIDTH_A set to 24
        Info (286033): Parameter WIDTHAD_A set to 11
        Info (286033): Parameter NUMWORDS_A set to 2048
        Info (286033): Parameter WIDTH_B set to 24
        Info (286033): Parameter WIDTHAD_B set to 11
        Info (286033): Parameter NUMWORDS_B set to 2048
        Info (286033): Parameter ADDRESS_ACLR_A set to NONE
        Info (286033): Parameter OUTDATA_REG_B set to UNREGISTERED
        Info (286033): Parameter ADDRESS_ACLR_B set to NONE
        Info (286033): Parameter OUTDATA_ACLR_B set to NONE
        Info (286033): Parameter ADDRESS_REG_B set to CLOCK0
        Info (286033): Parameter INDATA_ACLR_A set to NONE
        Info (286033): Parameter WRCONTROL_ACLR_A set to NONE
        Info (286033): Parameter READ_DURING_WRITE_MODE_MIXED_PORTS set to OLD_DATA
    Info (276029): Inferred altsyncram megafunction from the following design logic: "ascal:ascal|altsyncram:o_linf0[0].r[7]__6" 
        Info (286033): Parameter OPERATION_MODE set to DUAL_PORT
        Info (286033): Parameter WIDTH_A set to 24
        Info (286033): Parameter WIDTHAD_A set to 8
        Info (286033): Parameter NUMWORDS_A set to 256
        Info (286033): Parameter WIDTH_B set to 24
        Info (286033): Parameter WIDTHAD_B set to 8
        Info (286033): Parameter NUMWORDS_B set to 256
        Info (286033): Parameter ADDRESS_ACLR_A set to NONE
        Info (286033): Parameter OUTDATA_REG_B set to UNREGISTERED
        Info (286033): Parameter ADDRESS_ACLR_B set to NONE
        Info (286033): Parameter OUTDATA_ACLR_B set to NONE
        Info (286033): Parameter ADDRESS_REG_B set to CLOCK0
        Info (286033): Parameter INDATA_ACLR_A set to NONE
        Info (286033): Parameter WRCONTROL_ACLR_A set to NONE
        Info (286033): Parameter READ_DURING_WRITE_MODE_MIXED_PORTS set to OLD_DATA
    Info (276029): Inferred altsyncram megafunction from the following design logic: "ascal:ascal|altsyncram:o_linf1[0].r[7]__7" 
        Info (286033): Parameter OPERATION_MODE set to DUAL_PORT
        Info (286033): Parameter WIDTH_A set to 24
        Info (286033): Parameter WIDTHAD_A set to 8
        Info (286033): Parameter NUMWORDS_A set to 256
        Info (286033): Parameter WIDTH_B set to 24
        Info (286033): Parameter WIDTHAD_B set to 8
        Info (286033): Parameter NUMWORDS_B set to 256
        Info (286033): Parameter ADDRESS_ACLR_A set to NONE
        Info (286033): Parameter OUTDATA_REG_B set to UNREGISTERED
        Info (286033): Parameter ADDRESS_ACLR_B set to NONE
        Info (286033): Parameter OUTDATA_ACLR_B set to NONE
        Info (286033): Parameter ADDRESS_REG_B set to CLOCK0
        Info (286033): Parameter INDATA_ACLR_A set to NONE
        Info (286033): Parameter WRCONTROL_ACLR_A set to NONE
        Info (286033): Parameter READ_DURING_WRITE_MODE_MIXED_PORTS set to OLD_DATA
    Info (276029): Inferred altsyncram megafunction from the following design logic: "ascal:ascal|altsyncram:o_linf2[0].r[7]__8" 
        Info (286033): Parameter OPERATION_MODE set to DUAL_PORT
        Info (286033): Parameter WIDTH_A set to 24
        Info (286033): Parameter WIDTHAD_A set to 8
        Info (286033): Parameter NUMWORDS_A set to 256
        Info (286033): Parameter WIDTH_B set to 24
        Info (286033): Parameter WIDTHAD_B set to 8
        Info (286033): Parameter NUMWORDS_B set to 256
        Info (286033): Parameter ADDRESS_ACLR_A set to NONE
        Info (286033): Parameter OUTDATA_REG_B set to UNREGISTERED
        Info (286033): Parameter ADDRESS_ACLR_B set to NONE
        Info (286033): Parameter OUTDATA_ACLR_B set to NONE
        Info (286033): Parameter ADDRESS_REG_B set to CLOCK0
        Info (286033): Parameter INDATA_ACLR_A set to NONE
        Info (286033): Parameter WRCONTROL_ACLR_A set to NONE
        Info (286033): Parameter READ_DURING_WRITE_MODE_MIXED_PORTS set to OLD_DATA
    Info (276029): Inferred altsyncram megafunction from the following design logic: "ascal:ascal|altsyncram:o_linf3[0].r[7]__9" 
        Info (286033): Parameter OPERATION_MODE set to DUAL_PORT
        Info (286033): Parameter WIDTH_A set to 24
        Info (286033): Parameter WIDTHAD_A set to 8
        Info (286033): Parameter NUMWORDS_A set to 256
        Info (286033): Parameter WIDTH_B set to 24
        Info (286033): Parameter WIDTHAD_B set to 8
        Info (286033): Parameter NUMWORDS_B set to 256
        Info (286033): Parameter ADDRESS_ACLR_A set to NONE
        Info (286033): Parameter OUTDATA_REG_B set to UNREGISTERED
        Info (286033): Parameter ADDRESS_ACLR_B set to NONE
        Info (286033): Parameter OUTDATA_ACLR_B set to NONE
        Info (286033): Parameter ADDRESS_REG_B set to CLOCK0
        Info (286033): Parameter INDATA_ACLR_A set to NONE
        Info (286033): Parameter WRCONTROL_ACLR_A set to NONE
        Info (286033): Parameter READ_DURING_WRITE_MODE_MIXED_PORTS set to OLD_DATA
Info (12128): Elaborating entity "altsyncram" for hierarchy "ascal:ascal|altsyncram:i_mem[0].r[7]__1"
Info (12130): Elaborated megafunction instantiation "ascal:ascal|altsyncram:i_mem[0].r[7]__1"
Info (12133): Instantiated megafunction "ascal:ascal|altsyncram:i_mem[0].r[7]__1" with the following parameter:
    Info (12134): Parameter "OPERATION_MODE" = "DUAL_PORT"
    Info (12134): Parameter "WIDTH_A" = "24"
    Info (12134): Parameter "WIDTHAD_A" = "11"
    Info (12134): Parameter "NUMWORDS_A" = "2048"
    Info (12134): Parameter "WIDTH_B" = "24"
    Info (12134): Parameter "WIDTHAD_B" = "11"
    Info (12134): Parameter "NUMWORDS_B" = "2048"
    Info (12134): Parameter "ADDRESS_ACLR_A" = "NONE"
    Info (12134): Parameter "OUTDATA_REG_B" = "UNREGISTERED"
    Info (12134): Parameter "ADDRESS_ACLR_B" = "NONE"
    Info (12134): Parameter "OUTDATA_ACLR_B" = "NONE"
    Info (12134): Parameter "ADDRESS_REG_B" = "CLOCK0"
    Info (12134): Parameter "INDATA_ACLR_A" = "NONE"
    Info (12134): Parameter "WRCONTROL_ACLR_A" = "NONE"
    Info (12134): Parameter "READ_DURING_WRITE_MODE_MIXED_PORTS" = "OLD_DATA"
    Info (12134): Parameter "RDCONTROL_REG_B" = "CLOCK0"
Info (12021): Found 1 design units, including 1 entities, in source file db/altsyncram_89q1.tdf
    Info (12023): Found entity 1: altsyncram_89q1 File: /build/db/altsyncram_89q1.tdf Line: 28
Info (12128): Elaborating entity "altsyncram_89q1" for hierarchy "ascal:ascal|altsyncram:i_mem[0].r[7]__1|altsyncram_89q1:auto_generated" File: /opt/intelFPGA_lite/quartus/libraries/megafunctions/altsyncram.tdf Line: 792
Info (12128): Elaborating entity "altsyncram" for hierarchy "ascal:ascal|altsyncram:o_line0[0].r[7]__2"
Info (12130): Elaborated megafunction instantiation "ascal:ascal|altsyncram:o_line0[0].r[7]__2"
Info (12133): Instantiated megafunction "ascal:ascal|altsyncram:o_line0[0].r[7]__2" with the following parameter:
    Info (12134): Parameter "OPERATION_MODE" = "DUAL_PORT"
    Info (12134): Parameter "WIDTH_A" = "24"
    Info (12134): Parameter "WIDTHAD_A" = "11"
    Info (12134): Parameter "NUMWORDS_A" = "2048"
    Info (12134): Parameter "WIDTH_B" = "24"
    Info (12134): Parameter "WIDTHAD_B" = "11"
    Info (12134): Parameter "NUMWORDS_B" = "2048"
    Info (12134): Parameter "ADDRESS_ACLR_A" = "NONE"
    Info (12134): Parameter "OUTDATA_REG_B" = "UNREGISTERED"
    Info (12134): Parameter "ADDRESS_ACLR_B" = "NONE"
    Info (12134): Parameter "OUTDATA_ACLR_B" = "NONE"
    Info (12134): Parameter "ADDRESS_REG_B" = "CLOCK0"
    Info (12134): Parameter "INDATA_ACLR_A" = "NONE"
    Info (12134): Parameter "WRCONTROL_ACLR_A" = "NONE"
    Info (12134): Parameter "READ_DURING_WRITE_MODE_MIXED_PORTS" = "OLD_DATA"
Info (12021): Found 1 design units, including 1 entities, in source file db/altsyncram_ccn1.tdf
    Info (12023): Found entity 1: altsyncram_ccn1 File: /build/db/altsyncram_ccn1.tdf Line: 28
Info (12128): Elaborating entity "altsyncram_ccn1" for hierarchy "ascal:ascal|altsyncram:o_line0[0].r[7]__2|altsyncram_ccn1:auto_generated" File: /opt/intelFPGA_lite/quartus/libraries/megafunctions/altsyncram.tdf Line: 792
Info (12128): Elaborating entity "altsyncram" for hierarchy "ascal:ascal|altsyncram:o_linf0[0].r[7]__6"
Info (12130): Elaborated megafunction instantiation "ascal:ascal|altsyncram:o_linf0[0].r[7]__6"
Info (12133): Instantiated megafunction "ascal:ascal|altsyncram:o_linf0[0].r[7]__6" with the following parameter:
    Info (12134): Parameter "OPERATION_MODE" = "DUAL_PORT"
    Info (12134): Parameter "WIDTH_A" = "24"
    Info (12134): Parameter "WIDTHAD_A" = "8"
    Info (12134): Parameter "NUMWORDS_A" = "256"
    Info (12134): Parameter "WIDTH_B" = "24"
    Info (12134): Parameter "WIDTHAD_B" = "8"
    Info (12134): Parameter "NUMWORDS_B" = "256"
    Info (12134): Parameter "ADDRESS_ACLR_A" = "NONE"
    Info (12134): Parameter "OUTDATA_REG_B" = "UNREGISTERED"
    Info (12134): Parameter "ADDRESS_ACLR_B" = "NONE"
    Info (12134): Parameter "OUTDATA_ACLR_B" = "NONE"
    Info (12134): Parameter "ADDRESS_REG_B" = "CLOCK0"
    Info (12134): Parameter "INDATA_ACLR_A" = "NONE"
    Info (12134): Parameter "WRCONTROL_ACLR_A" = "NONE"
    Info (12134): Parameter "READ_DURING_WRITE_MODE_MIXED_PORTS" = "OLD_DATA"
Info (12021): Found 1 design units, including 1 entities, in source file db/altsyncram_m6n1.tdf
    Info (12023): Found entity 1: altsyncram_m6n1 File: /build/db/altsyncram_m6n1.tdf Line: 28
Info (12128): Elaborating entity "altsyncram_m6n1" for hierarchy "ascal:ascal|altsyncram:o_linf0[0].r[7]__6|altsyncram_m6n1:auto_generated" File: /opt/intelFPGA_lite/quartus/libraries/megafunctions/altsyncram.tdf Line: 792
Info (12128): Elaborating entity "sys_umuldiv" for hierarchy "sys_umuldiv:ar_muldiv" File: /build/sys/sys_top.v Line: 890
Info (12128): Elaborating entity "sys_umul" for hierarchy "sys_umuldiv:ar_muldiv|sys_umul:umul" File: /build/sys/math.sv Line: 105
Info (12128): Elaborating entity "sys_udiv" for hierarchy "sys_umuldiv:ar_muldiv|sys_udiv:udiv" File: /build/sys/math.sv Line: 107
Info (12128): Elaborating entity "pll_hdmi_adj" for hierarchy "pll_hdmi_adj:pll_hdmi_adj" File: /build/sys/sys_top.v Line: 1015
Info (12128): Elaborating entity "pll_hdmi" for hierarchy "pll_hdmi:pll_hdmi" File: /build/sys/sys_top.v Line: 1049
Info (12128): Elaborating entity "pll_hdmi_0002" for hierarchy "pll_hdmi:pll_hdmi|pll_hdmi_0002:pll_hdmi_inst" File: /build/sys/pll_hdmi.v Line: 23
Info (12128): Elaborating entity "altera_pll" for hierarchy "pll_hdmi:pll_hdmi|pll_hdmi_0002:pll_hdmi_inst|altera_pll:altera_pll_i" File: /build/sys/pll_hdmi/pll_hdmi_0002.v Line: 239
Info (10008): Verilog HDL or VHDL information: EDA Netlist Writer cannot regroup multidimensional array "wire_to_nowhere_64" into its bus
Info (12130): Elaborated megafunction instantiation "pll_hdmi:pll_hdmi|pll_hdmi_0002:pll_hdmi_inst|altera_pll:altera_pll_i" File: /build/sys/pll_hdmi/pll_hdmi_0002.v Line: 239
Info (12133): Instantiated megafunction "pll_hdmi:pll_hdmi|pll_hdmi_0002:pll_hdmi_inst|altera_pll:altera_pll_i" with the following parameter: File: /build/sys/pll_hdmi/pll_hdmi_0002.v Line: 239
    Info (12134): Parameter "fractional_vco_multiplier" = "true"
    Info (12134): Parameter "reference_clock_frequency" = "50.0 MHz"
    Info (12134): Parameter "pll_fractional_cout" = "32"
    Info (12134): Parameter "pll_dsm_out_sel" = "1st_order"
    Info (12134): Parameter "operation_mode" = "direct"
    Info (12134): Parameter "number_of_clocks" = "1"
    Info (12134): Parameter "output_clock_frequency0" = "148.500000 MHz"
    Info (12134): Parameter "phase_shift0" = "0 ps"
    Info (12134): Parameter "duty_cycle0" = "50"
    Info (12134): Parameter "output_clock_frequency1" = "0 MHz"
    Info (12134): Parameter "phase_shift1" = "0 ps"
    Info (12134): Parameter "duty_cycle1" = "50"
    Info (12134): Parameter "output_clock_frequency2" = "0 MHz"
    Info (12134): Parameter "phase_shift2" = "0 ps"
    Info (12134): Parameter "duty_cycle2" = "50"
    Info (12134): Parameter "output_clock_frequency3" = "0 MHz"
    Info (12134): Parameter "phase_shift3" = "0 ps"
    Info (12134): Parameter "duty_cycle3" = "50"
    Info (12134): Parameter "output_clock_frequency4" = "0 MHz"
    Info (12134): Parameter "phase_shift4" = "0 ps"
    Info (12134): Parameter "duty_cycle4" = "50"
    Info (12134): Parameter "output_clock_frequency5" = "0 MHz"
    Info (12134): Parameter "phase_shift5" = "0 ps"
    Info (12134): Parameter "duty_cycle5" = "50"
    Info (12134): Parameter "output_clock_frequency6" = "0 MHz"
    Info (12134): Parameter "phase_shift6" = "0 ps"
    Info (12134): Parameter "duty_cycle6" = "50"
    Info (12134): Parameter "output_clock_frequency7" = "0 MHz"
    Info (12134): Parameter "phase_shift7" = "0 ps"
    Info (12134): Parameter "duty_cycle7" = "50"
    Info (12134): Parameter "output_clock_frequency8" = "0 MHz"
    Info (12134): Parameter "phase_shift8" = "0 ps"
    Info (12134): Parameter "duty_cycle8" = "50"
    Info (12134): Parameter "output_clock_frequency9" = "0 MHz"
    Info (12134): Parameter "phase_shift9" = "0 ps"
    Info (12134): Parameter "duty_cycle9" = "50"
    Info (12134): Parameter "output_clock_frequency10" = "0 MHz"
    Info (12134): Parameter "phase_shift10" = "0 ps"
    Info (12134): Parameter "duty_cycle10" = "50"
    Info (12134): Parameter "output_clock_frequency11" = "0 MHz"
    Info (12134): Parameter "phase_shift11" = "0 ps"
    Info (12134): Parameter "duty_cycle11" = "50"
    Info (12134): Parameter "output_clock_frequency12" = "0 MHz"
    Info (12134): Parameter "phase_shift12" = "0 ps"
    Info (12134): Parameter "duty_cycle12" = "50"
    Info (12134): Parameter "output_clock_frequency13" = "0 MHz"
    Info (12134): Parameter "phase_shift13" = "0 ps"
    Info (12134): Parameter "duty_cycle13" = "50"
    Info (12134): Parameter "output_clock_frequency14" = "0 MHz"
    Info (12134): Parameter "phase_shift14" = "0 ps"
    Info (12134): Parameter "duty_cycle14" = "50"
    Info (12134): Parameter "output_clock_frequency15" = "0 MHz"
    Info (12134): Parameter "phase_shift15" = "0 ps"
    Info (12134): Parameter "duty_cycle15" = "50"
    Info (12134): Parameter "output_clock_frequency16" = "0 MHz"
    Info (12134): Parameter "phase_shift16" = "0 ps"
    Info (12134): Parameter "duty_cycle16" = "50"
    Info (12134): Parameter "output_clock_frequency17" = "0 MHz"
    Info (12134): Parameter "phase_shift17" = "0 ps"
    Info (12134): Parameter "duty_cycle17" = "50"
    Info (12134): Parameter "pll_type" = "Cyclone V"
    Info (12134): Parameter "pll_subtype" = "Reconfigurable"
    Info (12134): Parameter "m_cnt_hi_div" = "4"
    Info (12134): Parameter "m_cnt_lo_div" = "4"
    Info (12134): Parameter "n_cnt_hi_div" = "256"
    Info (12134): Parameter "n_cnt_lo_div" = "256"
    Info (12134): Parameter "m_cnt_bypass_en" = "false"
    Info (12134): Parameter "n_cnt_bypass_en" = "true"
    Info (12134): Parameter "m_cnt_odd_div_duty_en" = "false"
    Info (12134): Parameter "n_cnt_odd_div_duty_en" = "false"
    Info (12134): Parameter "c_cnt_hi_div0" = "2"
    Info (12134): Parameter "c_cnt_lo_div0" = "1"
    Info (12134): Parameter "c_cnt_prst0" = "1"
    Info (12134): Parameter "c_cnt_ph_mux_prst0" = "0"
    Info (12134): Parameter "c_cnt_in_src0" = "ph_mux_clk"
    Info (12134): Parameter "c_cnt_bypass_en0" = "false"
    Info (12134): Parameter "c_cnt_odd_div_duty_en0" = "true"
    Info (12134): Parameter "c_cnt_hi_div1" = "1"
    Info (12134): Parameter "c_cnt_lo_div1" = "1"
    Info (12134): Parameter "c_cnt_prst1" = "1"
    Info (12134): Parameter "c_cnt_ph_mux_prst1" = "0"
    Info (12134): Parameter "c_cnt_in_src1" = "ph_mux_clk"
    Info (12134): Parameter "c_cnt_bypass_en1" = "true"
    Info (12134): Parameter "c_cnt_odd_div_duty_en1" = "false"
    Info (12134): Parameter "c_cnt_hi_div2" = "1"
    Info (12134): Parameter "c_cnt_lo_div2" = "1"
    Info (12134): Parameter "c_cnt_prst2" = "1"
    Info (12134): Parameter "c_cnt_ph_mux_prst2" = "0"
    Info (12134): Parameter "c_cnt_in_src2" = "ph_mux_clk"
    Info (12134): Parameter "c_cnt_bypass_en2" = "true"
    Info (12134): Parameter "c_cnt_odd_div_duty_en2" = "false"
    Info (12134): Parameter "c_cnt_hi_div3" = "1"
    Info (12134): Parameter "c_cnt_lo_div3" = "1"
    Info (12134): Parameter "c_cnt_prst3" = "1"
    Info (12134): Parameter "c_cnt_ph_mux_prst3" = "0"
    Info (12134): Parameter "c_cnt_in_src3" = "ph_mux_clk"
    Info (12134): Parameter "c_cnt_bypass_en3" = "true"
    Info (12134): Parameter "c_cnt_odd_div_duty_en3" = "false"
    Info (12134): Parameter "c_cnt_hi_div4" = "1"
    Info (12134): Parameter "c_cnt_lo_div4" = "1"
    Info (12134): Parameter "c_cnt_prst4" = "1"
    Info (12134): Parameter "c_cnt_ph_mux_prst4" = "0"
    Info (12134): Parameter "c_cnt_in_src4" = "ph_mux_clk"
    Info (12134): Parameter "c_cnt_bypass_en4" = "true"
    Info (12134): Parameter "c_cnt_odd_div_duty_en4" = "false"
    Info (12134): Parameter "c_cnt_hi_div5" = "1"
    Info (12134): Parameter "c_cnt_lo_div5" = "1"
    Info (12134): Parameter "c_cnt_prst5" = "1"
    Info (12134): Parameter "c_cnt_ph_mux_prst5" = "0"
    Info (12134): Parameter "c_cnt_in_src5" = "ph_mux_clk"
    Info (12134): Parameter "c_cnt_bypass_en5" = "true"
    Info (12134): Parameter "c_cnt_odd_div_duty_en5" = "false"
    Info (12134): Parameter "c_cnt_hi_div6" = "1"
    Info (12134): Parameter "c_cnt_lo_div6" = "1"
    Info (12134): Parameter "c_cnt_prst6" = "1"
    Info (12134): Parameter "c_cnt_ph_mux_prst6" = "0"
    Info (12134): Parameter "c_cnt_in_src6" = "ph_mux_clk"
    Info (12134): Parameter "c_cnt_bypass_en6" = "true"
    Info (12134): Parameter "c_cnt_odd_div_duty_en6" = "false"
    Info (12134): Parameter "c_cnt_hi_div7" = "1"
    Info (12134): Parameter "c_cnt_lo_div7" = "1"
    Info (12134): Parameter "c_cnt_prst7" = "1"
    Info (12134): Parameter "c_cnt_ph_mux_prst7" = "0"
    Info (12134): Parameter "c_cnt_in_src7" = "ph_mux_clk"
    Info (12134): Parameter "c_cnt_bypass_en7" = "true"
    Info (12134): Parameter "c_cnt_odd_div_duty_en7" = "false"
    Info (12134): Parameter "c_cnt_hi_div8" = "1"
    Info (12134): Parameter "c_cnt_lo_div8" = "1"
    Info (12134): Parameter "c_cnt_prst8" = "1"
    Info (12134): Parameter "c_cnt_ph_mux_prst8" = "0"
    Info (12134): Parameter "c_cnt_in_src8" = "ph_mux_clk"
    Info (12134): Parameter "c_cnt_bypass_en8" = "true"
    Info (12134): Parameter "c_cnt_odd_div_duty_en8" = "false"
    Info (12134): Parameter "c_cnt_hi_div9" = "1"
    Info (12134): Parameter "c_cnt_lo_div9" = "1"
    Info (12134): Parameter "c_cnt_prst9" = "1"
    Info (12134): Parameter "c_cnt_ph_mux_prst9" = "0"
    Info (12134): Parameter "c_cnt_in_src9" = "ph_mux_clk"
    Info (12134): Parameter "c_cnt_bypass_en9" = "true"
    Info (12134): Parameter "c_cnt_odd_div_duty_en9" = "false"
    Info (12134): Parameter "c_cnt_hi_div10" = "1"
    Info (12134): Parameter "c_cnt_lo_div10" = "1"
    Info (12134): Parameter "c_cnt_prst10" = "1"
    Info (12134): Parameter "c_cnt_ph_mux_prst10" = "0"
    Info (12134): Parameter "c_cnt_in_src10" = "ph_mux_clk"
    Info (12134): Parameter "c_cnt_bypass_en10" = "true"
    Info (12134): Parameter "c_cnt_odd_div_duty_en10" = "false"
    Info (12134): Parameter "c_cnt_hi_div11" = "1"
    Info (12134): Parameter "c_cnt_lo_div11" = "1"
    Info (12134): Parameter "c_cnt_prst11" = "1"
    Info (12134): Parameter "c_cnt_ph_mux_prst11" = "0"
    Info (12134): Parameter "c_cnt_in_src11" = "ph_mux_clk"
    Info (12134): Parameter "c_cnt_bypass_en11" = "true"
    Info (12134): Parameter "c_cnt_odd_div_duty_en11" = "false"
    Info (12134): Parameter "c_cnt_hi_div12" = "1"
    Info (12134): Parameter "c_cnt_lo_div12" = "1"
    Info (12134): Parameter "c_cnt_prst12" = "1"
    Info (12134): Parameter "c_cnt_ph_mux_prst12" = "0"
    Info (12134): Parameter "c_cnt_in_src12" = "ph_mux_clk"
    Info (12134): Parameter "c_cnt_bypass_en12" = "true"
    Info (12134): Parameter "c_cnt_odd_div_duty_en12" = "false"
    Info (12134): Parameter "c_cnt_hi_div13" = "1"
    Info (12134): Parameter "c_cnt_lo_div13" = "1"
    Info (12134): Parameter "c_cnt_prst13" = "1"
    Info (12134): Parameter "c_cnt_ph_mux_prst13" = "0"
    Info (12134): Parameter "c_cnt_in_src13" = "ph_mux_clk"
    Info (12134): Parameter "c_cnt_bypass_en13" = "true"
    Info (12134): Parameter "c_cnt_odd_div_duty_en13" = "false"
    Info (12134): Parameter "c_cnt_hi_div14" = "1"
    Info (12134): Parameter "c_cnt_lo_div14" = "1"
    Info (12134): Parameter "c_cnt_prst14" = "1"
    Info (12134): Parameter "c_cnt_ph_mux_prst14" = "0"
    Info (12134): Parameter "c_cnt_in_src14" = "ph_mux_clk"
    Info (12134): Parameter "c_cnt_bypass_en14" = "true"
    Info (12134): Parameter "c_cnt_odd_div_duty_en14" = "false"
    Info (12134): Parameter "c_cnt_hi_div15" = "1"
    Info (12134): Parameter "c_cnt_lo_div15" = "1"
    Info (12134): Parameter "c_cnt_prst15" = "1"
    Info (12134): Parameter "c_cnt_ph_mux_prst15" = "0"
    Info (12134): Parameter "c_cnt_in_src15" = "ph_mux_clk"
    Info (12134): Parameter "c_cnt_bypass_en15" = "true"
    Info (12134): Parameter "c_cnt_odd_div_duty_en15" = "false"
    Info (12134): Parameter "c_cnt_hi_div16" = "1"
    Info (12134): Parameter "c_cnt_lo_div16" = "1"
    Info (12134): Parameter "c_cnt_prst16" = "1"
    Info (12134): Parameter "c_cnt_ph_mux_prst16" = "0"
    Info (12134): Parameter "c_cnt_in_src16" = "ph_mux_clk"
    Info (12134): Parameter "c_cnt_bypass_en16" = "true"
    Info (12134): Parameter "c_cnt_odd_div_duty_en16" = "false"
    Info (12134): Parameter "c_cnt_hi_div17" = "1"
    Info (12134): Parameter "c_cnt_lo_div17" = "1"
    Info (12134): Parameter "c_cnt_prst17" = "1"
    Info (12134): Parameter "c_cnt_ph_mux_prst17" = "0"
    Info (12134): Parameter "c_cnt_in_src17" = "ph_mux_clk"
    Info (12134): Parameter "c_cnt_bypass_en17" = "true"
    Info (12134): Parameter "c_cnt_odd_div_duty_en17" = "false"
    Info (12134): Parameter "pll_vco_div" = "2"
    Info (12134): Parameter "pll_cp_current" = "20"
    Info (12134): Parameter "pll_bwctrl" = "4000"
    Info (12134): Parameter "pll_output_clk_frequency" = "445.499999 MHz"
    Info (12134): Parameter "pll_fractional_division" = "3908420153"
    Info (12134): Parameter "mimic_fbclk_type" = "none"
    Info (12134): Parameter "pll_fbclk_mux_1" = "glb"
    Info (12134): Parameter "pll_fbclk_mux_2" = "m_cnt"
    Info (12134): Parameter "pll_m_cnt_in_src" = "ph_mux_clk"
    Info (12134): Parameter "pll_slf_rst" = "true"
Info (12128): Elaborating entity "dps_extra_kick" for hierarchy "pll_hdmi:pll_hdmi|pll_hdmi_0002:pll_hdmi_inst|altera_pll:altera_pll_i|dps_extra_kick:dps_extra_inst" File: /opt/intelFPGA_lite/quartus/libraries/megafunctions/altera_pll.v Line: 769
Info (12131): Elaborated megafunction instantiation "pll_hdmi:pll_hdmi|pll_hdmi_0002:pll_hdmi_inst|altera_pll:altera_pll_i|dps_extra_kick:dps_extra_inst", which is child of megafunction instantiation "pll_hdmi:pll_hdmi|pll_hdmi_0002:pll_hdmi_inst|altera_pll:altera_pll_i" File: /opt/intelFPGA_lite/quartus/libraries/megafunctions/altera_pll.v Line: 769
Info (12128): Elaborating entity "dprio_init" for hierarchy "pll_hdmi:pll_hdmi|pll_hdmi_0002:pll_hdmi_inst|altera_pll:altera_pll_i|dprio_init:dprio_init_inst" File: /opt/intelFPGA_lite/quartus/libraries/megafunctions/altera_pll.v Line: 784
Info (12131): Elaborated megafunction instantiation "pll_hdmi:pll_hdmi|pll_hdmi_0002:pll_hdmi_inst|altera_pll:altera_pll_i|dprio_init:dprio_init_inst", which is child of megafunction instantiation "pll_hdmi:pll_hdmi|pll_hdmi_0002:pll_hdmi_inst|altera_pll:altera_pll_i" File: /opt/intelFPGA_lite/quartus/libraries/megafunctions/altera_pll.v Line: 784
Info (12128): Elaborating entity "altera_pll_dps_lcell_comb" for hierarchy "pll_hdmi:pll_hdmi|pll_hdmi_0002:pll_hdmi_inst|altera_pll:altera_pll_i|altera_pll_dps_lcell_comb:lcell_cntsel_int_0" File: /opt/intelFPGA_lite/quartus/libraries/megafunctions/altera_pll.v Line: 1961
Info (12131): Elaborated megafunction instantiation "pll_hdmi:pll_hdmi|pll_hdmi_0002:pll_hdmi_inst|altera_pll:altera_pll_i|altera_pll_dps_lcell_comb:lcell_cntsel_int_0", which is child of megafunction instantiation "pll_hdmi:pll_hdmi|pll_hdmi_0002:pll_hdmi_inst|altera_pll:altera_pll_i" File: /opt/intelFPGA_lite/quartus/libraries/megafunctions/altera_pll.v Line: 1961
Info (12128): Elaborating entity "altera_pll_dps_lcell_comb" for hierarchy "pll_hdmi:pll_hdmi|pll_hdmi_0002:pll_hdmi_inst|altera_pll:altera_pll_i|altera_pll_dps_lcell_comb:lcell_cntsel_int_1" File: /opt/intelFPGA_lite/quartus/libraries/megafunctions/altera_pll.v Line: 1972
Info (12131): Elaborated megafunction instantiation "pll_hdmi:pll_hdmi|pll_hdmi_0002:pll_hdmi_inst|altera_pll:altera_pll_i|altera_pll_dps_lcell_comb:lcell_cntsel_int_1", which is child of megafunction instantiation "pll_hdmi:pll_hdmi|pll_hdmi_0002:pll_hdmi_inst|altera_pll:altera_pll_i" File: /opt/intelFPGA_lite/quartus/libraries/megafunctions/altera_pll.v Line: 1972
Info (12128): Elaborating entity "altera_pll_dps_lcell_comb" for hierarchy "pll_hdmi:pll_hdmi|pll_hdmi_0002:pll_hdmi_inst|altera_pll:altera_pll_i|altera_pll_dps_lcell_comb:lcell_cntsel_int_2" File: /opt/intelFPGA_lite/quartus/libraries/megafunctions/altera_pll.v Line: 1983
Info (12131): Elaborated megafunction instantiation "pll_hdmi:pll_hdmi|pll_hdmi_0002:pll_hdmi_inst|altera_pll:altera_pll_i|altera_pll_dps_lcell_comb:lcell_cntsel_int_2", which is child of megafunction instantiation "pll_hdmi:pll_hdmi|pll_hdmi_0002:pll_hdmi_inst|altera_pll:altera_pll_i" File: /opt/intelFPGA_lite/quartus/libraries/megafunctions/altera_pll.v Line: 1983
Info (12128): Elaborating entity "altera_pll_dps_lcell_comb" for hierarchy "pll_hdmi:pll_hdmi|pll_hdmi_0002:pll_hdmi_inst|altera_pll:altera_pll_i|altera_pll_dps_lcell_comb:lcell_cntsel_int_3" File: /opt/intelFPGA_lite/quartus/libraries/megafunctions/altera_pll.v Line: 1994
Info (12131): Elaborated megafunction instantiation "pll_hdmi:pll_hdmi|pll_hdmi_0002:pll_hdmi_inst|altera_pll:altera_pll_i|altera_pll_dps_lcell_comb:lcell_cntsel_int_3", which is child of megafunction instantiation "pll_hdmi:pll_hdmi|pll_hdmi_0002:pll_hdmi_inst|altera_pll:altera_pll_i" File: /opt/intelFPGA_lite/quartus/libraries/megafunctions/altera_pll.v Line: 1994
Info (12128): Elaborating entity "altera_pll_dps_lcell_comb" for hierarchy "pll_hdmi:pll_hdmi|pll_hdmi_0002:pll_hdmi_inst|altera_pll:altera_pll_i|altera_pll_dps_lcell_comb:lcell_cntsel_int_4" File: /opt/intelFPGA_lite/quartus/libraries/megafunctions/altera_pll.v Line: 2005
Info (12131): Elaborated megafunction instantiation "pll_hdmi:pll_hdmi|pll_hdmi_0002:pll_hdmi_inst|altera_pll:altera_pll_i|altera_pll_dps_lcell_comb:lcell_cntsel_int_4", which is child of megafunction instantiation "pll_hdmi:pll_hdmi|pll_hdmi_0002:pll_hdmi_inst|altera_pll:altera_pll_i" File: /opt/intelFPGA_lite/quartus/libraries/megafunctions/altera_pll.v Line: 2005
Info (12128): Elaborating entity "pll_cfg_hdmi" for hierarchy "pll_cfg_hdmi:pll_cfg_hdmi" File: /build/sys/sys_top.v Line: 1084
Info (12128): Elaborating entity "altera_std_synchronizer" for hierarchy "pll_cfg_hdmi:pll_cfg_hdmi|altera_std_synchronizer:altera_std_synchronizer_inst" File: /build/sys/pll_cfg/pll_cfg_hdmi.v Line: 271
Info (12130): Elaborated megafunction instantiation "pll_cfg_hdmi:pll_cfg_hdmi|altera_std_synchronizer:altera_std_synchronizer_inst" File: /build/sys/pll_cfg/pll_cfg_hdmi.v Line: 271
Info (12133): Instantiated megafunction "pll_cfg_hdmi:pll_cfg_hdmi|altera_std_synchronizer:altera_std_synchronizer_inst" with the following parameter: File: /build/sys/pll_cfg/pll_cfg_hdmi.v Line: 271
    Info (12134): Parameter "depth" = "3"
Info (12128): Elaborating entity "dyn_phase_shift" for hierarchy "pll_cfg_hdmi:pll_cfg_hdmi|dyn_phase_shift:dyn_phase_shift_inst" File: /build/sys/pll_cfg/pll_cfg_hdmi.v Line: 1169
Info (12128): Elaborating entity "generic_lcell_comb" for hierarchy "pll_cfg_hdmi:pll_cfg_hdmi|dyn_phase_shift:dyn_phase_shift_inst|generic_lcell_comb:lcell_cnt_sel_0" File: /build/sys/pll_cfg/altera_pll_reconfig_core.v Line: 2060
Info (12128): Elaborating entity "generic_lcell_comb" for hierarchy "pll_cfg_hdmi:pll_cfg_hdmi|dyn_phase_shift:dyn_phase_shift_inst|generic_lcell_comb:lcell_cnt_sel_1" File: /build/sys/pll_cfg/altera_pll_reconfig_core.v Line: 2071
Info (12128): Elaborating entity "generic_lcell_comb" for hierarchy "pll_cfg_hdmi:pll_cfg_hdmi|dyn_phase_shift:dyn_phase_shift_inst|generic_lcell_comb:lcell_cnt_sel_2" File: /build/sys/pll_cfg/altera_pll_reconfig_core.v Line: 2082
Info (12128): Elaborating entity "generic_lcell_comb" for hierarchy "pll_cfg_hdmi:pll_cfg_hdmi|dyn_phase_shift:dyn_phase_shift_inst|generic_lcell_comb:lcell_cnt_sel_3" File: /build/sys/pll_cfg/altera_pll_reconfig_core.v Line: 2093
Info (12128): Elaborating entity "generic_lcell_comb" for hierarchy "pll_cfg_hdmi:pll_cfg_hdmi|dyn_phase_shift:dyn_phase_shift_inst|generic_lcell_comb:lcell_cnt_sel_4" File: /build/sys/pll_cfg/altera_pll_reconfig_core.v Line: 2104
Info (12128): Elaborating entity "self_reset" for hierarchy "pll_cfg_hdmi:pll_cfg_hdmi|self_reset:self_reset_inst" File: /build/sys/pll_cfg/pll_cfg_hdmi.v Line: 1173
Info (12128): Elaborating entity "dprio_mux" for hierarchy "pll_cfg_hdmi:pll_cfg_hdmi|dprio_mux:dprio_mux_inst" File: /build/sys/pll_cfg/pll_cfg_hdmi.v Line: 1211
Info (12128): Elaborating entity "fpll_dprio_init" for hierarchy "pll_cfg_hdmi:pll_cfg_hdmi|fpll_dprio_init:fpll_dprio_init_inst" File: /build/sys/pll_cfg/pll_cfg_hdmi.v Line: 1230
Info (12128): Elaborating entity "shadowmask" for hierarchy "shadowmask:HDMI_shadowmask" File: /build/sys/sys_top.v Line: 1178
Info (12128): Elaborating entity "osd" for hierarchy "osd:hdmi_osd" File: /build/sys/sys_top.v Line: 1201
Info (12128): Elaborating entity "csync" for hierarchy "csync:csync_hdmi" File: /build/sys/sys_top.v Line: 1204
Info (12128): Elaborating entity "altddio_out" for hierarchy "altddio_out:hdmiclk_ddr" File: /build/sys/sys_top.v Line: 1297
Info (12130): Elaborated megafunction instantiation "altddio_out:hdmiclk_ddr" File: /build/sys/sys_top.v Line: 1297
Info (12133): Instantiated megafunction "altddio_out:hdmiclk_ddr" with the following parameter: File: /build/sys/sys_top.v Line: 1297
    Info (12134): Parameter "extend_oe_disable" = "OFF"
    Info (12134): Parameter "intended_device_family" = "Cyclone V"
    Info (12134): Parameter "invert_output" = "OFF"
    Info (12134): Parameter "lpm_hint" = "UNUSED"
    Info (12134): Parameter "lpm_type" = "altddio_out"
    Info (12134): Parameter "oe_reg" = "UNREGISTERED"
    Info (12134): Parameter "power_up_high" = "OFF"
    Info (12134): Parameter "width" = "1"
Info (12021): Found 1 design units, including 1 entities, in source file db/ddio_out_b2j.tdf
    Info (12023): Found entity 1: ddio_out_b2j File: /build/db/ddio_out_b2j.tdf Line: 28
Info (12128): Elaborating entity "ddio_out_b2j" for hierarchy "altddio_out:hdmiclk_ddr|ddio_out_b2j:auto_generated" File: /opt/intelFPGA_lite/quartus/libraries/megafunctions/altddio_out.tdf Line: 101
Info (12128): Elaborating entity "altddio_out" for hierarchy "altddio_out:vgaclk_ddr" File: /build/sys/sys_top.v Line: 1378
Info (12130): Elaborated megafunction instantiation "altddio_out:vgaclk_ddr" File: /build/sys/sys_top.v Line: 1378
Info (12133): Instantiated megafunction "altddio_out:vgaclk_ddr" with the following parameter: File: /build/sys/sys_top.v Line: 1378
    Info (12134): Parameter "extend_oe_disable" = "OFF"
    Info (12134): Parameter "intended_device_family" = "Cyclone V"
    Info (12134): Parameter "invert_output" = "OFF"
    Info (12134): Parameter "lpm_hint" = "UNUSED"
    Info (12134): Parameter "lpm_type" = "altddio_out"
    Info (12134): Parameter "oe_reg" = "UNREGISTERED"
    Info (12134): Parameter "power_up_high" = "OFF"
    Info (12134): Parameter "width" = "1"
Info (12021): Found 1 design units, including 1 entities, in source file db/ddio_out_1oj.tdf
    Info (12023): Found entity 1: ddio_out_1oj File: /build/db/ddio_out_1oj.tdf Line: 30
Info (12128): Elaborating entity "ddio_out_1oj" for hierarchy "altddio_out:vgaclk_ddr|ddio_out_1oj:auto_generated" File: /opt/intelFPGA_lite/quartus/libraries/megafunctions/altddio_out.tdf Line: 101
Info (12128): Elaborating entity "scanlines" for hierarchy "scanlines:VGA_scanlines" File: /build/sys/sys_top.v Line: 1399
Info (12128): Elaborating entity "yc_out" for hierarchy "yc_out:yc_out" File: /build/sys/sys_top.v Line: 1452
Info (12128): Elaborating entity "vga_out" for hierarchy "vga_out:vga_scaler_out" File: /build/sys/sys_top.v Line: 1487
Info (12128): Elaborating entity "pll_audio" for hierarchy "pll_audio:pll_audio" File: /build/sys/sys_top.v Line: 1577
Info (12128): Elaborating entity "pll_audio_0002" for hierarchy "pll_audio:pll_audio|pll_audio_0002:pll_audio_inst" File: /build/sys/pll_audio.v Line: 19
Info (12128): Elaborating entity "altera_pll" for hierarchy "pll_audio:pll_audio|pll_audio_0002:pll_audio_inst|altera_pll:altera_pll_i" File: /build/sys/pll_audio/pll_audio_0002.v Line: 85
Info (10008): Verilog HDL or VHDL information: EDA Netlist Writer cannot regroup multidimensional array "wire_to_nowhere_64" into its bus
Info (12130): Elaborated megafunction instantiation "pll_audio:pll_audio|pll_audio_0002:pll_audio_inst|altera_pll:altera_pll_i" File: /build/sys/pll_audio/pll_audio_0002.v Line: 85
Info (12133): Instantiated megafunction "pll_audio:pll_audio|pll_audio_0002:pll_audio_inst|altera_pll:altera_pll_i" with the following parameter: File: /build/sys/pll_audio/pll_audio_0002.v Line: 85
    Info (12134): Parameter "fractional_vco_multiplier" = "true"
    Info (12134): Parameter "reference_clock_frequency" = "50.0 MHz"
    Info (12134): Parameter "operation_mode" = "direct"
    Info (12134): Parameter "number_of_clocks" = "1"
    Info (12134): Parameter "output_clock_frequency0" = "24.576000 MHz"
    Info (12134): Parameter "phase_shift0" = "0 ps"
    Info (12134): Parameter "duty_cycle0" = "50"
    Info (12134): Parameter "output_clock_frequency1" = "0 MHz"
    Info (12134): Parameter "phase_shift1" = "0 ps"
    Info (12134): Parameter "duty_cycle1" = "50"
    Info (12134): Parameter "output_clock_frequency2" = "0 MHz"
    Info (12134): Parameter "phase_shift2" = "0 ps"
    Info (12134): Parameter "duty_cycle2" = "50"
    Info (12134): Parameter "output_clock_frequency3" = "0 MHz"
    Info (12134): Parameter "phase_shift3" = "0 ps"
    Info (12134): Parameter "duty_cycle3" = "50"
    Info (12134): Parameter "output_clock_frequency4" = "0 MHz"
    Info (12134): Parameter "phase_shift4" = "0 ps"
    Info (12134): Parameter "duty_cycle4" = "50"
    Info (12134): Parameter "output_clock_frequency5" = "0 MHz"
    Info (12134): Parameter "phase_shift5" = "0 ps"
    Info (12134): Parameter "duty_cycle5" = "50"
    Info (12134): Parameter "output_clock_frequency6" = "0 MHz"
    Info (12134): Parameter "phase_shift6" = "0 ps"
    Info (12134): Parameter "duty_cycle6" = "50"
    Info (12134): Parameter "output_clock_frequency7" = "0 MHz"
    Info (12134): Parameter "phase_shift7" = "0 ps"
    Info (12134): Parameter "duty_cycle7" = "50"
    Info (12134): Parameter "output_clock_frequency8" = "0 MHz"
    Info (12134): Parameter "phase_shift8" = "0 ps"
    Info (12134): Parameter "duty_cycle8" = "50"
    Info (12134): Parameter "output_clock_frequency9" = "0 MHz"
    Info (12134): Parameter "phase_shift9" = "0 ps"
    Info (12134): Parameter "duty_cycle9" = "50"
    Info (12134): Parameter "output_clock_frequency10" = "0 MHz"
    Info (12134): Parameter "phase_shift10" = "0 ps"
    Info (12134): Parameter "duty_cycle10" = "50"
    Info (12134): Parameter "output_clock_frequency11" = "0 MHz"
    Info (12134): Parameter "phase_shift11" = "0 ps"
    Info (12134): Parameter "duty_cycle11" = "50"
    Info (12134): Parameter "output_clock_frequency12" = "0 MHz"
    Info (12134): Parameter "phase_shift12" = "0 ps"
    Info (12134): Parameter "duty_cycle12" = "50"
    Info (12134): Parameter "output_clock_frequency13" = "0 MHz"
    Info (12134): Parameter "phase_shift13" = "0 ps"
    Info (12134): Parameter "duty_cycle13" = "50"
    Info (12134): Parameter "output_clock_frequency14" = "0 MHz"
    Info (12134): Parameter "phase_shift14" = "0 ps"
    Info (12134): Parameter "duty_cycle14" = "50"
    Info (12134): Parameter "output_clock_frequency15" = "0 MHz"
    Info (12134): Parameter "phase_shift15" = "0 ps"
    Info (12134): Parameter "duty_cycle15" = "50"
    Info (12134): Parameter "output_clock_frequency16" = "0 MHz"
    Info (12134): Parameter "phase_shift16" = "0 ps"
    Info (12134): Parameter "duty_cycle16" = "50"
    Info (12134): Parameter "output_clock_frequency17" = "0 MHz"
    Info (12134): Parameter "phase_shift17" = "0 ps"
    Info (12134): Parameter "duty_cycle17" = "50"
    Info (12134): Parameter "pll_type" = "General"
    Info (12134): Parameter "pll_subtype" = "General"
Info (12128): Elaborating entity "audio_out" for hierarchy "audio_out:audio_out" File: /build/sys/sys_top.v Line: 1616
Info (12128): Elaborating entity "i2s" for hierarchy "audio_out:audio_out|i2s:i2s" File: /build/sys/audio_out.sv Line: 109
Info (12128): Elaborating entity "spdif" for hierarchy "audio_out:audio_out|spdif:toslink" File: /build/sys/audio_out.sv Line: 120
Info (12128): Elaborating entity "sigma_delta_dac" for hierarchy "audio_out:audio_out|sigma_delta_dac:sd_l" File: /build/sys/audio_out.sv Line: 128
Info (12128): Elaborating entity "IIR_filter" for hierarchy "audio_out:audio_out|IIR_filter:IIR_filter" File: /build/sys/audio_out.sv Line: 221
Info (12128): Elaborating entity "iir_filter_tap" for hierarchy "audio_out:audio_out|IIR_filter:IIR_filter|iir_filter_tap:iir_tap_0" File: /build/sys/iir_filter.v Line: 82
Info (12128): Elaborating entity "DC_blocker" for hierarchy "audio_out:audio_out|DC_blocker:dcb_l" File: /build/sys/audio_out.sv Line: 232
Info (12128): Elaborating entity "aud_mix_top" for hierarchy "audio_out:audio_out|aud_mix_top:audmix_l" File: /build/sys/audio_out.sv Line: 260
Info (12128): Elaborating entity "alsa" for hierarchy "alsa:alsa" File: /build/sys/sys_top.v Line: 1656
Info (12128): Elaborating entity "sync_fix" for hierarchy "sync_fix:sync_v" File: /build/sys/sys_top.v Line: 1707
Info (12128): Elaborating entity "emu" for hierarchy "emu:emu" File: /build/sys/sys_top.v Line: 1876
Info (12128): Elaborating entity "hps_io" for hierarchy "emu:emu|hps_io:hps_io" File: /build/VTG9000.sv Line: 98
Info (10264): Verilog HDL Case Statement information at hps_io.sv(417): all case item expressions in this case statement are onehot File: /build/sys/hps_io.sv Line: 417
Info (10264): Verilog HDL Case Statement information at hps_io.sv(446): all case item expressions in this case statement are onehot File: /build/sys/hps_io.sv Line: 446
Info (12128): Elaborating entity "video_calc" for hierarchy "emu:emu|hps_io:hps_io|video_calc:video_calc" File: /build/sys/hps_io.sv Line: 236
Info (12128): Elaborating entity "pll" for hierarchy "emu:emu|pll:pll" File: /build/VTG9000.sv Line: 107
Info (12128): Elaborating entity "pll_0002" for hierarchy "emu:emu|pll:pll|pll_0002:pll_inst" File: /build/rtl/pll.v Line: 20
Info (12128): Elaborating entity "altera_pll" for hierarchy "emu:emu|pll:pll|pll_0002:pll_inst|altera_pll:altera_pll_i" File: /build/rtl/pll/pll_0002.v Line: 85
Info (10008): Verilog HDL or VHDL information: EDA Netlist Writer cannot regroup multidimensional array "wire_to_nowhere_64" into its bus
Info (12130): Elaborated megafunction instantiation "emu:emu|pll:pll|pll_0002:pll_inst|altera_pll:altera_pll_i" File: /build/rtl/pll/pll_0002.v Line: 85
Info (12133): Instantiated megafunction "emu:emu|pll:pll|pll_0002:pll_inst|altera_pll:altera_pll_i" with the following parameter: File: /build/rtl/pll/pll_0002.v Line: 85
    Info (12134): Parameter "fractional_vco_multiplier" = "false"
    Info (12134): Parameter "reference_clock_frequency" = "50.0 MHz"
    Info (12134): Parameter "operation_mode" = "direct"
    Info (12134): Parameter "number_of_clocks" = "1"
    Info (12134): Parameter "output_clock_frequency0" = "27.000000 MHz"
    Info (12134): Parameter "phase_shift0" = "0 ps"
    Info (12134): Parameter "duty_cycle0" = "50"
    Info (12134): Parameter "output_clock_frequency1" = "0 MHz"
    Info (12134): Parameter "phase_shift1" = "0 ps"
    Info (12134): Parameter "duty_cycle1" = "50"
    Info (12134): Parameter "output_clock_frequency2" = "0 MHz"
    Info (12134): Parameter "phase_shift2" = "0 ps"
    Info (12134): Parameter "duty_cycle2" = "50"
    Info (12134): Parameter "output_clock_frequency3" = "0 MHz"
    Info (12134): Parameter "phase_shift3" = "0 ps"
    Info (12134): Parameter "duty_cycle3" = "50"
    Info (12134): Parameter "output_clock_frequency4" = "0 MHz"
    Info (12134): Parameter "phase_shift4" = "0 ps"
    Info (12134): Parameter "duty_cycle4" = "50"
    Info (12134): Parameter "output_clock_frequency5" = "0 MHz"
    Info (12134): Parameter "phase_shift5" = "0 ps"
    Info (12134): Parameter "duty_cycle5" = "50"
    Info (12134): Parameter "output_clock_frequency6" = "0 MHz"
    Info (12134): Parameter "phase_shift6" = "0 ps"
    Info (12134): Parameter "duty_cycle6" = "50"
    Info (12134): Parameter "output_clock_frequency7" = "0 MHz"
    Info (12134): Parameter "phase_shift7" = "0 ps"
    Info (12134): Parameter "duty_cycle7" = "50"
    Info (12134): Parameter "output_clock_frequency8" = "0 MHz"
    Info (12134): Parameter "phase_shift8" = "0 ps"
    Info (12134): Parameter "duty_cycle8" = "50"
    Info (12134): Parameter "output_clock_frequency9" = "0 MHz"
    Info (12134): Parameter "phase_shift9" = "0 ps"
    Info (12134): Parameter "duty_cycle9" = "50"
    Info (12134): Parameter "output_clock_frequency10" = "0 MHz"
    Info (12134): Parameter "phase_shift10" = "0 ps"
    Info (12134): Parameter "duty_cycle10" = "50"
    Info (12134): Parameter "output_clock_frequency11" = "0 MHz"
    Info (12134): Parameter "phase_shift11" = "0 ps"
    Info (12134): Parameter "duty_cycle11" = "50"
    Info (12134): Parameter "output_clock_frequency12" = "0 MHz"
    Info (12134): Parameter "phase_shift12" = "0 ps"
    Info (12134): Parameter "duty_cycle12" = "50"
    Info (12134): Parameter "output_clock_frequency13" = "0 MHz"
    Info (12134): Parameter "phase_shift13" = "0 ps"
    Info (12134): Parameter "duty_cycle13" = "50"
    Info (12134): Parameter "output_clock_frequency14" = "0 MHz"
    Info (12134): Parameter "phase_shift14" = "0 ps"
    Info (12134): Parameter "duty_cycle14" = "50"
    Info (12134): Parameter "output_clock_frequency15" = "0 MHz"
    Info (12134): Parameter "phase_shift15" = "0 ps"
    Info (12134): Parameter "duty_cycle15" = "50"
    Info (12134): Parameter "output_clock_frequency16" = "0 MHz"
    Info (12134): Parameter "phase_shift16" = "0 ps"
    Info (12134): Parameter "duty_cycle16" = "50"
    Info (12134): Parameter "output_clock_frequency17" = "0 MHz"
    Info (12134): Parameter "phase_shift17" = "0 ps"
    Info (12134): Parameter "duty_cycle17" = "50"
    Info (12134): Parameter "pll_type" = "General"
    Info (12134): Parameter "pll_subtype" = "General"
Info (12128): Elaborating entity "vtg_controls" for hierarchy "emu:emu|vtg_controls:controls" File: /build/VTG9000.sv Line: 148
Info (12128): Elaborating entity "vtg9000_core" for hierarchy "emu:emu|vtg9000_core:core" File: /build/VTG9000.sv Line: 173
Info (12128): Elaborating entity "vtg_raster" for hierarchy "emu:emu|vtg9000_core:core|vtg_raster:raster" File: /build/rtl/vtg9000_core.sv Line: 54
Info (12128): Elaborating entity "vtg_patterns" for hierarchy "emu:emu|vtg9000_core:core|vtg_patterns:patterns" File: /build/rtl/vtg9000_core.sv Line: 69
Warning (14284): Synthesized away the following node(s):
    Warning (14285): Synthesized away the following LCELL buffer node(s):
        Warning (14320): Synthesized away node "pll_hdmi:pll_hdmi|pll_hdmi_0002:pll_hdmi_inst|altera_pll:altera_pll_i|cntsel_temp[4]" File: /opt/intelFPGA_lite/quartus/libraries/megafunctions/altera_pll.v Line: 425
        Warning (14320): Synthesized away node "pll_hdmi:pll_hdmi|pll_hdmi_0002:pll_hdmi_inst|altera_pll:altera_pll_i|cntsel_temp[3]" File: /opt/intelFPGA_lite/quartus/libraries/megafunctions/altera_pll.v Line: 425
        Warning (14320): Synthesized away node "pll_hdmi:pll_hdmi|pll_hdmi_0002:pll_hdmi_inst|altera_pll:altera_pll_i|cntsel_temp[2]" File: /opt/intelFPGA_lite/quartus/libraries/megafunctions/altera_pll.v Line: 425
        Warning (14320): Synthesized away node "pll_hdmi:pll_hdmi|pll_hdmi_0002:pll_hdmi_inst|altera_pll:altera_pll_i|cntsel_temp[1]" File: /opt/intelFPGA_lite/quartus/libraries/megafunctions/altera_pll.v Line: 425
        Warning (14320): Synthesized away node "pll_hdmi:pll_hdmi|pll_hdmi_0002:pll_hdmi_inst|altera_pll:altera_pll_i|cntsel_temp[0]" File: /opt/intelFPGA_lite/quartus/libraries/megafunctions/altera_pll.v Line: 425
        Warning (14320): Synthesized away node "pll_hdmi:pll_hdmi|pll_hdmi_0002:pll_hdmi_inst|altera_pll:altera_pll_i|gnd" File: /opt/intelFPGA_lite/quartus/libraries/megafunctions/altera_pll.v Line: 427
Info (19018): Gated clocks are found and converted to use clock enables
    Info (19019): Convert gated clock comb~synth
Info (286030): Timing-Driven Synthesis is running
Info (276014): Found 1 instances of uninferred RAM logic
    Info (276004): RAM logic "emu:emu|vtg9000_core:core|vtg_patterns:patterns|Ram0" is uninferred due to inappropriate RAM size File: /build/rtl/vtg_patterns.sv Line: 62
Warning (13046): Tri-state node(s) do not directly drive top-level pin(s)
    Warning (13049): Converted tri-state buffer "emu:emu|SD_CS" feeding internal logic into a wire File: /build/sys/emu_ports.vh Line: 95
Info (19000): Inferred 14 megafunctions from design logic
    Info (276029): Inferred altsyncram megafunction from the following design logic: "osd:vga_osd|osd_buffer_rtl_0" 
        Info (286033): Parameter OPERATION_MODE set to DUAL_PORT
        Info (286033): Parameter WIDTH_A set to 8
        Info (286033): Parameter WIDTHAD_A set to 12
        Info (286033): Parameter NUMWORDS_A set to 4096
        Info (286033): Parameter WIDTH_B set to 8
        Info (286033): Parameter WIDTHAD_B set to 12
        Info (286033): Parameter NUMWORDS_B set to 4096
        Info (286033): Parameter ADDRESS_ACLR_A set to NONE
        Info (286033): Parameter OUTDATA_REG_B set to UNREGISTERED
        Info (286033): Parameter ADDRESS_ACLR_B set to NONE
        Info (286033): Parameter OUTDATA_ACLR_B set to NONE
        Info (286033): Parameter ADDRESS_REG_B set to CLOCK0
        Info (286033): Parameter INDATA_ACLR_A set to NONE
        Info (286033): Parameter WRCONTROL_ACLR_A set to NONE
        Info (286033): Parameter RDCONTROL_REG_B set to CLOCK0
    Info (276029): Inferred altsyncram megafunction from the following design logic: "osd:hdmi_osd|osd_buffer_rtl_0" 
        Info (286033): Parameter OPERATION_MODE set to DUAL_PORT
        Info (286033): Parameter WIDTH_A set to 8
        Info (286033): Parameter WIDTHAD_A set to 12
        Info (286033): Parameter NUMWORDS_A set to 4096
        Info (286033): Parameter WIDTH_B set to 8
        Info (286033): Parameter WIDTHAD_B set to 12
        Info (286033): Parameter NUMWORDS_B set to 4096
        Info (286033): Parameter ADDRESS_ACLR_A set to NONE
        Info (286033): Parameter OUTDATA_REG_B set to UNREGISTERED
        Info (286033): Parameter ADDRESS_ACLR_B set to NONE
        Info (286033): Parameter OUTDATA_ACLR_B set to NONE
        Info (286033): Parameter ADDRESS_REG_B set to CLOCK1
        Info (286033): Parameter INDATA_ACLR_A set to NONE
        Info (286033): Parameter WRCONTROL_ACLR_A set to NONE
    Info (276029): Inferred altsyncram megafunction from the following design logic: "shadowmask:HDMI_shadowmask|mask_lut_rtl_0" 
        Info (286033): Parameter OPERATION_MODE set to DUAL_PORT
        Info (286033): Parameter WIDTH_A set to 11
        Info (286033): Parameter WIDTHAD_A set to 8
        Info (286033): Parameter NUMWORDS_A set to 256
        Info (286033): Parameter WIDTH_B set to 11
        Info (286033): Parameter WIDTHAD_B set to 8
        Info (286033): Parameter NUMWORDS_B set to 256
        Info (286033): Parameter ADDRESS_ACLR_A set to NONE
        Info (286033): Parameter OUTDATA_REG_B set to UNREGISTERED
        Info (286033): Parameter ADDRESS_ACLR_B set to NONE
        Info (286033): Parameter OUTDATA_ACLR_B set to NONE
        Info (286033): Parameter ADDRESS_REG_B set to CLOCK1
        Info (286033): Parameter INDATA_ACLR_A set to NONE
        Info (286033): Parameter WRCONTROL_ACLR_A set to NONE
    Info (276029): Inferred altsyncram megafunction from the following design logic: "ascal:ascal|i_dpram_rtl_0" 
        Info (286033): Parameter OPERATION_MODE set to DUAL_PORT
        Info (286033): Parameter WIDTH_A set to 128
        Info (286033): Parameter WIDTHAD_A set to 5
        Info (286033): Parameter NUMWORDS_A set to 32
        Info (286033): Parameter WIDTH_B set to 128
        Info (286033): Parameter WIDTHAD_B set to 5
        Info (286033): Parameter NUMWORDS_B set to 32
        Info (286033): Parameter ADDRESS_ACLR_A set to NONE
        Info (286033): Parameter OUTDATA_REG_B set to UNREGISTERED
        Info (286033): Parameter ADDRESS_ACLR_B set to NONE
        Info (286033): Parameter OUTDATA_ACLR_B set to NONE
        Info (286033): Parameter ADDRESS_REG_B set to CLOCK1
        Info (286033): Parameter INDATA_ACLR_A set to NONE
        Info (286033): Parameter WRCONTROL_ACLR_A set to NONE
    Info (276029): Inferred altsyncram megafunction from the following design logic: "ascal:ascal|pal1_mem_rtl_0" 
        Info (286033): Parameter OPERATION_MODE set to DUAL_PORT
        Info (286033): Parameter WIDTH_A set to 48
        Info (286033): Parameter WIDTHAD_A set to 7
        Info (286033): Parameter NUMWORDS_A set to 128
        Info (286033): Parameter WIDTH_B set to 48
        Info (286033): Parameter WIDTHAD_B set to 7
        Info (286033): Parameter NUMWORDS_B set to 128
        Info (286033): Parameter ADDRESS_ACLR_A set to NONE
        Info (286033): Parameter OUTDATA_REG_B set to UNREGISTERED
        Info (286033): Parameter ADDRESS_ACLR_B set to NONE
        Info (286033): Parameter OUTDATA_ACLR_B set to NONE
        Info (286033): Parameter ADDRESS_REG_B set to CLOCK1
        Info (286033): Parameter INDATA_ACLR_A set to NONE
        Info (286033): Parameter WRCONTROL_ACLR_A set to NONE
    Info (276029): Inferred altsyncram megafunction from the following design logic: "ascal:ascal|o_dpram_rtl_0" 
        Info (286033): Parameter OPERATION_MODE set to DUAL_PORT
        Info (286033): Parameter WIDTH_A set to 128
        Info (286033): Parameter WIDTHAD_A set to 5
        Info (286033): Parameter NUMWORDS_A set to 32
        Info (286033): Parameter WIDTH_B set to 128
        Info (286033): Parameter WIDTHAD_B set to 5
        Info (286033): Parameter NUMWORDS_B set to 32
        Info (286033): Parameter ADDRESS_ACLR_A set to NONE
        Info (286033): Parameter OUTDATA_REG_B set to CLOCK1
        Info (286033): Parameter ADDRESS_ACLR_B set to NONE
        Info (286033): Parameter OUTDATA_ACLR_B set to NONE
        Info (286033): Parameter ADDRESS_REG_B set to CLOCK1
        Info (286033): Parameter INDATA_ACLR_A set to NONE
        Info (286033): Parameter WRCONTROL_ACLR_A set to NONE
    Info (276029): Inferred altsyncram megafunction from the following design logic: "ascal:ascal|o_h_poly_mem_rtl_0" 
        Info (286033): Parameter OPERATION_MODE set to DUAL_PORT
        Info (286033): Parameter WIDTH_A set to 40
        Info (286033): Parameter WIDTHAD_A set to 8
        Info (286033): Parameter NUMWORDS_A set to 256
        Info (286033): Parameter WIDTH_B set to 40
        Info (286033): Parameter WIDTHAD_B set to 8
        Info (286033): Parameter NUMWORDS_B set to 256
        Info (286033): Parameter ADDRESS_ACLR_A set to NONE
        Info (286033): Parameter OUTDATA_REG_B set to UNREGISTERED
        Info (286033): Parameter ADDRESS_ACLR_B set to NONE
        Info (286033): Parameter OUTDATA_ACLR_B set to NONE
        Info (286033): Parameter ADDRESS_REG_B set to CLOCK1
        Info (286033): Parameter INDATA_ACLR_A set to NONE
        Info (286033): Parameter WRCONTROL_ACLR_A set to NONE
    Info (276029): Inferred altsyncram megafunction from the following design logic: "ascal:ascal|o_v_poly_mem_rtl_0" 
        Info (286033): Parameter OPERATION_MODE set to DUAL_PORT
        Info (286033): Parameter WIDTH_A set to 40
        Info (286033): Parameter WIDTHAD_A set to 8
        Info (286033): Parameter NUMWORDS_A set to 256
        Info (286033): Parameter WIDTH_B set to 40
        Info (286033): Parameter WIDTHAD_B set to 8
        Info (286033): Parameter NUMWORDS_B set to 256
        Info (286033): Parameter ADDRESS_ACLR_A set to NONE
        Info (286033): Parameter OUTDATA_REG_B set to UNREGISTERED
        Info (286033): Parameter ADDRESS_ACLR_B set to NONE
        Info (286033): Parameter OUTDATA_ACLR_B set to NONE
        Info (286033): Parameter ADDRESS_REG_B set to CLOCK1
        Info (286033): Parameter INDATA_ACLR_A set to NONE
        Info (286033): Parameter WRCONTROL_ACLR_A set to NONE
    Info (276029): Inferred altsyncram megafunction from the following design logic: "ascal:ascal|o_a_poly_mem_rtl_0" 
        Info (286033): Parameter OPERATION_MODE set to DUAL_PORT
        Info (286033): Parameter WIDTH_A set to 40
        Info (286033): Parameter WIDTHAD_A set to 8
        Info (286033): Parameter NUMWORDS_A set to 256
        Info (286033): Parameter WIDTH_B set to 40
        Info (286033): Parameter WIDTHAD_B set to 8
        Info (286033): Parameter NUMWORDS_B set to 256
        Info (286033): Parameter ADDRESS_ACLR_A set to NONE
        Info (286033): Parameter OUTDATA_REG_B set to UNREGISTERED
        Info (286033): Parameter ADDRESS_ACLR_B set to NONE
        Info (286033): Parameter OUTDATA_ACLR_B set to NONE
        Info (286033): Parameter ADDRESS_REG_B set to CLOCK1
        Info (286033): Parameter INDATA_ACLR_A set to NONE
        Info (286033): Parameter WRCONTROL_ACLR_A set to NONE
    Info (276034): Inferred altshift_taps megafunction from the following design logic: "yc_out:yc_out|luma_d0_rtl_0"
        Info (286033): Parameter NUMBER_OF_TAPS set to 1
        Info (286033): Parameter TAP_DISTANCE set to 5
        Info (286033): Parameter WIDTH set to 8
        Info (286033): Parameter POWER_UP_STATE set to DONT_CARE
    Info (276034): Inferred altshift_taps megafunction from the following design logic: "shadowmask:HDMI_shadowmask|vid_rtl_0"
        Info (286033): Parameter NUMBER_OF_TAPS set to 1
        Info (286033): Parameter TAP_DISTANCE set to 4
        Info (286033): Parameter WIDTH set to 81
        Info (286033): Parameter POWER_UP_STATE set to DONT_CARE
    Info (276034): Inferred altshift_taps megafunction from the following design logic: "ascal:ascal|o_vpix_inner[2].r_rtl_0"
        Info (286033): Parameter NUMBER_OF_TAPS set to 1
        Info (286033): Parameter TAP_DISTANCE set to 4
        Info (286033): Parameter WIDTH set to 24
        Info (286033): Parameter POWER_UP_STATE set to DONT_CARE
    Info (276034): Inferred altshift_taps megafunction from the following design logic: "dv_d1_rtl_0"
        Info (286033): Parameter NUMBER_OF_TAPS set to 1
        Info (286033): Parameter TAP_DISTANCE set to 3
        Info (286033): Parameter WIDTH set to 50
        Info (286033): Parameter POWER_UP_STATE set to DONT_CARE
    Info (276034): Inferred altshift_taps megafunction from the following design logic: "vga_out:vga_scaler_out|din1_rtl_0"
        Info (286033): Parameter NUMBER_OF_TAPS set to 1
        Info (286033): Parameter TAP_DISTANCE set to 3
        Info (286033): Parameter WIDTH set to 31
        Info (286033): Parameter POWER_UP_STATE set to DONT_CARE
Info (278001): Inferred 3 megafunctions from design logic
    Info (278004): Inferred divider/modulo megafunction ("lpm_divide") from the following logic: "emu:emu|vtg9000_core:core|vtg_patterns:patterns|Div0" File: /build/rtl/vtg_patterns.sv Line: 220
    Info (278004): Inferred divider/modulo megafunction ("lpm_divide") from the following logic: "emu:emu|vtg9000_core:core|vtg_patterns:patterns|Mod0" File: /build/rtl/vtg_patterns.sv Line: 211
    Info (278004): Inferred divider/modulo megafunction ("lpm_divide") from the following logic: "emu:emu|vtg9000_core:core|vtg_patterns:patterns|Mod1" File: /build/rtl/vtg_patterns.sv Line: 211
Info (12130): Elaborated megafunction instantiation "osd:vga_osd|altsyncram:osd_buffer_rtl_0"
Info (12133): Instantiated megafunction "osd:vga_osd|altsyncram:osd_buffer_rtl_0" with the following parameter:
    Info (12134): Parameter "OPERATION_MODE" = "DUAL_PORT"
    Info (12134): Parameter "WIDTH_A" = "8"
    Info (12134): Parameter "WIDTHAD_A" = "12"
    Info (12134): Parameter "NUMWORDS_A" = "4096"
    Info (12134): Parameter "WIDTH_B" = "8"
    Info (12134): Parameter "WIDTHAD_B" = "12"
    Info (12134): Parameter "NUMWORDS_B" = "4096"
    Info (12134): Parameter "ADDRESS_ACLR_A" = "NONE"
    Info (12134): Parameter "OUTDATA_REG_B" = "UNREGISTERED"
    Info (12134): Parameter "ADDRESS_ACLR_B" = "NONE"
    Info (12134): Parameter "OUTDATA_ACLR_B" = "NONE"
    Info (12134): Parameter "ADDRESS_REG_B" = "CLOCK0"
    Info (12134): Parameter "INDATA_ACLR_A" = "NONE"
    Info (12134): Parameter "WRCONTROL_ACLR_A" = "NONE"
    Info (12134): Parameter "RDCONTROL_REG_B" = "CLOCK0"
Info (12021): Found 1 design units, including 1 entities, in source file db/altsyncram_0nl1.tdf
    Info (12023): Found entity 1: altsyncram_0nl1 File: /build/db/altsyncram_0nl1.tdf Line: 28
Info (12130): Elaborated megafunction instantiation "osd:hdmi_osd|altsyncram:osd_buffer_rtl_0"
Info (12133): Instantiated megafunction "osd:hdmi_osd|altsyncram:osd_buffer_rtl_0" with the following parameter:
    Info (12134): Parameter "OPERATION_MODE" = "DUAL_PORT"
    Info (12134): Parameter "WIDTH_A" = "8"
    Info (12134): Parameter "WIDTHAD_A" = "12"
    Info (12134): Parameter "NUMWORDS_A" = "4096"
    Info (12134): Parameter "WIDTH_B" = "8"
    Info (12134): Parameter "WIDTHAD_B" = "12"
    Info (12134): Parameter "NUMWORDS_B" = "4096"
    Info (12134): Parameter "ADDRESS_ACLR_A" = "NONE"
    Info (12134): Parameter "OUTDATA_REG_B" = "UNREGISTERED"
    Info (12134): Parameter "ADDRESS_ACLR_B" = "NONE"
    Info (12134): Parameter "OUTDATA_ACLR_B" = "NONE"
    Info (12134): Parameter "ADDRESS_REG_B" = "CLOCK1"
    Info (12134): Parameter "INDATA_ACLR_A" = "NONE"
    Info (12134): Parameter "WRCONTROL_ACLR_A" = "NONE"
Info (12021): Found 1 design units, including 1 entities, in source file db/altsyncram_i6k1.tdf
    Info (12023): Found entity 1: altsyncram_i6k1 File: /build/db/altsyncram_i6k1.tdf Line: 28
Info (12130): Elaborated megafunction instantiation "shadowmask:HDMI_shadowmask|altsyncram:mask_lut_rtl_0"
Info (12133): Instantiated megafunction "shadowmask:HDMI_shadowmask|altsyncram:mask_lut_rtl_0" with the following parameter:
    Info (12134): Parameter "OPERATION_MODE" = "DUAL_PORT"
    Info (12134): Parameter "WIDTH_A" = "11"
    Info (12134): Parameter "WIDTHAD_A" = "8"
    Info (12134): Parameter "NUMWORDS_A" = "256"
    Info (12134): Parameter "WIDTH_B" = "11"
    Info (12134): Parameter "WIDTHAD_B" = "8"
    Info (12134): Parameter "NUMWORDS_B" = "256"
    Info (12134): Parameter "ADDRESS_ACLR_A" = "NONE"
    Info (12134): Parameter "OUTDATA_REG_B" = "UNREGISTERED"
    Info (12134): Parameter "ADDRESS_ACLR_B" = "NONE"
    Info (12134): Parameter "OUTDATA_ACLR_B" = "NONE"
    Info (12134): Parameter "ADDRESS_REG_B" = "CLOCK1"
    Info (12134): Parameter "INDATA_ACLR_A" = "NONE"
    Info (12134): Parameter "WRCONTROL_ACLR_A" = "NONE"
Info (12021): Found 1 design units, including 1 entities, in source file db/altsyncram_k9j1.tdf
    Info (12023): Found entity 1: altsyncram_k9j1 File: /build/db/altsyncram_k9j1.tdf Line: 28
Info (12130): Elaborated megafunction instantiation "ascal:ascal|altsyncram:o_dpram_rtl_0"
Info (12133): Instantiated megafunction "ascal:ascal|altsyncram:o_dpram_rtl_0" with the following parameter:
    Info (12134): Parameter "OPERATION_MODE" = "DUAL_PORT"
    Info (12134): Parameter "WIDTH_A" = "128"
    Info (12134): Parameter "WIDTHAD_A" = "5"
    Info (12134): Parameter "NUMWORDS_A" = "32"
    Info (12134): Parameter "WIDTH_B" = "128"
    Info (12134): Parameter "WIDTHAD_B" = "5"
    Info (12134): Parameter "NUMWORDS_B" = "32"
    Info (12134): Parameter "ADDRESS_ACLR_A" = "NONE"
    Info (12134): Parameter "OUTDATA_REG_B" = "CLOCK1"
    Info (12134): Parameter "ADDRESS_ACLR_B" = "NONE"
    Info (12134): Parameter "OUTDATA_ACLR_B" = "NONE"
    Info (12134): Parameter "ADDRESS_REG_B" = "CLOCK1"
    Info (12134): Parameter "INDATA_ACLR_A" = "NONE"
    Info (12134): Parameter "WRCONTROL_ACLR_A" = "NONE"
Info (12021): Found 1 design units, including 1 entities, in source file db/altsyncram_32k1.tdf
    Info (12023): Found entity 1: altsyncram_32k1 File: /build/db/altsyncram_32k1.tdf Line: 28
Info (12130): Elaborated megafunction instantiation "yc_out:yc_out|altshift_taps:luma_d0_rtl_0"
Info (12133): Instantiated megafunction "yc_out:yc_out|altshift_taps:luma_d0_rtl_0" with the following parameter:
    Info (12134): Parameter "NUMBER_OF_TAPS" = "1"
    Info (12134): Parameter "TAP_DISTANCE" = "5"
    Info (12134): Parameter "WIDTH" = "8"
    Info (12134): Parameter "POWER_UP_STATE" = "DONT_CARE"
Info (12021): Found 1 design units, including 1 entities, in source file db/shift_taps_gtu.tdf
    Info (12023): Found entity 1: shift_taps_gtu File: /build/db/shift_taps_gtu.tdf Line: 27
Info (12021): Found 1 design units, including 1 entities, in source file db/altsyncram_ro91.tdf
    Info (12023): Found entity 1: altsyncram_ro91 File: /build/db/altsyncram_ro91.tdf Line: 28
Info (12021): Found 1 design units, including 1 entities, in source file db/cntr_rhf.tdf
    Info (12023): Found entity 1: cntr_rhf File: /build/db/cntr_rhf.tdf Line: 28
Info (12021): Found 1 design units, including 1 entities, in source file db/cmpr_b9c.tdf
    Info (12023): Found entity 1: cmpr_b9c File: /build/db/cmpr_b9c.tdf Line: 23
Info (12130): Elaborated megafunction instantiation "shadowmask:HDMI_shadowmask|altshift_taps:vid_rtl_0"
Info (12133): Instantiated megafunction "shadowmask:HDMI_shadowmask|altshift_taps:vid_rtl_0" with the following parameter:
    Info (12134): Parameter "NUMBER_OF_TAPS" = "1"
    Info (12134): Parameter "TAP_DISTANCE" = "4"
    Info (12134): Parameter "WIDTH" = "81"
    Info (12134): Parameter "POWER_UP_STATE" = "DONT_CARE"
Info (12021): Found 1 design units, including 1 entities, in source file db/shift_taps_0vu.tdf
    Info (12023): Found entity 1: shift_taps_0vu File: /build/db/shift_taps_0vu.tdf Line: 27
Info (12021): Found 1 design units, including 1 entities, in source file db/altsyncram_pr91.tdf
    Info (12023): Found entity 1: altsyncram_pr91 File: /build/db/altsyncram_pr91.tdf Line: 28
Info (12021): Found 1 design units, including 1 entities, in source file db/cntr_phf.tdf
    Info (12023): Found entity 1: cntr_phf File: /build/db/cntr_phf.tdf Line: 26
Info (12130): Elaborated megafunction instantiation "altshift_taps:dv_d1_rtl_0"
Info (12133): Instantiated megafunction "altshift_taps:dv_d1_rtl_0" with the following parameter:
    Info (12134): Parameter "NUMBER_OF_TAPS" = "1"
    Info (12134): Parameter "TAP_DISTANCE" = "3"
    Info (12134): Parameter "WIDTH" = "50"
    Info (12134): Parameter "POWER_UP_STATE" = "DONT_CARE"
Info (12021): Found 1 design units, including 1 entities, in source file db/shift_taps_ruu.tdf
    Info (12023): Found entity 1: shift_taps_ruu File: /build/db/shift_taps_ruu.tdf Line: 27
Info (12021): Found 1 design units, including 1 entities, in source file db/altsyncram_fr91.tdf
    Info (12023): Found entity 1: altsyncram_fr91 File: /build/db/altsyncram_fr91.tdf Line: 28
Info (12021): Found 1 design units, including 1 entities, in source file db/cntr_ohf.tdf
    Info (12023): Found entity 1: cntr_ohf File: /build/db/cntr_ohf.tdf Line: 28
Info (12021): Found 1 design units, including 1 entities, in source file db/cmpr_a9c.tdf
    Info (12023): Found entity 1: cmpr_a9c File: /build/db/cmpr_a9c.tdf Line: 23
Info (12130): Elaborated megafunction instantiation "ascal:ascal|altsyncram:i_dpram_rtl_0"
Info (12133): Instantiated megafunction "ascal:ascal|altsyncram:i_dpram_rtl_0" with the following parameter:
    Info (12134): Parameter "OPERATION_MODE" = "DUAL_PORT"
    Info (12134): Parameter "WIDTH_A" = "128"
    Info (12134): Parameter "WIDTHAD_A" = "5"
    Info (12134): Parameter "NUMWORDS_A" = "32"
    Info (12134): Parameter "WIDTH_B" = "128"
    Info (12134): Parameter "WIDTHAD_B" = "5"
    Info (12134): Parameter "NUMWORDS_B" = "32"
    Info (12134): Parameter "ADDRESS_ACLR_A" = "NONE"
    Info (12134): Parameter "OUTDATA_REG_B" = "UNREGISTERED"
    Info (12134): Parameter "ADDRESS_ACLR_B" = "NONE"
    Info (12134): Parameter "OUTDATA_ACLR_B" = "NONE"
    Info (12134): Parameter "ADDRESS_REG_B" = "CLOCK1"
    Info (12134): Parameter "INDATA_ACLR_A" = "NONE"
    Info (12134): Parameter "WRCONTROL_ACLR_A" = "NONE"
Info (12021): Found 1 design units, including 1 entities, in source file db/altsyncram_g9j1.tdf
    Info (12023): Found entity 1: altsyncram_g9j1 File: /build/db/altsyncram_g9j1.tdf Line: 28
Info (12130): Elaborated megafunction instantiation "ascal:ascal|altsyncram:o_v_poly_mem_rtl_0"
Info (12133): Instantiated megafunction "ascal:ascal|altsyncram:o_v_poly_mem_rtl_0" with the following parameter:
    Info (12134): Parameter "OPERATION_MODE" = "DUAL_PORT"
    Info (12134): Parameter "WIDTH_A" = "40"
    Info (12134): Parameter "WIDTHAD_A" = "8"
    Info (12134): Parameter "NUMWORDS_A" = "256"
    Info (12134): Parameter "WIDTH_B" = "40"
    Info (12134): Parameter "WIDTHAD_B" = "8"
    Info (12134): Parameter "NUMWORDS_B" = "256"
    Info (12134): Parameter "ADDRESS_ACLR_A" = "NONE"
    Info (12134): Parameter "OUTDATA_REG_B" = "UNREGISTERED"
    Info (12134): Parameter "ADDRESS_ACLR_B" = "NONE"
    Info (12134): Parameter "OUTDATA_ACLR_B" = "NONE"
    Info (12134): Parameter "ADDRESS_REG_B" = "CLOCK1"
    Info (12134): Parameter "INDATA_ACLR_A" = "NONE"
    Info (12134): Parameter "WRCONTROL_ACLR_A" = "NONE"
Info (12021): Found 1 design units, including 1 entities, in source file db/altsyncram_o9j1.tdf
    Info (12023): Found entity 1: altsyncram_o9j1 File: /build/db/altsyncram_o9j1.tdf Line: 28
Info (12130): Elaborated megafunction instantiation "ascal:ascal|altsyncram:pal1_mem_rtl_0"
Info (12133): Instantiated megafunction "ascal:ascal|altsyncram:pal1_mem_rtl_0" with the following parameter:
    Info (12134): Parameter "OPERATION_MODE" = "DUAL_PORT"
    Info (12134): Parameter "WIDTH_A" = "48"
    Info (12134): Parameter "WIDTHAD_A" = "7"
    Info (12134): Parameter "NUMWORDS_A" = "128"
    Info (12134): Parameter "WIDTH_B" = "48"
    Info (12134): Parameter "WIDTHAD_B" = "7"
    Info (12134): Parameter "NUMWORDS_B" = "128"
    Info (12134): Parameter "ADDRESS_ACLR_A" = "NONE"
    Info (12134): Parameter "OUTDATA_REG_B" = "UNREGISTERED"
    Info (12134): Parameter "ADDRESS_ACLR_B" = "NONE"
    Info (12134): Parameter "OUTDATA_ACLR_B" = "NONE"
    Info (12134): Parameter "ADDRESS_REG_B" = "CLOCK1"
    Info (12134): Parameter "INDATA_ACLR_A" = "NONE"
    Info (12134): Parameter "WRCONTROL_ACLR_A" = "NONE"
Info (12021): Found 1 design units, including 1 entities, in source file db/altsyncram_2aj1.tdf
    Info (12023): Found entity 1: altsyncram_2aj1 File: /build/db/altsyncram_2aj1.tdf Line: 28
Info (12130): Elaborated megafunction instantiation "vga_out:vga_scaler_out|altshift_taps:din1_rtl_0"
Info (12133): Instantiated megafunction "vga_out:vga_scaler_out|altshift_taps:din1_rtl_0" with the following parameter:
    Info (12134): Parameter "NUMBER_OF_TAPS" = "1"
    Info (12134): Parameter "TAP_DISTANCE" = "3"
    Info (12134): Parameter "WIDTH" = "31"
    Info (12134): Parameter "POWER_UP_STATE" = "DONT_CARE"
Info (12021): Found 1 design units, including 1 entities, in source file db/shift_taps_quu.tdf
    Info (12023): Found entity 1: shift_taps_quu File: /build/db/shift_taps_quu.tdf Line: 27
Info (12021): Found 1 design units, including 1 entities, in source file db/altsyncram_dr91.tdf
    Info (12023): Found entity 1: altsyncram_dr91 File: /build/db/altsyncram_dr91.tdf Line: 28
Info (12130): Elaborated megafunction instantiation "ascal:ascal|altshift_taps:o_vpix_inner[2].r_rtl_0"
Info (12133): Instantiated megafunction "ascal:ascal|altshift_taps:o_vpix_inner[2].r_rtl_0" with the following parameter:
    Info (12134): Parameter "NUMBER_OF_TAPS" = "1"
    Info (12134): Parameter "TAP_DISTANCE" = "4"
    Info (12134): Parameter "WIDTH" = "24"
    Info (12134): Parameter "POWER_UP_STATE" = "DONT_CARE"
Info (12021): Found 1 design units, including 1 entities, in source file db/shift_taps_agv.tdf
    Info (12023): Found entity 1: shift_taps_agv File: /build/db/shift_taps_agv.tdf Line: 27
Info (12021): Found 1 design units, including 1 entities, in source file db/altsyncram_jr91.tdf
    Info (12023): Found entity 1: altsyncram_jr91 File: /build/db/altsyncram_jr91.tdf Line: 28
Info (12130): Elaborated megafunction instantiation "emu:emu|vtg9000_core:core|vtg_patterns:patterns|lpm_divide:Div0" File: /build/rtl/vtg_patterns.sv Line: 220
Info (12133): Instantiated megafunction "emu:emu|vtg9000_core:core|vtg_patterns:patterns|lpm_divide:Div0" with the following parameter: File: /build/rtl/vtg_patterns.sv Line: 220
    Info (12134): Parameter "LPM_WIDTHN" = "12"
    Info (12134): Parameter "LPM_WIDTHD" = "6"
    Info (12134): Parameter "LPM_NREPRESENTATION" = "UNSIGNED"
    Info (12134): Parameter "LPM_DREPRESENTATION" = "UNSIGNED"
Info (12021): Found 1 design units, including 1 entities, in source file db/lpm_divide_ibm.tdf
    Info (12023): Found entity 1: lpm_divide_ibm File: /build/db/lpm_divide_ibm.tdf Line: 25
Info (12021): Found 1 design units, including 1 entities, in source file db/sign_div_unsign_olh.tdf
    Info (12023): Found entity 1: sign_div_unsign_olh File: /build/db/sign_div_unsign_olh.tdf Line: 25
Info (12021): Found 1 design units, including 1 entities, in source file db/alt_u_div_mve.tdf
    Info (12023): Found entity 1: alt_u_div_mve File: /build/db/alt_u_div_mve.tdf Line: 23
Info (12130): Elaborated megafunction instantiation "emu:emu|vtg9000_core:core|vtg_patterns:patterns|lpm_divide:Mod0" File: /build/rtl/vtg_patterns.sv Line: 211
Info (12133): Instantiated megafunction "emu:emu|vtg9000_core:core|vtg_patterns:patterns|lpm_divide:Mod0" with the following parameter: File: /build/rtl/vtg_patterns.sv Line: 211
    Info (12134): Parameter "LPM_WIDTHN" = "12"
    Info (12134): Parameter "LPM_WIDTHD" = "7"
    Info (12134): Parameter "LPM_NREPRESENTATION" = "UNSIGNED"
    Info (12134): Parameter "LPM_DREPRESENTATION" = "UNSIGNED"
Info (12021): Found 1 design units, including 1 entities, in source file db/lpm_divide_m3m.tdf
    Info (12023): Found entity 1: lpm_divide_m3m File: /build/db/lpm_divide_m3m.tdf Line: 25
Info (12021): Found 1 design units, including 1 entities, in source file db/sign_div_unsign_plh.tdf
    Info (12023): Found entity 1: sign_div_unsign_plh File: /build/db/sign_div_unsign_plh.tdf Line: 25
Info (12021): Found 1 design units, including 1 entities, in source file db/alt_u_div_ove.tdf
    Info (12023): Found entity 1: alt_u_div_ove File: /build/db/alt_u_div_ove.tdf Line: 23
Info (12130): Elaborated megafunction instantiation "emu:emu|vtg9000_core:core|vtg_patterns:patterns|lpm_divide:Mod1" File: /build/rtl/vtg_patterns.sv Line: 211
Info (12133): Instantiated megafunction "emu:emu|vtg9000_core:core|vtg_patterns:patterns|lpm_divide:Mod1" with the following parameter: File: /build/rtl/vtg_patterns.sv Line: 211
    Info (12134): Parameter "LPM_WIDTHN" = "12"
    Info (12134): Parameter "LPM_WIDTHD" = "7"
    Info (12134): Parameter "LPM_NREPRESENTATION" = "UNSIGNED"
    Info (12134): Parameter "LPM_DREPRESENTATION" = "UNSIGNED"
Warning (12241): 10 hierarchies have connectivity warnings - see the Connectivity Checks report folder
Info (17026): Resynthesizing 0 WYSIWYG logic cells and I/Os using "speed" technology mapper which leaves 7 WYSIWYG logic cells and I/Os untouched
Warning (13050): Open-drain buffer(s) that do not directly drive top-level pin(s) are removed
    Warning (13051): Converted the fanout from the open-drain buffer "emu:emu|SD_SCK" to the node "emu:emu|SD_SCK" into a wire File: /build/sys/emu_ports.vh Line: 92
    Warning (13051): Converted the fanout from the open-drain buffer "emu:emu|SD_MOSI" to the node "emu:emu|SD_MOSI" into a wire File: /build/sys/emu_ports.vh Line: 93
Warning (14284): Synthesized away the following node(s):
    Warning (14285): Synthesized away the following LCELL buffer node(s):
        Warning (14320): Synthesized away node "pll_cfg_hdmi:pll_cfg_hdmi|phase_done" File: /build/sys/pll_cfg/pll_cfg_hdmi.v Line: 165
Warning (13050): Open-drain buffer(s) that do not directly drive top-level pin(s) are removed
    Warning (13051): Converted the fanout from the open-drain buffer "HDMI_I2C_SCL" to the node "hdmi_scl_en" into a wire File: /build/sys/sys_top.v Line: 30
Info (17049): 894 registers lost all their fanouts during netlist optimizations.
Info (17016): Found the following redundant logic cells in design
    Info (17048): Logic cell "pll_cfg_hdmi:pll_cfg_hdmi|generic_lcell_comb:lcell_dprio_read|combout" File: /build/sys/pll_cfg/altera_pll_reconfig_core.v Line: 2179
    Info (17048): Logic cell "pll_cfg_hdmi:pll_cfg_hdmi|dyn_phase_shift:dyn_phase_shift_inst|generic_lcell_comb:lcell_cnt_sel_0|combout" File: /build/sys/pll_cfg/altera_pll_reconfig_core.v Line: 2179
    Info (17048): Logic cell "pll_cfg_hdmi:pll_cfg_hdmi|dyn_phase_shift:dyn_phase_shift_inst|generic_lcell_comb:lcell_cnt_sel_1|combout" File: /build/sys/pll_cfg/altera_pll_reconfig_core.v Line: 2179
    Info (17048): Logic cell "pll_cfg_hdmi:pll_cfg_hdmi|dyn_phase_shift:dyn_phase_shift_inst|generic_lcell_comb:lcell_cnt_sel_2|combout" File: /build/sys/pll_cfg/altera_pll_reconfig_core.v Line: 2179
    Info (17048): Logic cell "pll_cfg_hdmi:pll_cfg_hdmi|dyn_phase_shift:dyn_phase_shift_inst|generic_lcell_comb:lcell_cnt_sel_3|combout" File: /build/sys/pll_cfg/altera_pll_reconfig_core.v Line: 2179
    Info (17048): Logic cell "pll_cfg_hdmi:pll_cfg_hdmi|dyn_phase_shift:dyn_phase_shift_inst|generic_lcell_comb:lcell_cnt_sel_4|combout" File: /build/sys/pll_cfg/altera_pll_reconfig_core.v Line: 2179
    Info (17048): Logic cell "pll_cfg_hdmi:pll_cfg_hdmi|generic_lcell_comb:lcell_fpll_0_1|combout" File: /build/sys/pll_cfg/altera_pll_reconfig_core.v Line: 2179
    Info (17048): Logic cell "pll_cfg_hdmi:pll_cfg_hdmi|up_dn" File: /build/sys/pll_cfg/pll_cfg_hdmi.v Line: 167
    Info (17048): Logic cell "pll_cfg_hdmi:pll_cfg_hdmi|phase_en" File: /build/sys/pll_cfg/pll_cfg_hdmi.v Line: 166
    Info (17048): Logic cell "pll_cfg_hdmi:pll_cfg_hdmi|dprio_ser_shift_load" File: /build/sys/pll_cfg/pll_cfg_hdmi.v Line: 159
    Info (17048): Logic cell "pll_cfg_hdmi:pll_cfg_hdmi|dyn_phase_shift:dyn_phase_shift_inst|gnd" File: /build/sys/pll_cfg/altera_pll_reconfig_core.v Line: 1919
Info (144001): Generated suppressed messages file /build/output_files/VTG9000.map.smsg
Info (16010): Generating hard_block partition "hard_block:auto_generated_inst"
    Info (16011): Adding 39 node(s), including 2 DDIO, 2 PLL, 0 transceiver and 0 LCELL
Info (21057): Implemented 21449 device resources after synthesis - the final resource count might be different
    Info (21058): Implemented 16 input pins
    Info (21059): Implemented 97 output pins
    Info (21060): Implemented 32 bidirectional pins
    Info (21061): Implemented 20365 logic cells
    Info (21064): Implemented 861 RAM segments
    Info (21065): Implemented 2 PLLs
    Info (21062): Implemented 56 DSP elements
Info: Quartus Prime Analysis & Synthesis was successful. 0 errors, 19 warnings
    Info: Peak virtual memory: 3127 megabytes
    Info: Processing ended: Sat Sep  5 15:18:27 2026
    Info: Elapsed time: 00:02:21
    Info: Total CPU time (on all processors): 00:03:36


+------------------------------------------+
; Analysis & Synthesis Suppressed Messages ;
+------------------------------------------+
The suppressed messages can be found in /build/output_files/VTG9000.map.smsg.


